{"type":"FeatureCollection","features":[
{"type":"Feature","properties":{"kind":"disputed","min_zoom":0},"geometry":{"type":"LineString","coordinates":[[47.9782,7.9971],[48.2727,8.4434],[48.6167,8.9646],[48.9381,9.4517],[48.9382,9.9735],[48.9384,10.7142],[48.9385,11.2584]]}},
{"type":"Feature","properties":{"kind":"indefinite","min_zoom":0},"geometry":{"type":"LineString","coordinates":[[47.9782,7.9971],[47.4528,7.4905],[46.9712,7.026],[46.4229,6.4973],[45.935,5.9972],[45.4385,5.4554],[44.9405,4.912],[44.9116,4.8999],[44.0281,4.951],[43.8894,4.9308],[43.5383,4.8403],[43.334,4.7504],[43.1257,4.6445],[43.016,4.5633],[42.931,4.4453],[42.8948,4.3611],[42.7916,4.292],[42.3552,4.2123],[42.2284,4.2017],[42.0241,4.1379],[41.9153,4.0313],[41.884,3.9777]]}},
{"type":"Feature","properties":{"kind":"disputed","min_zoom":0},"geometry":{"type":"LineString","coordinates":[[34.2453,31.2083],[34.3483,31.2929],[34.3502,31.3628],[34.5256,31.5256],[34.4774,31.5848]]}},
{"type":"Feature","properties":{"kind":"disputed","min_zoom":0},"geometry":{"type":"LineString","coordinates":[[35.5515,32.3955],[35.4844,32.4016],[35.4026,32.4506],[35.3622,32.5075],[35.1932,32.5344],[35.0651,32.4604],[35.0105,32.3382],[34.9559,32.1609],[34.9898,31.9133],[34.9538,31.8413],[35.0532,31.838],[35.198,31.7763],[35.1534,31.7345],[35.0347,31.6732],[34.9509,31.6023],[34.8727,31.3969],[34.9078,31.3513],[35.1012,31.3662],[35.2767,31.4228],[35.4087,31.4829],[35.4505,31.4793]]}},
{"type":"Feature","properties":{"kind":"disputed","min_zoom":0},"geometry":{"type":"LineString","coordinates":[[35.1086,33.0837],[35.2233,33.092],[35.4113,33.0757],[35.4931,33.1195],[35.5325,33.2505],[35.6029,33.2406]]}},
{"type":"Feature","properties":{"kind":"control","min_zoom":0},"geometry":{"type":"LineString","coordinates":[[35.7873,32.7349],[35.8419,32.876],[35.888,32.9444],[35.859,32.9894],[35.8333,33.1637],[35.785,33.2911],[35.8407,33.4157]]}},
{"type":"Feature","properties":{"kind":"control","min_zoom":0},"geometry":{"type":"LineString","coordinates":[[34.0045,35.0653],[33.8664,35.0936],[33.7923,35.0482],[33.6754,35.0179],[33.5257,35.0387],[33.4638,35.0049],[33.4559,35.1014],[33.3838,35.1627],[33.2483,35.1569],[33.191,35.1731],[33.0775,35.1462],[32.9196,35.0878],[32.8694,35.0894],[32.7202,35.1454],[32.7127,35.1711]]}},
{"type":"Feature","properties":{"kind":"disputed","min_zoom":0},"geometry":{"type":"LineString","coordinates":[[77.7994,35.4959],[77.8949,35.449],[78.0095,35.4902],[78.0474,35.4494],[78.0092,35.3069],[78.0122,35.251],[78.0757,35.1349],[78.282,34.6539],[78.3269,34.6064],[78.6708,34.5182],[78.9364,34.352],[78.9701,34.3026],[78.9706,34.2282],[78.9318,34.1889],[78.7531,34.0877],[78.7266,34.0134],[78.7838,33.8088],[78.8018,33.4997],[78.9167,33.3868]]}},
{"type":"Feature","properties":{"kind":"control","min_zoom":0},"geometry":{"type":"LineString","coordinates":[[77.0486,35.1099],[77.0009,34.992],[76.7829,34.9002],[76.6963,34.7869],[76.5944,34.7359],[76.4568,34.7561],[76.1724,34.6677],[76.0411,34.6699],[75.8621,34.5603],[75.7092,34.5031],[75.6055,34.5028],[75.4525,34.5367],[75.3193,34.5824]]}},
{"type":"Feature","properties":{"kind":"disputed","min_zoom":0},"geometry":{"type":"LineString","coordinates":[[91.6319,27.76],[91.7126,27.7598],[91.9094,27.7297],[91.9777,27.7303],[92.1013,27.8076],[92.2701,27.8302],[92.4149,27.8246],[92.4807,27.8459],[92.6643,27.9489],[92.6874,28.0257],[92.6435,28.0615],[92.7019,28.1471],[92.8819,28.2281],[93.035,28.3277],[93.1709,28.3625],[93.1888,28.4339],[93.3605,28.6541],[93.6649,28.6902],[93.7608,28.7298],[93.8974,28.7427],[93.9736,28.8608],[94.2656,28.9693],[94.3054,29.0564],[94.2933,29.1446],[94.4681,29.2162],[94.623,29.3124],[94.7334,29.2516],[94.7694,29.1759],[94.9675,29.1441],[94.9989,29.1492],[95.2791,29.0495],[95.3531,29.0359],[95.4202,29.0543],[95.5169,29.1512],[95.5158,29.2063],[95.7136,29.2432],[95.7683,29.3387],[96.1285,29.3814],[96.1948,29.2725],[96.235,29.2458],[96.3372,29.261],[96.3397,29.2098],[96.1808,29.1177],[96.2012,28.965],[96.3469,29.0274],[96.4357,29.0507],[96.5809,28.7637],[96.4848,28.6074],[96.3299,28.4968],[96.2789,28.4282],[96.3198,28.3865],[96.3891,28.3679],[96.4277,28.406],[96.6027,28.4599],[96.6528,28.4497],[96.7758,28.3671],[96.9809,28.3377],[97.0753,28.369],[97.1452,28.3403],[97.3225,28.218]]}},
{"type":"Feature","properties":{"kind":"control","min_zoom":0},"geometry":{"type":"LineString","coordinates":[[128.3746,38.6235],[128.3395,38.6079],[128.2231,38.417],[128.1686,38.3593],[128.0389,38.3085],[127.9053,38.3004],[127.7455,38.3193],[127.5327,38.305],[127.2941,38.3133],[127.1696,38.3045],[127.0096,38.2405],[126.7543,37.979],[126.6668,37.9172],[126.6645,37.8007],[126.6339,37.7819]]}},
{"type":"Feature","properties":{"kind":"control","min_zoom":0},"geometry":{"type":"LineString","coordinates":[[-8.6834,27.6565],[-8.8178,27.6564],[-8.7744,27.4605],[-8.8027,27.3609],[-8.7539,27.191],[-8.7949,27.1207],[-9.0019,27.0904],[-9.2084,27.1002],[-9.413,27.0885],[-9.4873,27.0504],[-9.7353,26.8609],[-9.9003,26.8502],[-10.0327,26.9107],[-10.1894,26.8609],[-10.2514,26.8609],[-10.5513,26.9908],[-10.7578,27.0201],[-10.9228,27.0103],[-11.2636,26.9107],[-11.3926,26.8834],[-11.3613,26.7936],[-11.3168,26.7447],[-11.3379,26.6334],[-11.4707,26.5201],[-11.6372,26.2955],[-11.6845,26.2135],[-11.7182,26.1041],[-12.0308,26.0309],[-12.061,25.9908],[-12.081,25.8707],[-12.1709,25.6402],[-12.311,25.1109],[-12.3608,24.9703],[-12.4311,24.8307],[-12.501,24.7701],[-12.7109,24.6305],[-12.9912,24.4703],[-13.061,24.401],[-13.2309,24.0904],[-13.311,23.9811],[-13.3911,23.941],[-13.771,23.7906],[-13.8408,23.7506],[-13.8911,23.691],[-13.9809,23.5201],[-14.021,23.4108],[-14.1011,23.1002],[-14.1211,22.9606],[-14.1709,22.7604],[-14.1909,22.5904],[-14.1909,22.4508],[-14.2212,22.3102],[-14.311,22.191],[-14.4409,22.0807],[-14.6308,21.8609],[-14.6108,21.7506],[-14.6709,21.6002],[-14.751,21.5006],[-14.8408,21.4508],[-15.1509,21.441],[-15.4609,21.4508],[-15.7509,21.4908],[-16.041,21.5006],[-16.1909,21.4811],[-16.581,21.4811],[-16.7309,21.4703],[-17.003,21.4207]]}},
{"type":"Feature","properties":{"kind":"disputed","min_zoom":0},"geometry":{"type":"LineString","coordinates":[[35.9199,4.6198],[35.7631,4.808],[35.7561,4.9505],[35.7792,5.1056],[35.8003,5.1569],[35.7914,5.2786],[35.745,5.344],[35.4687,5.4191],[35.3253,5.3649],[35.2646,5.412],[35.2683,5.4923]]}},
{"type":"Feature","properties":{"kind":"international","min_zoom":2},"geometry":{"type":"LineString","coordinates":[[-124.7598,48.4945],[-124.4128,48.3958],[-123.8564,48.26],[-123.6469,48.2229],[-123.5391,48.2172],[-123.3871,48.2489],[-123.2003,48.332],[-123.142,48.4001],[-123.2154,48.546],[-123.2355,48.6379],[-123.2125,48.6853],[-123.014,48.7641],[-123.0294,48.8219],[-123.3136,48.993]]}},
{"type":"Feature","properties":{"kind":"international","min_zoom":0},"geometry":{"type":"LineString","coordinates":[[91.6319,27.76],[91.6419,27.9233],[91.6056,27.9517],[91.3676,28.0216],[91.273,28.0784],[91.2259,28.0713],[91.0778,27.9745],[91.0208,27.9701],[90.9066,28.0265],[90.7157,28.0717],[90.4773,28.0708],[90.3528,28.0802],[90.3337,28.1175]]}},
{"type":"Feature","properties":{"kind":"international","min_zoom":0},"geometry":{"type":"LineString","coordinates":[[23.6053,51.5179],[23.6086,51.6105],[23.7068,51.6413],[23.8643,51.624],[23.9512,51.5851],[24.1268,51.6646],[24.28,51.7747],[24.3619,51.8675],[24.4952,51.883],[24.8664,51.8991],[25.0667,51.9305],[25.2672,51.9378],[25.9253,51.9135],[26.2671,51.855],[26.3944,51.8444],[26.4534,51.8134],[26.9528,51.754],[27.142,51.752],[27.2702,51.6136],[27.3476,51.5941],[27.6013,51.6016],[27.6897,51.5724],[27.6768,51.4899],[27.7413,51.4826],[27.8585,51.5924],[28.0108,51.5597],[28.1837,51.6079],[28.599,51.5426],[28.6477,51.4565],[28.7313,51.4334],[28.7933,51.5103],[28.9777,51.5718],[29.0608,51.6254],[29.1356,51.6173],[29.2988,51.413],[29.3465,51.3825],[29.5532,51.4346],[29.9088,51.458],[30.0638,51.482],[30.1608,51.4779],[30.309,51.3996],[30.3334,51.3256],[30.4495,51.2743],[30.5445,51.2651],[30.6325,51.3554],[30.6024,51.4712],[30.5329,51.5963],[30.6673,51.8141],[30.7553,51.8952],[30.9807,52.0462],[31.0793,52.077],[31.218,52.0502],[31.346,52.1054],[31.7634,52.1011]]}},
{"type":"Feature","properties":{"kind":"disputed","min_zoom":0},"geometry":{"type":"LineString","coordinates":[[35.8407,33.4157],[35.7344,33.3326],[35.6272,33.275],[35.6029,33.2406]]}},
{"type":"Feature","properties":{"kind":"international","min_zoom":0},"geometry":{"type":"LineString","coordinates":[[35.8407,33.4157],[35.9265,33.5003],[36.0222,33.5625],[35.9424,33.6676],[35.9684,33.7324],[36.0922,33.8316],[36.1498,33.8395],[36.3486,33.827],[36.2823,33.8942],[36.2978,33.9587],[36.3549,34.0113],[36.4575,34.0568],[36.5352,34.1343],[36.585,34.2212],[36.5044,34.4324],[36.3263,34.5133],[36.433,34.6135],[36.3839,34.6579],[36.2963,34.6787],[36.2636,34.6328],[35.9762,34.6292]]}},
{"type":"Feature","properties":{"kind":"international","min_zoom":0},"geometry":{"type":"LineString","coordinates":[[34.6799,-12.0089],[34.7559,-12.0308],[34.746,-12.0884],[34.6621,-12.1008],[34.6799,-12.0089]]}},
{"type":"Feature","properties":{"kind":"international","min_zoom":0},"geometry":{"type":"LineString","coordinates":[[80.2093,42.19],[80.2591,42.2354],[80.2058,42.3994],[80.1619,42.6255],[80.165,42.6655],[80.2503,42.7973],[80.424,42.8558],[80.5389,42.8735],[80.5437,42.9117],[80.3833,42.9738],[80.3902,43.0431],[80.617,43.1283],[80.7512,43.1025],[80.7857,43.1616],[80.7298,43.2743],[80.6678,43.3101],[80.7038,43.4271],[80.6508,43.5642],[80.496,43.8921],[80.4316,43.9518],[80.3552,44.0973],[80.3654,44.2233],[80.3363,44.4384],[80.355,44.552],[80.4006,44.6769],[80.4554,44.7461],[80.255,44.8081],[79.9972,44.7972],[79.8718,44.8838],[80.0592,45.0065],[80.2282,45.034],[80.6348,45.1265],[80.8533,45.1293],[81.0404,45.1691],[81.6021,45.3108],[81.692,45.3494],[81.7589,45.3108],[81.7897,45.226],[81.8675,45.1821],[81.9892,45.1618],[82.2666,45.2191],[82.3234,45.2059],[82.4787,45.1236],[82.559,45.1554],[82.6211,45.2931],[82.6258,45.3744],[82.5825,45.4426],[82.4516,45.472],[82.3266,45.5199],[82.3152,45.5949],[82.4297,45.8119],[82.5117,46.0058],[82.5551,46.1587],[82.6922,46.3867],[82.8,46.6244],[83.0041,47.0335],[83.0294,47.186],[83.0903,47.2094],[83.1931,47.1866],[83.6341,47.0432],[83.8326,46.9979],[84.016,46.9705],[84.2151,46.9947],[84.3389,46.9962],[84.6666,46.9724],[84.7196,46.9393],[84.7862,46.8307],[84.8583,46.8432],[85.0122,46.9092],[85.2335,47.0364],[85.4848,47.0635],[85.5772,47.1885],[85.6566,47.2546],[85.6698,47.3384],[85.5866,47.4937],[85.5616,47.7465],[85.526,47.9156],[85.5623,48.0519],[85.6264,48.204],[85.7494,48.3851],[85.8298,48.4081],[86.0561,48.4237],[86.2656,48.4546],[86.5494,48.5286],[86.7179,48.6972],[86.7578,48.8607],[86.7286,48.9393],[86.7531,49.0088],[86.886,49.0906],[87.0485,49.1099],[87.23,49.1058],[87.3228,49.0858]]}},
{"type":"Feature","properties":{"kind":"international","min_zoom":0},"geometry":{"type":"LineString","coordinates":[[23.4846,53.9398],[23.7337,53.9123],[23.8725,53.9357],[24.0085,53.9316],[24.1913,53.9505],[24.3179,53.893],[24.6208,53.9798],[24.7682,53.9746],[24.8256,54.119],[24.8695,54.1452],[25.046,54.1331],[25.1795,54.2143],[25.2837,54.2513],[25.3706,54.2512],[25.4612,54.2928],[25.573,54.1399],[25.7493,54.157],[25.7651,54.2212],[25.7026,54.293],[25.5474,54.3318],[25.6203,54.4604],[25.7248,54.5642],[25.7225,54.7179],[25.7808,54.8333],[25.8593,54.9193],[26.093,54.9623],[26.1752,55.0033],[26.2508,55.1245],[26.2918,55.1396],[26.6012,55.1302],[26.6484,55.2042],[26.7757,55.2731],[26.6813,55.3064],[26.4953,55.318],[26.4576,55.3425],[26.5666,55.5465],[26.5936,55.6675]]}},
{"type":"Feature","properties":{"kind":"international","min_zoom":0},"geometry":{"type":"LineString","coordinates":[[-53.3706,-33.7422],[-53.5188,-33.6772],[-53.5376,-33.6229],[-53.5304,-33.5003],[-53.5314,-33.1709],[-53.4829,-33.0685],[-53.3952,-33.0104],[-53.1256,-32.7367],[-53.1573,-32.6801],[-53.2312,-32.6254],[-53.3628,-32.5811],[-53.4894,-32.5032],[-53.6017,-32.403],[-53.7617,-32.0568],[-53.8765,-31.9946],[-53.9206,-31.9523],[-54.1004,-31.9015],[-54.2206,-31.8552],[-54.3699,-31.745],[-54.5876,-31.4852],[-54.896,-31.3912],[-55.036,-31.279],[-55.0912,-31.314],[-55.2546,-31.2256],[-55.3661,-31.0462],[-55.5574,-30.8759],[-55.6271,-30.8581],[-55.6652,-30.9249],[-55.8057,-31.0347]]}},
{"type":"Feature","properties":{"kind":"international","min_zoom":0},"geometry":{"type":"LineString","coordinates":[[116.6833,49.8238],[116.2434,49.1704],[116.0344,48.84],[116.0255,48.7823],[115.9538,48.6894],[115.8206,48.5772],[115.7917,48.4557],[115.7855,48.2482],[115.5251,48.1309],[115.5576,47.945],[115.7117,47.7989],[115.8982,47.6869],[115.9939,47.7113],[116.0749,47.7895],[116.2312,47.8582],[116.5134,47.8396],[116.7606,47.8698],[116.9012,47.8531],[117.0697,47.8064],[117.1971,47.7403],[117.2859,47.6663],[117.3508,47.6522],[117.5553,47.8047],[117.7684,47.9879],[117.9792,47.9996],[118.147,48.0289],[118.2397,47.9995],[118.4984,47.984],[118.5678,47.9433],[118.7599,47.7576],[119.0176,47.6854],[119.082,47.6541],[119.1229,47.5585],[119.2908,47.4726],[119.3259,47.4102],[119.5269,47.2559],[119.7112,47.15],[119.7573,47.09],[119.7885,46.9788],[119.8978,46.8578],[119.8959,46.7329],[119.8672,46.6722],[119.7066,46.606],[119.4741,46.6267],[119.3319,46.6138],[119.1621,46.6387],[118.9572,46.7348],[118.8439,46.7602],[118.7229,46.6919],[118.5804,46.6919],[118.3087,46.717],[118.0713,46.6666],[117.9105,46.6193],[117.8135,46.5377],[117.671,46.5221],[117.5469,46.5883],[117.4056,46.5709],[117.3334,46.362],[117.269,46.3523],[116.9788,46.3618],[116.859,46.3879],[116.787,46.3767],[116.6889,46.322],[116.5626,46.2898],[116.5167,46.2091],[116.3576,46.0966],[116.213,45.8869],[116.2406,45.796],[116.1976,45.7394],[116.1098,45.6867],[116.0396,45.6769],[115.9341,45.6262],[115.681,45.4583],[115.4395,45.42],[115.1626,45.3903],[114.9192,45.3783],[114.7388,45.4196],[114.6443,45.4133],[114.5172,45.3646],[114.4873,45.2717],[114.4191,45.2026],[114.1674,45.0499],[114.0303,44.9426],[113.8771,44.8962],[113.6526,44.7635],[113.587,44.7457],[113.3009,44.7916],[113.0495,44.8103],[112.7067,44.8835],[112.5968,44.9177],[112.4993,45.0109],[112.4113,45.0582],[112.1129,45.0629],[112.0327,45.0816],[111.898,45.064],[111.751,44.9696],[111.6213,44.8271],[111.5474,44.6729],[111.4895,44.5116],[111.4109,44.4192],[111.4022,44.3673],[111.4862,44.2716],[111.5197,44.1919],[111.6838,44.0411],[111.8369,43.9347],[111.9318,43.8149],[111.9331,43.7114],[111.8782,43.6802],[111.7711,43.6646],[111.5473,43.4963],[111.5035,43.4928],[111.0072,43.3414],[110.7086,43.0739],[110.4296,42.8136],[110.4004,42.7737],[110.058,42.6606],[109.698,42.5538],[109.4432,42.456],[109.3398,42.4384],[109.1317,42.4406],[108.6874,42.4161],[108.1712,42.4473],[108.0623,42.4272],[107.7487,42.401],[107.0908,42.3216],[106.7701,42.2887],[105.8676,41.994],[105.3143,41.7709],[105.1971,41.738],[105.0506,41.6159],[104.982,41.5955],[104.8603,41.6437],[104.4983,41.6587],[104.4983,41.877],[103.7111,41.7513],[103.0728,42.006],[102.5752,42.0921],[102.1567,42.1581],[101.9729,42.2159],[101.8799,42.2923],[101.7138,42.4658],[101.66,42.5],[101.4953,42.5387],[101.3137,42.5379],[101.0919,42.5513],[100.5191,42.6168],[100.0863,42.6707],[99.9838,42.6773],[99.4679,42.5682],[98.9469,42.6162],[98.2482,42.6845],[97.7189,42.7363],[97.2057,42.7898],[96.3855,42.7203],[96.3524,42.7468],[96.3425,42.8493],[96.2995,42.9287],[96.1684,43.0145],[96.0803,43.0961],[95.9125,43.2065],[95.8596,43.276],[95.842,43.3837],[95.6873,43.6641],[95.5912,43.8536],[95.5256,43.954],[95.4713,43.9862],[95.3564,44.006],[95.3255,44.1049],[95.3668,44.2615],[95.3503,44.2781],[95.0498,44.2594],[94.712,44.3508],[94.4943,44.4725],[94.3647,44.5195],[94.1993,44.6452],[93.9579,44.6749],[93.8682,44.7242],[93.7552,44.8319],[93.6564,44.901],[93.5162,44.9445],[93.2944,44.9832],[92.7879,45.0357],[92.5789,45.011],[92.4238,45.0089],[92.1726,45.0352],[92.0298,45.0685],[91.5844,45.0765],[91.4411,45.1247],[91.3121,45.1181],[91.1377,45.1939],[91.05,45.2174],[90.8773,45.1961],[90.8532,45.2629],[90.7632,45.3707],[90.7496,45.4189],[90.6618,45.5252],[90.7096,45.7308],[90.7959,45.8535],[90.8525,45.8854],[91.0017,46.0358],[90.9968,46.105],[90.9115,46.2706],[91.0339,46.529],[91.0042,46.5957],[90.9857,46.749],[90.8699,46.9545],[90.7155,47.0039],[90.4962,47.2852],[90.4252,47.5041],[90.3475,47.597],[90.3133,47.6762],[90.191,47.7021],[90.1032,47.7454],[90.0279,47.8777],[89.9587,47.8863],[89.9105,47.8443],[89.7782,47.827],[89.6385,47.9091],[89.561,48.0039],[89.4792,48.0291],[89.3299,48.0249],[89.1963,47.9809],[89.0477,48.0025],[88.9178,48.089],[88.8383,48.1017],[88.576,48.2202],[88.5668,48.3174],[88.5171,48.3845],[88.414,48.4034],[88.31,48.4721],[87.9797,48.5551],[87.9722,48.6033],[88.0502,48.675],[88.0279,48.7356],[87.8318,48.7916],[87.7432,48.8816],[87.7547,48.9186],[87.8598,48.9655],[87.8722,49.0001],[87.8163,49.0803],[87.8252,49.1163],[87.8141,49.1633]]}},
{"type":"Feature","properties":{"kind":"international","min_zoom":0},"geometry":{"type":"LineString","coordinates":[[13.8147,48.7669],[13.7699,48.816],[13.5476,48.9597],[13.4408,48.9556],[13.3391,49.0608],[13.1405,49.1583],[13.0237,49.2601],[12.9167,49.3305],[12.8134,49.3294],[12.632,49.4612],[12.5003,49.6397],[12.3905,49.7397],[12.4976,49.8531],[12.512,49.8958],[12.4576,49.9555],[12.2764,50.0423],[12.2078,50.0975],[12.175,50.1759],[12.0897,50.2686],[12.1348,50.3109],[12.2312,50.2449],[12.2773,50.1814],[12.4527,50.3498],[12.549,50.3934],[12.7655,50.431],[12.9668,50.4162],[13.0164,50.4904],[13.1811,50.5105],[13.2377,50.5768],[13.3746,50.6217],[13.4726,50.6169],[13.5265,50.6928],[13.7014,50.7165],[13.8985,50.7613],[14.2018,50.8612],[14.3691,50.8988],[14.2559,51.0018],[14.3197,51.0378],[14.5074,51.0099],[14.6238,50.9147],[14.6136,50.8556],[14.7234,50.8147],[14.8094,50.859]]}},
{"type":"Feature","properties":{"kind":"international","min_zoom":0},"geometry":{"type":"LineString","coordinates":[[27.352,57.5281],[27.1871,57.5383],[26.8998,57.6088],[26.5327,57.531],[26.2981,57.6011],[26.0304,57.7856],[25.9911,57.8382],[25.7938,57.8686],[25.7209,57.9138],[25.5713,57.9428],[25.34,58.0394],[25.2287,57.9966],[25.1111,58.0634],[24.9113,58.0046],[24.7758,57.9852],[24.3225,57.8706]]}},
{"type":"Feature","properties":{"kind":"international","min_zoom":0},"geometry":{"type":"LineString","coordinates":[[27.352,57.5281],[27.5111,57.5082],[27.5387,57.4298],[27.7969,57.3169],[27.8382,57.2477],[27.8146,57.1669],[27.7174,57.0546],[27.7111,56.9781],[27.6395,56.8457],[27.8061,56.8671],[27.8815,56.8242],[27.8921,56.7411],[28.0075,56.5999],[28.1032,56.5457],[28.1693,56.3869],[28.202,56.2604],[28.1479,56.1429]]}},
{"type":"Feature","properties":{"kind":"international","min_zoom":0},"geometry":{"type":"LineString","coordinates":[[21.0461,56.0701],[21.3147,56.1881],[21.6535,56.3145],[22.0846,56.4068],[22.5869,56.3751],[22.7732,56.3773],[22.8755,56.3965],[22.9683,56.3804],[23.043,56.3241],[23.1959,56.3672],[23.6126,56.3338],[23.8127,56.3292],[24.1207,56.2643],[24.529,56.2963],[24.6995,56.3813],[24.841,56.4112],[24.9031,56.3982],[24.9438,56.3256],[25.0699,56.2004],[25.5858,56.1302],[25.6632,56.1048],[26.0855,55.8969],[26.2812,55.7504],[26.4011,55.7038],[26.5936,55.6675]]}},
{"type":"Feature","properties":{"kind":"international","min_zoom":0},"geometry":{"type":"LineString","coordinates":[[20.6222,69.0369],[20.1167,69.0209],[20.3371,68.8996],[20.3194,68.754],[20.1474,68.6073],[19.9688,68.542],[20.24,68.4775],[19.9698,68.3564],[19.87,68.3622],[19.0526,68.4927],[18.7698,68.5],[18.3787,68.5624],[18.1626,68.5284],[18.147,68.4678],[18.1766,68.2006],[18.125,68.1335],[17.9167,67.9649],[17.3247,68.1038],[17.1705,68.0301],[16.7836,67.895],[16.5856,67.6283],[16.4571,67.5518],[16.1936,67.5052],[16.1274,67.4258],[16.3607,67.252],[16.4343,67.1551],[16.4035,67.055],[16.2377,66.9764],[15.8841,66.7688],[15.557,66.5521],[15.423,66.4898],[15.4837,66.306],[15.3749,66.252],[15.1533,66.1911],[14.918,66.1537],[14.5432,66.1293],[14.6352,65.845],[14.6346,65.7933],[14.5495,65.6464],[14.4797,65.3014],[14.1151,64.9462],[13.6503,64.5815],[14.0776,64.464],[14.148,64.2603],[14.1412,64.1735],[13.9605,64.014],[13.2996,64.0748],[12.9876,64.0505],[12.7927,64],[12.6625,63.9405],[12.3019,63.6712],[12.1752,63.596],[12.2121,63.4922],[11.9999,63.2917],[12.1386,63.0892],[12.2182,63.0007],[12.1086,62.9195],[12.1398,62.7213],[12.1145,62.5919],[12.3035,62.2856],[12.292,62.1674],[12.1554,61.7207],[12.4868,61.573],[12.5961,61.5413],[12.8808,61.3523],[12.8282,61.2218],[12.683,61.0468],[12.4676,61.0415],[12.2942,61.0027],[12.3146,60.8921],[12.5538,60.5456],[12.5886,60.4507],[12.5159,60.3052],[12.4861,60.1068],[12.2919,59.9672],[12.1692,59.9129],[11.9883,59.8913],[11.9321,59.8637],[11.8343,59.6972],[11.6808,59.5923],[11.7982,59.2899],[11.7122,59.0187],[11.6427,58.9261],[11.4708,58.9095],[11.3418,59.0881],[11.1433,59.0881],[11.0573,58.9591],[10.9118,58.9459]]}},
{"type":"Feature","properties":{"kind":"international","min_zoom":0},"geometry":{"type":"LineString","coordinates":[[20.6222,69.0369],[20.6759,69.0695],[20.8893,69.0714],[21.0657,69.0417],[21.1278,69.0808],[21.0526,69.1866],[21.2668,69.2737],[21.6218,69.2707],[21.9895,69.0411],[22.3004,68.8558],[22.4109,68.7199],[23.0717,68.6744],[23.1444,68.6426],[23.324,68.649],[23.707,68.7138],[23.854,68.8059],[23.9973,68.7984],[24.332,68.7115],[24.7032,68.6528],[24.8024,68.6065],[24.9414,68.5933],[25.0869,68.6396],[25.1729,68.7653],[25.3571,68.8625],[25.5753,68.8872],[25.7483,68.9902],[25.7487,69.2314],[25.8502,69.3665],[26.0115,69.6526],[26.3082,69.7819],[26.5254,69.9151],[26.7402,69.933],[27.1087,69.9047],[27.2057,69.9187],[27.5917,70.0422],[27.8899,70.0617],[28.0472,69.9717],[28.4117,69.8228],[28.8003,69.7315],[29.1416,69.6715],[29.3334,69.473],[29.2388,69.3939],[28.8463,69.1769],[28.8326,69.119],[28.9659,69.022]]}},
{"type":"Feature","properties":{"kind":"international","min_zoom":0},"geometry":{"type":"LineString","coordinates":[[104.4264,10.4113],[104.467,10.4224],[104.5643,10.5159],[104.8154,10.5208],[104.8505,10.5345],[105.0611,10.7338],[105.0223,10.8869],[105.0457,10.9114],[105.1595,10.8976],[105.3147,10.8452],[105.3865,10.9401],[105.6978,10.9941],[105.7551,10.99],[105.8533,10.8636],[105.9382,10.8852],[106.0989,10.7973],[106.164,10.7949],[106.1315,10.922],[106.1679,11.0123],[106.0995,11.0787],[105.8917,11.2448],[105.8561,11.2943],[105.854,11.4871],[105.8354,11.5591],[105.8515,11.635],[105.9266,11.6529],[106.0061,11.758],[106.103,11.7513],[106.3399,11.6818],[106.3992,11.687],[106.4108,11.7384],[106.4139,11.9484],[106.4996,11.9655],[106.7001,11.9793],[106.7647,12.0523],[106.9307,12.0775],[107.159,12.277],[107.2796,12.3216],[107.33,12.319],[107.3934,12.2605],[107.5064,12.3645],[107.5381,12.4318],[107.5554,12.54],[107.5435,12.7059],[107.4815,12.9331],[107.4754,13.0304],[107.5455,13.2254],[107.6055,13.4378],[107.594,13.5217],[107.5286,13.6542],[107.3894,13.993],[107.3622,14.0195],[107.3314,14.1266],[107.3644,14.3687],[107.4485,14.4512],[107.5352,14.65],[107.5194,14.7051]]}},
{"type":"Feature","properties":{"kind":"international","min_zoom":0},"geometry":{"type":"LineString","coordinates":[[-69.5111,-17.5049],[-69.495,-17.6195],[-69.358,-17.7717],[-69.3134,-17.9431],[-69.0939,-18.0505],[-69.1455,-18.1441],[-69.0923,-18.2824],[-69.0394,-18.5501],[-69.0268,-18.6563],[-68.9789,-18.813],[-68.9683,-18.968],[-68.858,-19.0934],[-68.7591,-19.1622],[-68.6206,-19.2967],[-68.492,-19.3819],[-68.4629,-19.4328],[-68.5753,-19.5602],[-68.6983,-19.7211],[-68.6962,-19.7408],[-68.5783,-19.8565],[-68.5607,-19.9671],[-68.6002,-20.0449],[-68.7275,-20.0696],[-68.7346,-20.2252],[-68.6886,-20.3101],[-68.7592,-20.378],[-68.7452,-20.4586],[-68.4999,-20.612],[-68.4874,-20.6407],[-68.5632,-20.7201],[-68.5689,-20.8498],[-68.5338,-20.9236],[-68.4355,-20.9483],[-68.197,-21.3003],[-68.1985,-21.4472],[-68.1864,-21.6186],[-68.1121,-21.753],[-68.0768,-21.9828],[-67.9884,-22.0571],[-67.9539,-22.204],[-67.9504,-22.3337],[-67.8817,-22.4934],[-67.8738,-22.6306],[-67.89,-22.7292],[-67.8794,-22.8229],[-67.7944,-22.8795],[-67.5799,-22.8917],[-67.1949,-22.8217]]}},
{"type":"Feature","properties":{"kind":"international","min_zoom":0},"geometry":{"type":"LineString","coordinates":[[-69.5107,-17.5059],[-69.5864,-17.5732],[-69.6848,-17.6498],[-69.8061,-17.6649],[-69.8521,-17.7038],[-69.8415,-17.7852],[-69.8024,-17.9],[-69.8026,-17.9903],[-69.8397,-18.0934],[-69.9263,-18.206],[-70.0591,-18.2835],[-70.1838,-18.3252],[-70.3775,-18.3336],[-70.4183,-18.3456]]}},
{"type":"Feature","properties":{"kind":"international","min_zoom":0},"geometry":{"type":"LineString","coordinates":[[6.3443,49.4527],[6.3485,49.5127],[6.4068,49.645],[6.4848,49.7078],[6.4873,49.7985],[6.3246,49.8379],[6.256,49.8722],[6.1382,49.9743],[6.1097,50.0344],[6.1165,50.121]]}},
{"type":"Feature","properties":{"kind":"international","min_zoom":0},"geometry":{"type":"LineString","coordinates":[[2.5249,51.0971],[2.6014,50.9553],[2.5793,50.9118],[2.6691,50.8114],[2.8398,50.7118],[3.1069,50.7794],[3.235,50.663],[3.2733,50.5315],[3.3162,50.5074],[3.4769,50.4995],[3.6268,50.4573],[3.6673,50.3248],[3.748,50.3435],[4.0441,50.3213],[4.1746,50.2465],[4.1353,50.1438],[4.1922,50.0942],[4.1368,50],[4.1761,49.9603],[4.3687,49.945],[4.545,49.9603],[4.6562,50.0025],[4.7066,50.097],[4.8187,50.1532],[4.8606,50.1359],[4.79,49.9596],[4.8415,49.9145],[4.8676,49.7881],[5.0069,49.7784],[5.1241,49.7215],[5.2788,49.6779],[5.5073,49.5109],[5.7897,49.5383]]}},
{"type":"Feature","properties":{"kind":"international","min_zoom":0},"geometry":{"type":"LineString","coordinates":[[6.1165,50.121],[6.0891,50.1546],[5.9763,50.1672],[5.8669,50.0828],[5.7441,49.9196],[5.725,49.8083],[5.8804,49.6448],[5.7897,49.5383]]}},
{"type":"Feature","properties":{"kind":"international","min_zoom":0},"geometry":{"type":"LineString","coordinates":[[46.4299,41.891],[46.2127,41.9899],[46.0485,42.0088],[45.954,42.0354],[45.846,42.1099],[45.6386,42.2051],[45.6342,42.2347],[45.7276,42.475],[45.6555,42.5177],[45.5629,42.5358],[45.3437,42.5298],[45.2082,42.6483],[44.871,42.7564],[44.771,42.6168],[44.6918,42.7096],[44.6443,42.7347],[44.5059,42.7487],[44.3295,42.7035],[43.9575,42.5665],[43.826,42.5715],[43.7383,42.617],[43.7954,42.703],[43.7826,42.747],[43.5578,42.8445],[43.348,42.8967],[43.0892,42.9891],[43.0001,43.0497],[42.9916,43.0915],[42.7606,43.1696],[42.566,43.1551],[42.419,43.2242],[42.2797,43.2281],[42.05,43.1901],[41.5805,43.2192],[41.3582,43.3334],[41.0831,43.3745],[40.942,43.4181],[40.648,43.5339],[40.519,43.512],[40.1501,43.5698],[40.0846,43.5531],[39.9783,43.4198]]}},
{"type":"Feature","properties":{"kind":"international","min_zoom":0},"geometry":{"type":"LineString","coordinates":[[20.9643,40.8499],[20.9335,40.9031],[20.8702,40.9179],[20.7408,40.9053],[20.7093,40.9284],[20.656,41.0617],[20.5679,41.1278],[20.489,41.2726],[20.4924,41.3914],[20.4486,41.5213],[20.5162,41.5748],[20.5051,41.7065],[20.5662,41.8737]]}},
{"type":"Feature","properties":{"kind":"international","min_zoom":0},"geometry":{"type":"LineString","coordinates":[[20.5662,41.8737],[20.5754,42.0131],[20.5228,42.1715],[20.4854,42.2234],[20.3482,42.3088],[20.2405,42.339],[20.1036,42.5247],[20.064,42.5473]]}},
{"type":"Feature","properties":{"kind":"international","min_zoom":0},"geometry":{"type":"LineString","coordinates":[[41.5101,41.5175],[41.8235,41.4324],[41.9257,41.4957],[42.2112,41.4867],[42.4664,41.4398],[42.5674,41.5593],[42.6824,41.5857],[42.7879,41.5637],[42.8217,41.4924],[42.9068,41.4668],[43.0571,41.3529],[43.149,41.3071],[43.1529,41.2364],[43.2055,41.1992],[43.3589,41.1901],[43.4334,41.1555],[43.4394,41.1071]]}},
{"type":"Feature","properties":{"kind":"international","min_zoom":0},"geometry":{"type":"LineString","coordinates":[[101.1389,21.5675],[101.1966,21.522],[101.1754,21.4075],[101.2199,21.3424],[101.2244,21.2237],[101.2815,21.1841],[101.4436,21.2308],[101.5424,21.2343],[101.7048,21.1501],[101.8021,21.236],[101.7229,21.3149],[101.7472,21.6058],[101.7365,21.8265],[101.6029,21.9897],[101.5758,22.0553],[101.5618,22.1624],[101.5245,22.2537],[101.62,22.3274],[101.6714,22.4623],[101.76,22.4903],[101.8418,22.3885],[101.9454,22.4394],[102.0244,22.4392],[102.1274,22.3792]]}},
{"type":"Feature","properties":{"kind":"international","min_zoom":0},"geometry":{"type":"LineString","coordinates":[[73.6317,39.4489],[73.8229,39.489],[73.9147,39.6065],[73.8826,39.7146],[73.8354,39.8002],[73.9388,39.9788],[73.9916,40.0431],[74.0851,40.0743],[74.2427,40.092],[74.4119,40.1372],[74.6799,40.3106],[74.8418,40.345],[74.8013,40.4285],[74.8656,40.4935],[75.0045,40.4495],[75.241,40.4803],[75.5208,40.6275],[75.5835,40.6053],[75.6174,40.5166],[75.656,40.3293],[75.6772,40.3058],[75.872,40.3032],[76.0623,40.3875],[76.1566,40.3765],[76.2583,40.4307],[76.3185,40.3523],[76.4802,40.4495],[76.5779,40.5779],[76.6398,40.7422],[76.7084,40.8181],[76.8241,40.9823],[76.9867,41.0391],[77.1821,41.0107],[77.284,41.0143],[77.5818,40.9928],[77.8152,41.0556],[77.9564,41.0507],[78.1234,41.0756],[78.3463,41.2815],[78.3624,41.3716],[78.7426,41.56],[79.1484,41.7191],[79.2936,41.7828],[79.3544,41.7811],[79.7661,41.8989],[79.8404,41.9957],[79.9097,42.015],[80.2162,42.0324],[80.2462,42.0598],[80.2093,42.19]]}},
{"type":"Feature","properties":{"kind":"international","min_zoom":0},"geometry":{"type":"LineString","coordinates":[[43.4394,41.1071],[43.7932,41.1311],[43.9092,41.159],[44.2274,41.2134],[44.473,41.191],[44.5649,41.2082],[44.8414,41.2114],[44.8114,41.2594],[45.0014,41.291]]}},
{"type":"Feature","properties":{"kind":"international","min_zoom":0},"geometry":{"type":"LineString","coordinates":[[80.2093,42.19],[79.921,42.4131],[79.8034,42.4385],[79.4901,42.4576],[79.203,42.666],[79.1648,42.759],[78.948,42.7667],[78.7915,42.7908],[78.5242,42.8647],[78.3759,42.8715],[78.0231,42.8575],[77.8017,42.8952],[77.5122,42.9001],[77.2355,42.9126],[77.0573,42.9707],[76.9441,42.9715],[76.6465,42.9288],[76.5092,42.9189],[75.7896,42.9329],[75.6818,42.8305],[75.6357,42.8146],[75.3662,42.837],[75.0476,42.9044],[74.8175,42.9782],[74.6222,43.0562],[74.3639,43.1794],[74.2091,43.2404],[74.1868,43.2053],[74.0863,43.1886],[73.9492,43.195],[73.8861,43.1326],[73.612,43.0479],[73.5563,43.0028],[73.4502,42.703],[73.4219,42.5935],[73.493,42.409],[73.4116,42.4198],[73.2829,42.5041],[73.1908,42.5269],[72.8551,42.5611],[72.753,42.6379],[72.5432,42.6778],[72.2758,42.7577],[72.1618,42.7607],[71.8168,42.8222],[71.7348,42.8189],[71.5142,42.7669],[71.422,42.7832],[71.2567,42.7336],[71.0228,42.5354],[71.002,42.4591],[70.8929,42.34],[70.9468,42.2487]]}},
{"type":"Feature","properties":{"kind":"international","min_zoom":0},"geometry":{"type":"LineString","coordinates":[[-56.4828,1.9421],[-56.5635,1.9072],[-56.6165,1.9227],[-56.8367,1.8812],[-57.0376,1.9365],[-57.1189,2.014],[-57.2756,1.9592],[-57.3175,1.9635],[-57.4127,1.9089],[-57.5004,1.7738],[-57.5944,1.7041],[-57.7957,1.7],[-57.8734,1.6673],[-57.9828,1.6484],[-57.9951,1.5743],[-58.0347,1.5202],[-58.1422,1.517],[-58.1731,1.5479],[-58.3407,1.5876],[-58.3958,1.4817],[-58.5061,1.4386],[-58.4869,1.3478],[-58.5119,1.2847],[-58.6846,1.2811],[-58.7872,1.2085],[-58.8625,1.2036],[-58.9685,1.3046],[-59.2312,1.376],[-59.5357,1.7],[-59.6666,1.7463],[-59.6685,1.8423],[-59.7562,1.9006],[-59.7435,2.1216],[-59.7552,2.2741],[-59.8896,2.363],[-59.9943,2.69],[-59.9959,2.7654],[-59.9723,2.9905],[-59.9457,3.0878],[-59.873,3.2831],[-59.8311,3.3492],[-59.8331,3.4621],[-59.8544,3.5875],[-59.679,3.6998],[-59.6702,3.7527],[-59.6044,3.8197],[-59.5511,3.9335],[-59.6202,4.0232],[-59.6912,4.1604],[-59.7385,4.2268],[-59.7033,4.3811],[-59.8333,4.4759],[-59.9624,4.5017],[-60.1112,4.5112],[-60.1486,4.5332],[-60.1246,4.5977],[-60.0318,4.7405],[-59.9907,5.0828],[-60.0781,5.144],[-60.142,5.2388],[-60.2417,5.258],[-60.3352,5.1993],[-60.4088,5.2101],[-60.4595,5.1881],[-60.5764,5.1925],[-60.6514,5.2212],[-60.7421,5.202]]}},
{"type":"Feature","properties":{"kind":"international","min_zoom":0},"geometry":{"type":"LineString","coordinates":[[8.3931,55.0968],[8.4619,55.0712],[8.5412,54.9546],[8.6707,54.9033],[8.903,54.8969],[9.3419,54.8063],[9.6158,54.8554],[9.7397,54.8255]]}},
{"type":"Feature","properties":{"kind":"international","min_zoom":0},"geometry":{"type":"LineString","coordinates":[[9.5187,30.2294],[9.8074,30.3422],[9.895,30.3873],[10.0597,30.5801],[10.2164,30.7832],[10.256,30.8649],[10.2433,31.0321],[10.1726,31.251],[10.115,31.4638],[10.1599,31.5458],[10.2747,31.685],[10.306,31.7048],[10.4758,31.736],[10.5437,31.8026],[10.6089,31.9296],[10.7716,32.0212],[10.8264,32.0807],[11.1683,32.2568],[11.505,32.4137],[11.5338,32.5249],[11.4539,32.6426],[11.4672,32.9657],[11.5045,33.182]]}},
{"type":"Feature","properties":{"kind":"international","min_zoom":0},"geometry":{"type":"LineString","coordinates":[[45.0014,41.291],[45.0847,41.1955],[45.1523,41.1752],[45.1902,41.1264],[45.1061,41.0694],[45.2734,41.0063],[45.3689,41.0049],[45.5875,40.8469],[45.5794,40.8045],[45.4013,40.7072],[45.3762,40.6381],[45.4544,40.5324],[45.5695,40.4169],[45.7357,40.3291],[45.9646,40.2338],[45.9676,40.1748],[45.886,40.0248],[45.8581,40.0113],[45.6302,40.0142],[45.6618,39.9562],[45.7896,39.8811],[45.8632,39.8084],[45.94,39.7765],[46.2021,39.5945],[46.3216,39.6175],[46.4814,39.5552],[46.4781,39.4751],[46.3777,39.4339],[46.3784,39.3823],[46.5067,39.2986],[46.5847,39.2237],[46.55,39.2014],[46.4204,39.2074],[46.4014,39.1677],[46.4899,39.0695],[46.4906,38.9067]]}},
{"type":"Feature","properties":{"kind":"international","min_zoom":0},"geometry":{"type":"LineString","coordinates":[[44.7683,39.7035],[45.0317,39.7651],[45.1486,39.6566],[45.1528,39.5827],[45.2526,39.5955],[45.3499,39.5299],[45.4568,39.4945],[45.6108,39.5498],[45.7505,39.563],[45.7965,39.4881],[45.7663,39.3784],[45.9774,39.2439],[45.9519,39.1781],[46.1144,38.8778]]}},
{"type":"Feature","properties":{"kind":"international","min_zoom":0},"geometry":{"type":"LineString","coordinates":[[20.2418,46.1086],[20.281,46.133],[20.5081,46.1669],[20.6137,46.1335],[20.7327,46.1944],[20.7602,46.2462],[20.837,46.2597],[21.0399,46.2422],[21.1519,46.3044],[21.1918,46.3915],[21.2646,46.4123],[21.2522,46.4864],[21.3202,46.6078],[21.4971,46.7043],[21.4944,46.7897],[21.6527,46.9638],[21.6614,47.0439],[21.7855,47.1382],[21.8693,47.3046],[21.9953,47.3957],[21.9997,47.505],[22.112,47.572],[22.2907,47.7278],[22.4914,47.7726],[22.5629,47.7596],[22.6768,47.799],[22.8766,47.9473]]}},
{"type":"Feature","properties":{"kind":"international","min_zoom":0},"geometry":{"type":"LineString","coordinates":[[70.958,40.2389],[71.0945,40.2712],[71.3047,40.2869],[71.3762,40.2752],[71.5204,40.209],[71.6299,40.2171],[71.6925,40.1524],[71.8454,40.2343],[71.9556,40.2586],[72.0126,40.3407],[72.1312,40.4386],[72.2328,40.4544],[72.254,40.4242],[72.3577,40.4017],[72.4059,40.4631],[72.3698,40.5197],[72.402,40.5781],[72.5675,40.5243],[72.6796,40.5556],[72.7739,40.6504],[73.1129,40.786],[73.1321,40.8285],[72.99,40.8601],[72.8666,40.8423],[72.831,40.8622],[72.6204,40.8838],[72.5059,40.9817],[72.364,41.0434],[72.1874,41.0259],[72.1643,41.1737],[72.0524,41.1647],[71.8786,41.195],[71.858,41.3114],[71.7924,41.4131],[71.7007,41.454],[71.6649,41.5412],[71.6023,41.5033],[71.6062,41.3674],[71.5456,41.3081],[71.4208,41.3419],[71.4084,41.136],[71.2988,41.1525],[71.2234,41.1399],[71.1107,41.1526],[71.0259,41.1866],[70.8605,41.2249],[70.7825,41.2625],[70.7344,41.4005],[70.6458,41.4604],[70.4714,41.4127],[70.2901,41.4968],[70.2009,41.5145],[70.181,41.5714],[70.455,41.7251],[70.5629,41.8308],[70.6309,41.8755],[70.8034,41.9226],[70.8419,42.0196],[71.0322,42.0778],[71.2286,42.1629],[71.2126,42.2064],[71.036,42.2847],[70.9468,42.2487]]}},
{"type":"Feature","properties":{"kind":"international","min_zoom":0},"geometry":{"type":"LineString","coordinates":[[18.8322,49.5108],[18.9382,49.4983],[18.9683,49.3962],[19.1495,49.4],[19.2502,49.5114],[19.4416,49.5977],[19.593,49.4471],[19.6642,49.3961],[19.7739,49.3722],[19.8022,49.1923],[19.9161,49.2214],[20.0576,49.1813],[20.1076,49.2707],[20.1637,49.3164],[20.363,49.3853],[20.6161,49.3917],[20.729,49.3699],[20.7995,49.3287],[20.9473,49.3171],[21.0794,49.4183],[21.3505,49.4288],[21.6396,49.4119],[21.8901,49.3434],[21.9677,49.2991],[22.0201,49.2095],[22.4731,49.0813],[22.5387,49.0727]]}},
{"type":"Feature","properties":{"kind":"international","min_zoom":0},"geometry":{"type":"LineString","coordinates":[[-7.2186,55.092],[-7.3769,55.0277],[-7.4512,54.8771],[-7.5504,54.7679],[-7.7375,54.7105],[-7.8729,54.7178],[-7.8862,54.6661],[-7.7463,54.6158],[-7.7938,54.5712],[-8.0443,54.5125],[-8.1448,54.4535],[-8.1182,54.4143],[-7.8844,54.2838],[-7.8549,54.2153],[-7.6788,54.1867],[-7.6065,54.1438],[-7.3552,54.1212],[-7.1554,54.2395],[-7.2026,54.3018],[-7.0497,54.4083],[-6.9362,54.3743],[-6.8583,54.2687],[-6.7666,54.1956],[-6.6468,54.1634],[-6.6498,54.0586],[-6.4026,54.0606],[-6.3037,54.0949],[-6.218,54.0887]]}},
{"type":"Feature","properties":{"kind":"international","min_zoom":0},"geometry":{"type":"LineString","coordinates":[[18.8322,49.5108],[18.8069,49.6137],[18.5947,49.7578],[18.5624,49.8793],[18.3485,49.9298],[18.3053,49.9141],[18.0283,50.0352],[17.8748,49.9722],[17.7917,50.0066],[17.5893,50.1575],[17.7093,50.1936],[17.7201,50.2986],[17.5546,50.2641],[17.4152,50.2548],[17.152,50.3783],[16.9808,50.4161],[16.8692,50.4145],[16.9934,50.2597],[16.6791,50.0975],[16.5966,50.1219],[16.4876,50.2484],[16.3341,50.3669],[16.2103,50.4237],[16.2826,50.483],[16.3566,50.5005],[16.4197,50.5737],[16.2822,50.6556],[16.0072,50.6116],[15.9485,50.6702],[15.7305,50.7397],[15.6439,50.7489],[15.3544,50.8118],[15.277,50.883],[15.2586,50.9585],[14.9937,51.0144],[14.9829,50.8866],[14.8094,50.859]]}},
{"type":"Feature","properties":{"kind":"international","min_zoom":0},"geometry":{"type":"LineString","coordinates":[[70.958,40.2389],[70.9464,40.1876],[70.7386,40.1311],[70.6443,40.0834],[70.6241,39.999],[70.5151,39.9499],[70.4514,40.0492],[69.9668,40.2022],[69.5303,40.0973],[69.4687,40.0207],[69.4879,39.9504],[69.432,39.9098],[69.3073,39.9685],[69.2291,39.7611],[69.2803,39.6658],[69.2977,39.5248],[69.4633,39.5321],[69.5988,39.5738],[69.7721,39.5568],[70.1368,39.5576],[70.2448,39.5426],[70.3921,39.5819],[70.5012,39.5874],[70.6079,39.5644],[70.7331,39.4133],[70.7993,39.3947],[71.0048,39.4119],[71.065,39.4934],[71.2729,39.5353],[71.4043,39.5979],[71.4703,39.6037],[71.5174,39.5539],[71.5033,39.4788],[71.5463,39.4531],[71.6727,39.4471],[71.7322,39.423],[71.7257,39.3066],[71.806,39.2756],[71.991,39.3509],[72.0428,39.3522],[72.23,39.2075],[72.3577,39.3369],[72.6399,39.386],[72.8725,39.3604],[73.1093,39.3619],[73.2349,39.3745],[73.3874,39.4427],[73.4704,39.4606],[73.6317,39.4489]]}},
{"type":"Feature","properties":{"kind":"international","min_zoom":0},"geometry":{"type":"LineString","coordinates":[[20.0013,39.7094],[20.1311,39.6616],[20.2069,39.6535],[20.2721,39.7012],[20.3062,39.7967],[20.3816,39.8418],[20.3111,39.9794],[20.456,40.0656],[20.6063,40.0827],[20.6574,40.1174],[20.697,40.2464],[20.8061,40.4454],[20.9502,40.4944],[21.0019,40.5634],[21.0311,40.6587],[20.9558,40.7753],[20.9643,40.8499]]}},
{"type":"Feature","properties":{"kind":"international","min_zoom":0},"geometry":{"type":"LineString","coordinates":[[33.2017,-14.0134],[33.1481,-13.941],[33.0424,-14.01],[32.9921,-14.0222],[32.9203,-13.8839],[32.8672,-13.8174],[32.7652,-13.7611],[32.8067,-13.7103],[32.7718,-13.6566],[32.672,-13.6103],[32.7584,-13.5503],[32.8518,-13.457],[32.9385,-13.2574],[32.9676,-13.225],[32.9711,-13.0843],[33,-12.8996],[32.9456,-12.8044],[32.9752,-12.7013],[33.0216,-12.6305],[33.2434,-12.5565],[33.3979,-12.4898],[33.4833,-12.4034],[33.4914,-12.3311],[33.37,-12.3297],[33.3401,-12.3083],[33.2524,-12.1126],[33.301,-11.8882],[33.3039,-11.6908],[33.2883,-11.6111],[33.2264,-11.5349],[33.2327,-11.4177],[33.2684,-11.4039],[33.3798,-11.1579],[33.3387,-11.0852],[33.2614,-10.8933],[33.3449,-10.8127],[33.4648,-10.7831],[33.6591,-10.5905],[33.6615,-10.5531],[33.5537,-10.3913],[33.5289,-10.2347],[33.3935,-10.1209],[33.3115,-10.038],[33.351,-9.8622],[33.25,-9.7596],[33.1957,-9.6261],[33.1045,-9.6027],[33.0724,-9.6382],[32.996,-9.6228],[32.9798,-9.5203],[32.9199,-9.4074]]}},
{"type":"Feature","properties":{"kind":"international","min_zoom":0},"geometry":{"type":"LineString","coordinates":[[22.1319,48.4053],[22.1429,48.5685],[22.2952,48.6858],[22.3895,48.8735],[22.5241,49.0314],[22.5387,49.0727]]}},
{"type":"Feature","properties":{"kind":"international","min_zoom":0},"geometry":{"type":"LineString","coordinates":[[-11.5075,6.9065],[-11.4545,6.9512],[-11.3767,7.0947],[-11.2677,7.2326],[-11.1661,7.3144],[-11.0854,7.3986],[-10.8781,7.5382],[-10.6913,7.7364],[-10.6475,7.7594],[-10.5708,8.0712],[-10.5167,8.1253],[-10.3896,8.1576],[-10.3598,8.1879],[-10.3146,8.3109],[-10.2832,8.4851]]}},
{"type":"Feature","properties":{"kind":"international","min_zoom":0},"geometry":{"type":"LineString","coordinates":[[24.1474,8.6656],[24.2209,8.6083],[24.18,8.4611],[24.2084,8.3691],[24.2914,8.2914],[24.4561,8.2394],[24.7367,8.1915],[24.8533,8.1375],[25.0072,7.9649],[25.2004,7.8079],[25.2474,7.7246],[25.2387,7.649],[25.1813,7.5572],[25.1901,7.5193],[25.3807,7.3334],[25.5666,7.2287],[25.889,7.0649],[26.0365,6.9552],[26.0869,6.8721],[26.1693,6.7818],[26.3618,6.6353],[26.3086,6.4553],[26.3534,6.3449],[26.4205,6.2742],[26.4475,6.183],[26.5143,6.0692],[26.5937,6.0175],[26.7263,5.9982],[26.9423,5.8549],[27.0834,5.7768],[27.1439,5.723],[27.2134,5.6188],[27.2567,5.2897],[27.3325,5.1864]]}},
{"type":"Feature","properties":{"kind":"international","min_zoom":0},"geometry":{"type":"LineString","coordinates":[[42.9227,10.9993],[43.246,11.4998]]}},
{"type":"Feature","properties":{"kind":"international","min_zoom":0},"geometry":{"type":"LineString","coordinates":[[42.9227,10.9993],[42.783,11.0093],[42.655,11.0783],[42.5577,11.0808],[42.3081,11.0052],[42.1662,10.9916],[41.9575,10.941],[41.7982,10.9805],[41.7647,11.4129],[41.7665,11.5891],[41.8157,11.7238],[41.9959,11.9124],[42.3785,12.4664]]}},
{"type":"Feature","properties":{"kind":"international","min_zoom":0},"geometry":{"type":"LineString","coordinates":[[29.4032,-4.4493],[29.4042,-4.4967],[29.3257,-4.8356],[29.3427,-4.9831],[29.4765,-5.3166],[29.5942,-5.6508],[29.5964,-5.7759],[29.4908,-5.9654],[29.4801,-6.025],[29.5408,-6.3138],[29.7096,-6.6169],[29.7981,-6.6919],[29.9618,-6.8031],[30.1063,-6.9151],[30.2127,-7.0379],[30.3132,-7.2037],[30.3745,-7.3386],[30.4068,-7.4606],[30.5589,-7.7819],[30.7208,-8.1044],[30.7511,-8.1936]]}},
{"type":"Feature","properties":{"kind":"international","min_zoom":0},"geometry":{"type":"LineString","coordinates":[[42.3785,12.4664],[42.4499,12.5214],[42.4794,12.5136],[42.6701,12.3766],[42.7674,12.4229],[42.8253,12.5694],[42.8833,12.6213],[43.1167,12.7086]]}},
{"type":"Feature","properties":{"kind":"international","min_zoom":0},"geometry":{"type":"LineString","coordinates":[[13.8147,48.7669],[13.9887,48.6924],[14.0491,48.6025],[14.1899,48.5786],[14.3676,48.5762],[14.4887,48.6256],[14.6913,48.5992],[14.7067,48.6719],[14.8219,48.774],[14.9225,48.7714],[14.9721,48.9839],[15.0668,48.9978],[15.1996,48.9481],[15.3109,48.974],[15.4029,48.9574],[15.7008,48.8604],[15.8252,48.8645],[16.0572,48.7548],[16.3673,48.739],[16.4779,48.8001],[16.601,48.7819],[16.7127,48.7342],[16.8837,48.7037],[16.9531,48.5988]]}},
{"type":"Feature","properties":{"kind":"international","min_zoom":0},"geometry":{"type":"LineString","coordinates":[[42.359,37.1086],[42.4559,37.1287],[42.6355,37.2493],[42.7411,37.3619],[42.7746,37.3719],[42.9366,37.3248],[43.0925,37.3674],[43.3067,37.3146],[43.5159,37.2445],[43.6758,37.2273],[43.8364,37.2235],[44.0132,37.3135],[44.1144,37.3019],[44.1918,37.2498],[44.2084,37.2026],[44.2017,37.0518],[44.2819,36.978],[44.4019,37.0585],[44.6059,37.176],[44.7309,37.1653],[44.7652,37.1424]]}},
{"type":"Feature","properties":{"kind":"international","min_zoom":0},"geometry":{"type":"LineString","coordinates":[[16.0931,46.8633],[16.2526,46.9719],[16.3319,47.0022],[16.4534,47.0068],[16.4927,47.1227],[16.4384,47.1459],[16.4169,47.2234],[16.4626,47.2731],[16.4343,47.3674],[16.623,47.4476],[16.6765,47.536],[16.6397,47.6089],[16.4321,47.6563],[16.551,47.7474],[16.6475,47.739],[16.7476,47.6863],[17.0666,47.7076],[17.0301,47.8371],[17.0891,47.9636],[17.1474,48.006]]}},
{"type":"Feature","properties":{"kind":"international","min_zoom":0},"geometry":{"type":"LineString","coordinates":[[7.0211,45.9258],[7.129,45.8804],[7.328,45.9123],[7.5386,45.9782],[7.7879,45.9218],[7.9931,46.0159],[8.1252,46.161],[8.0815,46.256],[8.2319,46.3412],[8.3707,46.4451],[8.4429,46.4028],[8.4385,46.2829],[8.4584,46.2459],[8.6417,46.1108],[8.8185,46.0771],[8.778,45.9962],[8.8852,45.9187],[8.9537,45.83],[9.0467,45.8756],[8.9989,45.9831],[9.0224,46.0515],[9.2034,46.2192],[9.2511,46.2868],[9.2601,46.4752],[9.3044,46.4956],[9.4276,46.4823],[9.4811,46.3488],[9.5287,46.3062],[9.6395,46.2959],[9.8844,46.3678],[9.9393,46.3618],[10.041,46.2381],[10.1452,46.2535],[10.0819,46.4207],[10.0382,46.4832],[10.087,46.5999],[10.1955,46.6211],[10.2723,46.5649],[10.4306,46.5501],[10.4383,46.6188],[10.398,46.665],[10.4528,46.8649]]}},
{"type":"Feature","properties":{"kind":"international","min_zoom":0},"geometry":{"type":"LineString","coordinates":[[10.4528,46.8649],[10.4149,46.9644],[10.3494,46.9848],[10.1798,46.8623],[10.1335,46.8515],[9.9969,46.8853],[9.8777,46.9377],[9.8453,47.0074],[9.745,47.0371],[9.5802,47.0574]]}},
{"type":"Feature","properties":{"kind":"international","min_zoom":0},"geometry":{"type":"LineString","coordinates":[[44.7652,37.1424],[44.7583,37.2171],[44.7942,37.2904],[44.7151,37.3572],[44.5741,37.4354],[44.5772,37.5602],[44.5453,37.6582],[44.59,37.7104],[44.5612,37.7446],[44.3362,37.8718],[44.223,37.8802],[44.2113,37.9081],[44.2679,38.0388],[44.3294,38.1093],[44.3809,38.2546],[44.4496,38.3178],[44.4309,38.3568],[44.3196,38.3747],[44.2909,38.4201],[44.2978,38.5578],[44.2571,38.7006],[44.2716,38.8361],[44.1708,38.9344],[44.1445,38.9944],[44.1781,39.1448],[44.0791,39.2183],[44.0232,39.3774],[44.1241,39.4052],[44.3354,39.396],[44.3894,39.4221],[44.4559,39.6667],[44.5167,39.7313],[44.5871,39.7685],[44.7821,39.6511],[44.8171,39.6504]]}},
{"type":"Feature","properties":{"kind":"international","min_zoom":0},"geometry":{"type":"LineString","coordinates":[[23.4846,53.9398],[23.4814,54.079],[23.4536,54.1435],[23.3701,54.2005],[23.1703,54.2814],[23.0422,54.3042],[23.0155,54.3484],[22.8238,54.3958],[22.7662,54.3568]]}},
{"type":"Feature","properties":{"kind":"international","min_zoom":0},"geometry":{"type":"LineString","coordinates":[[30.7511,-8.1936],[30.8307,-8.3856],[30.8919,-8.4737],[30.9684,-8.551],[31.0763,-8.6119],[31.3506,-8.6071],[31.4492,-8.6539],[31.5349,-8.7133],[31.5562,-8.8055],[31.6737,-8.9088],[31.818,-8.9022],[31.9187,-8.9422],[31.9426,-9.054],[32.1298,-9.0733],[32.2209,-9.1256],[32.4332,-9.1564],[32.4871,-9.2127],[32.6084,-9.2705],[32.7566,-9.3222],[32.9199,-9.4074]]}},
{"type":"Feature","properties":{"kind":"international","min_zoom":0},"geometry":{"type":"LineString","coordinates":[[7.1973,53.2823],[7.1899,52.9995],[7.1171,52.887],[7.0131,52.6335],[6.7485,52.6341],[6.6916,52.5302],[6.7488,52.464],[6.8325,52.4423],[6.9681,52.4441],[7.0352,52.3802],[7.0196,52.266],[6.9773,52.2055],[6.8551,52.1358],[6.749,52.0987],[6.7156,52.0362],[6.8024,51.9802],[6.7418,51.9109],[6.5176,51.8539],[6.425,51.8584],[6.3557,51.8247],[6.1665,51.8808],[6.0076,51.834],[5.9485,51.7624],[6.0527,51.6582],[6.1932,51.4889],[6.1928,51.4106],[6.0758,51.2241],[6.13,51.1474],[5.9392,51.0408],[5.8947,50.9842],[6.0068,50.95],[6.0484,50.9049],[5.9939,50.7504]]}},
{"type":"Feature","properties":{"kind":"international","min_zoom":0},"geometry":{"type":"LineString","coordinates":[[9.5802,47.0574],[9.6105,47.1072],[9.5275,47.2708]]}},
{"type":"Feature","properties":{"kind":"international","min_zoom":0},"geometry":{"type":"LineString","coordinates":[[-8.4864,7.5585],[-8.43,7.6019],[-8.2319,7.5567],[-8.1154,7.7607],[-8.1268,7.8677],[-8.0738,7.9844],[-8.0099,8.0785],[-8.0167,8.1449],[-8.2171,8.2197],[-8.2561,8.2537],[-8.237,8.4557],[-8.2099,8.4833],[-8.0491,8.4953],[-7.8236,8.4676],[-7.739,8.3753],[-7.6812,8.4103],[-7.691,8.5625],[-7.7196,8.643],[-7.784,8.7206],[-7.951,8.7868],[-7.955,8.8794],[-7.9382,8.9798],[-7.9021,9.0171],[-7.778,9.0808],[-7.8394,9.1516],[-7.9181,9.1885],[-7.8962,9.4159],[-8.031,9.3976],[-8.0887,9.4307],[-8.137,9.4957],[-8.146,9.6748],[-8.1459,9.8817],[-8.1552,9.9732],[-8.1366,10.0221],[-8.0135,10.1253],[-7.9906,10.1625]]}},
{"type":"Feature","properties":{"kind":"international","min_zoom":0},"geometry":{"type":"LineString","coordinates":[[7.4931,43.7671],[7.482,43.8649],[7.6515,44.0336],[7.6771,44.0831],[7.6372,44.1649],[7.3709,44.1274],[7.1494,44.2017],[6.9673,44.28],[6.9002,44.3357],[6.8939,44.4282],[6.8429,44.5107],[6.9603,44.6772],[7.0307,44.7167],[6.9927,44.8273],[6.9399,44.8588],[6.8011,44.8832],[6.7382,44.9214],[6.6277,45.118],[6.6923,45.1443],[6.8423,45.1356],[6.9812,45.2156],[7.0784,45.2399],[7.1534,45.401],[7.0137,45.5005],[6.8815,45.6703],[6.8062,45.71],[6.8045,45.8146],[6.9408,45.8684],[7.0211,45.9258]]}},
{"type":"Feature","properties":{"kind":"international","min_zoom":0},"geometry":{"type":"LineString","coordinates":[[28.9659,69.022],[28.566,68.9282],[28.4535,68.8723],[28.7059,68.8655],[28.7521,68.7714],[28.4793,68.5376],[28.4707,68.4884],[28.6852,68.1898],[29.3439,68.0619],[29.5242,67.9291],[29.8216,67.754],[29.9792,67.6886],[29.9413,67.5475],[29.5723,67.3244],[29.2434,67.0966],[29.087,66.971],[29.0931,66.8492],[29.2932,66.6955],[29.4643,66.5322],[29.6709,66.2761],[29.9034,66.0911],[30.0875,65.7865],[30.0954,65.6817],[29.8827,65.6636],[29.7159,65.6246],[29.8195,65.5688],[29.728,65.4734],[29.7148,65.3369],[29.6171,65.2653],[29.6297,65.2239],[29.8106,65.2048],[29.8109,65.1079],[29.6225,65.0395],[29.6042,64.9684],[29.7017,64.8458],[29.7832,64.8043],[30.0728,64.765],[30.1202,64.6446],[29.9856,64.5577],[30.1081,64.3661],[30.3907,64.2824],[30.4879,64.2365],[30.5279,64.1411],[30.5039,64.0206],[30.2103,63.8033],[30.0041,63.7473],[30.0554,63.689],[30.4185,63.504],[30.9748,63.3006],[31.1809,63.2083],[31.3367,63.0681],[31.5093,62.9553],[31.534,62.8854],[31.2857,62.5678],[31.1868,62.4814],[30.9357,62.3238],[30.5656,62.1276],[30.3065,61.9648],[30.0099,61.7574],[29.6902,61.5461],[29.4923,61.4442],[29.2516,61.2878],[28.7391,61.0588],[28.6628,61.0028],[28.4074,60.8969],[27.7977,60.5361],[27.731,60.4566]]}},
{"type":"Feature","properties":{"kind":"international","min_zoom":0},"geometry":{"type":"LineString","coordinates":[[30.8698,69.7834],[30.9225,69.6058],[30.8607,69.5384],[30.6154,69.5326],[30.2275,69.6338],[30.1319,69.4642],[29.9941,69.3925],[29.3883,69.2981],[29.2099,69.097],[28.9659,69.022]]}},
{"type":"Feature","properties":{"kind":"international","min_zoom":0},"geometry":{"type":"LineString","coordinates":[[55.1859,22.7041],[55.1999,23.0348],[55.3532,23.3875],[55.5085,23.7246],[55.5316,23.8191],[55.5193,23.8855],[55.4685,23.9411],[55.5479,23.9914],[55.6966,24.0241],[55.7792,24.0171],[55.9851,24.0634],[55.9922,24.0929],[55.9286,24.2151],[55.7997,24.2226],[55.7609,24.2427],[55.8057,24.3498],[55.7682,24.4906],[55.804,24.6362],[55.7957,24.8681],[55.8229,24.9113],[55.9158,24.9718],[56.0006,24.9532],[56.0167,24.9077],[55.9704,24.8589],[56.0639,24.7387],[56.1065,24.7487],[56.2047,24.8333],[56.2679,24.8667],[56.353,24.9733],[56.388,24.9792]]}},
{"type":"Feature","properties":{"kind":"international","min_zoom":0},"geometry":{"type":"LineString","coordinates":[[48.5729,41.8445],[48.3914,41.6019],[48.2981,41.545],[48.0561,41.4587],[47.8611,41.2127],[47.791,41.1993],[47.5206,41.2291],[47.3177,41.2824],[47.2612,41.3151],[47.2053,41.4556],[47.1426,41.516],[47.0102,41.5875],[46.9309,41.6704],[46.7493,41.8126],[46.6903,41.8313],[46.5521,41.8123],[46.5377,41.8704],[46.4299,41.891]]}},
{"type":"Feature","properties":{"kind":"international","min_zoom":0},"geometry":{"type":"LineString","coordinates":[[-54.6163,2.3268],[-54.6974,2.3598],[-54.7222,2.4417],[-54.7668,2.4547],[-54.8517,2.4396],[-54.9266,2.4973],[-55.0058,2.593],[-55.0703,2.5483],[-55.1877,2.5475],[-55.344,2.4888],[-55.3854,2.4406],[-55.6589,2.4188],[-55.7306,2.4062],[-55.9359,2.5166],[-55.9935,2.4975],[-56.0203,2.3928],[-56.1294,2.2995],[-56.1377,2.259],[-56.0737,2.2368],[-56.0201,2.1582],[-55.9153,2.0395],[-55.9296,1.8875],[-56.0199,1.8422],[-56.4828,1.9421]]}},
{"type":"Feature","properties":{"kind":"international","min_zoom":0},"geometry":{"type":"LineString","coordinates":[[46.4299,41.891],[46.3025,41.7571],[46.2019,41.7369],[46.1821,41.6571],[46.2547,41.6021],[46.3054,41.5077],[46.6189,41.3437],[46.6726,41.2868],[46.6263,41.1597],[46.5343,41.0886],[46.4579,41.0702],[46.1708,41.1978],[46.0312,41.1673],[45.7928,41.2244],[45.6957,41.289],[45.7156,41.3377],[45.4223,41.4253],[45.281,41.4496],[45.2172,41.4232],[45.0014,41.291]]}},
{"type":"Feature","properties":{"kind":"international","min_zoom":0},"geometry":{"type":"LineString","coordinates":[[-11.3894,12.4044],[-11.3824,12.4792],[-11.4488,12.5319],[-11.4441,12.6276],[-11.4144,12.7755],[-11.4174,12.8319],[-11.3904,12.942],[-11.5488,13.1703],[-11.5813,13.29],[-11.635,13.3699],[-11.7583,13.3945],[-11.8317,13.3158],[-11.8778,13.3645],[-11.8946,13.4445],[-12.0542,13.6331],[-12.0441,13.7339],[-11.9842,13.7881],[-11.9609,13.8753],[-12.0201,13.9747],[-12.0112,14.0718],[-12.0192,14.2065],[-12.1129,14.3233],[-12.1752,14.3767],[-12.2284,14.4586],[-12.1865,14.6482],[-12.2806,14.809]]}},
{"type":"Feature","properties":{"kind":"international","min_zoom":0},"geometry":{"type":"LineString","coordinates":[[-54.6163,2.3268],[-54.5505,2.2931],[-54.5151,2.2454],[-54.293,2.1542],[-54.228,2.1533],[-54.13,2.1211],[-53.9464,2.2326],[-53.7678,2.3548],[-53.7347,2.3085],[-53.509,2.2531],[-53.4318,2.2794],[-53.3344,2.3398],[-53.2855,2.2952],[-53.2298,2.2049],[-53.1801,2.2113],[-52.9648,2.1836],[-52.9035,2.2115],[-52.8704,2.2667],[-52.7006,2.3637],[-52.5595,2.5731],[-52.5547,2.6476],[-52.4559,2.8642],[-52.4184,2.9039],[-52.3567,3.0516],[-52.3567,3.1177],[-52.3279,3.1817],[-52.2294,3.2717],[-52.1626,3.3647],[-51.9995,3.6469],[-51.9906,3.702],[-51.9289,3.777],[-51.8275,3.8696],[-51.7671,3.9927],[-51.6526,4.0613]]}},
{"type":"Feature","properties":{"kind":"international","min_zoom":0},"geometry":{"type":"LineString","coordinates":[[2.7065,6.3693],[2.7357,6.5957],[2.7746,6.7117],[2.7318,6.8528],[2.7214,6.9803],[2.7568,7.0679],[2.7505,7.3951],[2.7851,7.4769],[2.7193,7.6163],[2.7077,7.8266],[2.686,7.8738],[2.7023,8.0498],[2.7115,8.273],[2.7031,8.3718],[2.7236,8.4419],[2.7346,8.614],[2.7329,8.7825],[2.7748,9.0485],[3.045,9.0838],[3.1104,9.1883],[3.1481,9.3206],[3.1362,9.4516],[3.2234,9.5656],[3.3295,9.667],[3.3252,9.7785],[3.4048,9.8386],[3.4767,9.8519],[3.5572,9.9073],[3.6021,10.0046],[3.6459,10.1601],[3.5766,10.2683],[3.6042,10.3507],[3.6802,10.4278],[3.7585,10.4127],[3.7838,10.4359],[3.8345,10.6074],[3.8297,10.6538],[3.7568,10.7687],[3.7164,11.0796],[3.6389,11.1768],[3.4878,11.3954],[3.4906,11.4992],[3.5954,11.6963]]}},
{"type":"Feature","properties":{"kind":"international","min_zoom":0},"geometry":{"type":"LineString","coordinates":[[13.0727,-4.6348],[12.9714,-4.5518],[12.8811,-4.4452],[12.7982,-4.4305],[12.7195,-4.4698],[12.6417,-4.5311],[12.5015,-4.5875],[12.3846,-4.6191],[12.3467,-4.7241],[12.3079,-4.7655],[12.2044,-4.7786],[12.0775,-4.9521],[12.0183,-5.0043]]}},
{"type":"Feature","properties":{"kind":"international","min_zoom":0},"geometry":{"type":"LineString","coordinates":[[16.5162,46.4999],[16.3212,46.5346],[16.2368,46.4838],[16.2274,46.3728],[16.0665,46.3713],[16.0007,46.3054],[15.7843,46.234],[15.636,46.2007],[15.5969,46.1092],[15.6662,46.0485],[15.6681,45.9045],[15.6248,45.834],[15.4541,45.7976],[15.277,45.7326],[15.3537,45.6599],[15.2901,45.6127],[15.2912,45.5415],[15.3395,45.467],[15.2421,45.4414],[15.1105,45.4508],[14.9546,45.4999],[14.8471,45.4674],[14.7336,45.5085],[14.6085,45.6101],[14.534,45.6453],[14.4274,45.5058],[14.3699,45.4815],[14.0856,45.4778],[13.9928,45.5094],[13.8787,45.4284],[13.6152,45.4768],[13.5779,45.5169]]}},
{"type":"Feature","properties":{"kind":"international","min_zoom":0},"geometry":{"type":"LineString","coordinates":[[18.9054,45.9317],[18.7218,45.8994],[18.666,45.9075],[18.5647,45.8133],[18.4373,45.7673],[17.9638,45.7703],[17.8072,45.7904],[17.7064,45.8273],[17.607,45.9138],[17.5292,45.9413],[17.4063,45.9511],[17.3106,45.9962],[17.2422,46.0766],[17.1496,46.1403],[17.0327,46.1873],[16.94,46.2537],[16.8715,46.3393],[16.7481,46.4164],[16.5162,46.4999]]}},
{"type":"Feature","properties":{"kind":"international","min_zoom":0},"geometry":{"type":"LineString","coordinates":[[20.2418,46.1086],[20.1614,46.1419],[19.9341,46.1615],[19.8444,46.1459],[19.6135,46.1692],[19.5307,46.1552],[19.3929,46.0498],[19.2084,45.9844],[19.0873,46.0162],[19.0157,45.9597],[18.9054,45.9317]]}},
{"type":"Feature","properties":{"kind":"international","min_zoom":0},"geometry":{"type":"LineString","coordinates":[[16.5162,46.4999],[16.3813,46.6387],[16.2836,46.8573],[16.0931,46.8633]]}},
{"type":"Feature","properties":{"kind":"international","min_zoom":0},"geometry":{"type":"LineString","coordinates":[[51.268,24.6072],[51.0933,24.5647],[50.9661,24.574],[50.8556,24.6796],[50.8044,24.7893]]}},
{"type":"Feature","properties":{"kind":"international","min_zoom":0},"geometry":{"type":"LineString","coordinates":[[25.2588,-17.7936],[25.224,-17.9152],[25.2824,-18.0412],[25.3843,-18.1419],[25.4893,-18.3513],[25.5583,-18.4418],[25.7613,-18.6492],[25.8119,-18.797],[25.9393,-18.9386],[25.9592,-18.9857],[25.9507,-19.0817],[26.0819,-19.3699],[26.1681,-19.5383],[26.241,-19.5693],[26.4746,-19.7486],[26.6782,-19.8928],[27.0918,-20.0542],[27.2215,-20.1458],[27.2568,-20.232],[27.2807,-20.4787],[27.4689,-20.4748],[27.6247,-20.4836],[27.6996,-20.5307],[27.7043,-20.7664],[27.6881,-20.8483],[27.6695,-21.0643],[27.6934,-21.111],[27.8441,-21.2615],[27.9075,-21.3591],[27.9746,-21.5067],[28.0456,-21.5731],[28.1816,-21.5893],[28.532,-21.6512],[28.7477,-21.7076],[29.0373,-21.8114],[29.0158,-21.9399],[29.0424,-22.0184],[29.1069,-22.0657],[29.2372,-22.0795],[29.3648,-22.1939]]}},
{"type":"Feature","properties":{"kind":"indefinite","min_zoom":0},"geometry":{"type":"LineString","coordinates":[[77.7994,35.4959],[77.5726,35.4718],[77.4465,35.4756],[77.09,35.552],[76.8789,35.6133],[76.7669,35.6617]]}},
{"type":"Feature","properties":{"kind":"international","min_zoom":0},"geometry":{"type":"LineString","coordinates":[[28.0144,41.9691],[27.8792,41.9866],[27.8016,41.9565],[27.6612,41.9613],[27.5348,41.9208],[27.4748,41.9469],[27.2949,42.0796],[27.0117,42.0586],[26.8849,41.9919],[26.6154,41.9649],[26.5797,41.948],[26.5114,41.8264],[26.3604,41.8016],[26.3209,41.7166]]}},
{"type":"Feature","properties":{"kind":"international","min_zoom":0},"geometry":{"type":"LineString","coordinates":[[102.9339,11.7067],[102.7366,12.0898],[102.7062,12.2557],[102.7556,12.4262],[102.6297,12.5699],[102.4996,12.67],[102.4907,12.8283],[102.4617,13.015],[102.363,13.193],[102.3308,13.2882],[102.3197,13.54],[102.3363,13.5603],[102.5469,13.5857],[102.5447,13.6599],[102.6204,13.7169],[102.7289,13.8419],[102.8733,14.0549],[102.9093,14.1367],[103.0311,14.2525],[103.1994,14.3326],[103.4324,14.3786],[103.6004,14.4211],[103.7419,14.3742],[103.8183,14.3622],[104.0544,14.3627],[104.2277,14.3955],[104.4116,14.3696],[104.5758,14.39],[104.779,14.4279],[104.9697,14.3661],[104.9825,14.2894],[105.0337,14.2274],[105.0741,14.2275],[105.1833,14.3463]]}},
{"type":"Feature","properties":{"kind":"international","min_zoom":0},"geometry":{"type":"LineString","coordinates":[[88.8914,27.3161],[88.7604,27.2181],[88.7388,27.1756],[88.8352,27.0656],[88.8577,26.9615],[89.1482,26.8161],[89.3321,26.8486],[89.6092,26.7622],[89.61,26.7195],[89.7639,26.7015],[90.123,26.7546],[90.2061,26.8475],[90.3459,26.8903],[90.5599,26.7966],[90.7397,26.7717],[91.1339,26.8034],[91.2866,26.7899],[91.4268,26.8671],[91.5175,26.8073],[91.6716,26.802],[91.8421,26.853],[91.9983,26.855],[92.0734,26.9148],[92.0681,26.9752],[91.9923,27.0999],[92.0312,27.2143],[92.0835,27.2906],[91.9908,27.4502],[91.7431,27.4425],[91.6581,27.4936],[91.5948,27.5576],[91.5794,27.6114],[91.6319,27.76]]}},
{"type":"Feature","properties":{"kind":"international","min_zoom":0},"geometry":{"type":"LineString","coordinates":[[104.0667,1.2779],[104.0555,1.4016],[103.8216,1.4604],[103.7015,1.4373],[103.6331,1.3491],[103.5895,1.2617],[103.5989,1.2064]]}},
{"type":"Feature","properties":{"kind":"international","min_zoom":0},"geometry":{"type":"LineString","coordinates":[[100.1191,6.442],[100.1768,6.6718],[100.2615,6.6827],[100.3454,6.5499],[100.6295,6.448],[100.7156,6.4807],[100.7938,6.4262],[100.8165,6.3316],[100.8739,6.2454],[100.9888,6.2577],[101.0535,6.2426],[101.0759,6.1661],[101.0865,6.0337],[101.0756,5.9565],[100.9928,5.8462],[100.9817,5.771],[101.114,5.6368],[101.1907,5.6687],[101.257,5.7894],[101.5561,5.9078],[101.6014,5.8772],[101.65,5.796],[101.7195,5.7706],[101.7907,5.7794],[101.8736,5.8253],[101.9361,5.9793],[102.0552,6.0967],[102.0683,6.1847],[102.1011,6.2423]]}},
{"type":"Feature","properties":{"kind":"international","min_zoom":0},"geometry":{"type":"LineString","coordinates":[[5.9939,50.7504],[6.236,50.5967],[6.1684,50.5453],[6.2031,50.4991],[6.3409,50.4518],[6.3645,50.3162],[6.1751,50.2326],[6.1165,50.121]]}},
{"type":"Feature","properties":{"kind":"international","min_zoom":0},"geometry":{"type":"LineString","coordinates":[[-71.7792,19.7182],[-71.7574,19.6882],[-71.7115,19.4866],[-71.707,19.422],[-71.7532,19.3245],[-71.7465,19.2859],[-71.6472,19.196],[-71.657,19.1307],[-71.8071,18.987],[-71.7864,18.92],[-71.7336,18.8564],[-71.7432,18.7329],[-71.8665,18.6142],[-72.0004,18.5979],[-71.8726,18.4162],[-71.7619,18.3413],[-71.7372,18.2708],[-71.7638,18.204],[-71.7683,18.0392]]}},
{"type":"Feature","properties":{"kind":"international","min_zoom":0},"geometry":{"type":"LineString","coordinates":[[14.0639,13.0785],[13.6063,13.7046]]}},
{"type":"Feature","properties":{"kind":"international","min_zoom":0},"geometry":{"type":"LineString","coordinates":[[46.5315,29.0963],[46.7694,29.3475],[46.9058,29.5375],[47.1144,29.9613],[47.1483,30.001],[47.3314,30.0797],[47.5149,30.0965],[47.6728,30.0956],[47.7539,30.0766],[47.9787,29.9828]]}},
{"type":"Feature","properties":{"kind":"international","min_zoom":0},"geometry":{"type":"LineString","coordinates":[[88.1098,27.8706],[88.109,27.933],[88.426,28.0117],[88.6211,28.0918],[88.8037,28.0069],[88.8488,27.8687],[88.8299,27.7674],[88.749,27.5219],[88.7649,27.4299],[88.8914,27.3161]]}},
{"type":"Feature","properties":{"kind":"international","min_zoom":0},"geometry":{"type":"LineString","coordinates":[[-90.0952,13.7365],[-90.1048,13.8348],[-90.0482,13.9041],[-89.8727,14.0456],[-89.7937,14.0501],[-89.7493,14.077],[-89.6713,14.1827],[-89.5472,14.2413],[-89.5769,14.3471],[-89.5405,14.4099],[-89.4188,14.4311],[-89.3626,14.416]]}},
{"type":"Feature","properties":{"kind":"international","min_zoom":0},"geometry":{"type":"LineString","coordinates":[[124.0364,-9.3416],[124.0901,-9.4164],[124.2823,-9.4279],[124.3193,-9.4137],[124.413,-9.3143],[124.4444,-9.1903]]}},
{"type":"Feature","properties":{"kind":"international","min_zoom":0},"geometry":{"type":"LineString","coordinates":[[124.9223,-8.9425],[124.9151,-9.0315],[124.9733,-9.0643],[125.1004,-9.004],[125.149,-9.0425],[125.1494,-9.1229],[125.1005,-9.1898],[124.9775,-9.1949],[124.9683,-9.2943],[125.0336,-9.3819],[125.0681,-9.5119]]}},
{"type":"Feature","properties":{"kind":"international","min_zoom":0},"geometry":{"type":"LineString","coordinates":[[115.14,4.8998],[115.2279,4.7506],[115.2667,4.634],[115.2793,4.4564],[115.3267,4.3808],[115.2467,4.3472],[115.107,4.3904],[115.0268,4.6914],[115.0268,4.8997]]}},
{"type":"Feature","properties":{"kind":"international","min_zoom":0},"geometry":{"type":"LineString","coordinates":[[109.6289,2.0275],[109.539,1.8962],[109.5708,1.8063],[109.6358,1.7766],[109.654,1.6149],[109.818,1.439],[109.9449,1.3381],[110.0409,1.2357],[110.1148,1.1902],[110.3153,0.996],[110.4614,0.8821],[110.5057,0.862],[110.6148,0.8781],[110.9381,1.0174],[111.1013,1.0505],[111.2867,1.0432],[111.4831,0.9958],[111.5467,0.9944],[111.6074,1.0226],[111.7697,0.9995],[111.809,1.0117],[111.9231,1.1133],[112.0785,1.1433],[112.1673,1.3382],[112.1857,1.4391],[112.2506,1.4797],[112.4762,1.5591],[112.943,1.567],[112.9882,1.5476],[113.0066,1.4339],[113.0686,1.4318],[113.359,1.3272],[113.4582,1.3021],[113.5132,1.3084],[113.6222,1.2359],[113.7603,1.3114],[113.9024,1.4343],[114,1.4553],[114.126,1.4524],[114.2747,1.4709],[114.3871,1.5001],[114.5125,1.452],[114.5459,1.4671],[114.6609,1.6863],[114.7035,1.8508],[114.7999,1.8939],[114.8306,1.98],[114.788,2.0516],[114.7587,2.1624],[114.7864,2.2505],[114.9691,2.3508],[115.179,2.5232],[115.1809,2.5669],[115.0808,2.6342],[115.0937,2.7578],[115.0863,2.8411],[115.1176,2.8949],[115.247,3.0259],[115.3102,2.9939],[115.4544,3.0343],[115.4931,3.1281],[115.4897,3.2086],[115.52,3.3617],[115.5661,3.4457],[115.5707,3.5023],[115.5445,3.6337],[115.5609,3.7331],[115.5684,3.9388],[115.5961,3.9755],[115.6275,4.082],[115.6788,4.193],[115.7824,4.2537],[115.8368,4.3333],[115.8962,4.3487],[116.0216,4.2907],[116.1344,4.3552],[116.3203,4.3537],[116.4145,4.3082],[116.5148,4.3708],[116.5891,4.3384],[116.6978,4.355],[116.8435,4.3401],[117.1006,4.3371],[117.2775,4.2993],[117.4509,4.1929],[117.5374,4.1714],[117.7454,4.1669],[117.8847,4.1862]]}},
{"type":"Feature","properties":{"kind":"international","min_zoom":0},"geometry":{"type":"LineString","coordinates":[[10.4528,46.8649],[10.6893,46.8464],[10.7598,46.7933],[10.9273,46.7695],[11.0251,46.797],[11.1339,46.9362],[11.2444,46.9757],[11.5275,46.9974],[11.7756,46.9861],[12.1694,47.0821],[12.2013,47.0609],[12.1308,46.9848],[12.1541,46.9353],[12.268,46.8359],[12.3883,46.7027],[12.4792,46.6725],[13.1687,46.5727],[13.4901,46.5556],[13.7,46.5203]]}},
{"type":"Feature","properties":{"kind":"international","min_zoom":0},"geometry":{"type":"LineString","coordinates":[[13.7,46.5203],[13.6797,46.4629],[13.5632,46.4151],[13.3995,46.3175],[13.3996,46.225],[13.6325,46.177],[13.6166,46.1331],[13.4864,46.0395],[13.5092,45.9738],[13.614,45.9617],[13.5696,45.8341],[13.7217,45.7613],[13.8312,45.6804],[13.8448,45.5929],[13.7199,45.5876]]}},
{"type":"Feature","properties":{"kind":"international","min_zoom":0},"geometry":{"type":"LineString","coordinates":[[29.0144,-2.7202],[29.0632,-2.6025],[29.1976,-2.6203],[29.2971,-2.673],[29.3498,-2.7915],[29.3902,-2.8086],[29.6981,-2.7947],[29.7834,-2.7664],[29.8682,-2.7164],[29.8926,-2.6646],[29.9124,-2.5486],[29.9302,-2.3395],[29.9734,-2.3371],[30.0919,-2.4115],[30.1423,-2.414],[30.2338,-2.3471],[30.4085,-2.313],[30.4822,-2.376],[30.5536,-2.4001]]}},
{"type":"Feature","properties":{"kind":"international","min_zoom":0},"geometry":{"type":"LineString","coordinates":[[92.5749,21.9781],[92.5828,21.9403],[92.5843,21.609],[92.5934,21.4673],[92.6317,21.3062],[92.5685,21.2633],[92.5392,21.3198],[92.3306,21.4398],[92.2797,21.4276],[92.2083,21.3579],[92.1796,21.2931],[92.2148,21.1127],[92.2644,21.0615],[92.2685,21.0047],[92.3241,20.7918]]}},
{"type":"Feature","properties":{"kind":"international","min_zoom":0},"geometry":{"type":"LineString","coordinates":[[1.4283,42.5959],[1.3495,42.6907],[1.2083,42.7132],[1.01,42.7789],[0.6968,42.8451],[0.6518,42.8004],[0.6316,42.6896],[0.3773,42.7001],[0.2555,42.6929],[0.2014,42.7194],[-0.0412,42.6891],[-0.2993,42.8253],[-0.3984,42.8081],[-0.5864,42.799],[-0.7627,42.9398],[-0.9338,42.9495],[-1.2855,43.0596],[-1.4288,43.0368],[-1.4805,43.0711],[-1.4226,43.1491],[-1.4107,43.2401],[-1.4717,43.2677],[-1.6271,43.2825],[-1.7533,43.3247],[-1.794,43.4073]]}},
{"type":"Feature","properties":{"kind":"international","min_zoom":0},"geometry":{"type":"LineString","coordinates":[[1.4283,42.5959],[1.5013,42.6427],[1.7099,42.6044],[1.7402,42.5567],[1.706,42.5033]]}},
{"type":"Feature","properties":{"kind":"international","min_zoom":0},"geometry":{"type":"LineString","coordinates":[[1.706,42.5033],[1.928,42.4263],[1.9865,42.3585],[2.0327,42.3535],[2.2004,42.4209],[2.568,42.3458],[2.6517,42.3405],[2.67,42.393],[2.8914,42.4561],[2.97,42.4672],[3.2114,42.4312]]}},
{"type":"Feature","properties":{"kind":"international","min_zoom":0},"geometry":{"type":"LineString","coordinates":[[1.4283,42.5959],[1.4282,42.4613],[1.4862,42.4345],[1.706,42.5033]]}},
{"type":"Feature","properties":{"kind":"international","min_zoom":0},"geometry":{"type":"LineString","coordinates":[[74.8913,37.2316],[75.0084,37.2935],[75.1188,37.3857],[75.0975,37.4513],[74.9158,37.5728],[74.8943,37.6014],[74.9383,37.7725],[74.9003,37.8327],[74.8908,37.9258],[74.8425,38.0381],[74.7897,38.1036],[74.7721,38.2747],[74.836,38.4043],[74.8123,38.4603],[74.745,38.51],[74.514,38.6],[74.2775,38.6598],[74.1314,38.6612],[74.0653,38.6085],[74.0256,38.5398],[73.8691,38.5629],[73.8016,38.6069],[73.6961,38.8543],[73.73,38.9147],[73.7945,38.9413],[73.7956,39.0022],[73.6904,39.1045],[73.6073,39.2292],[73.6364,39.3967],[73.6317,39.4489]]}},
{"type":"Feature","properties":{"kind":"international","min_zoom":0},"geometry":{"type":"LineString","coordinates":[[74.8913,37.2316],[74.7674,37.2492],[74.7267,37.2907],[74.5589,37.2366],[74.3721,37.1577],[74.3762,37.1374],[74.5414,37.0222]]}},
{"type":"Feature","properties":{"kind":"international","min_zoom":0},"geometry":{"type":"LineString","coordinates":[[20.9643,40.8499],[21.3237,40.8671],[21.4042,40.9072],[21.5758,40.8689],[21.7795,40.9504],[21.9294,41.1074],[21.9933,41.131],[22.2377,41.1552],[22.4935,41.1185],[22.7248,41.1785],[22.7551,41.3127],[22.916,41.3363]]}},
{"type":"Feature","properties":{"kind":"international","min_zoom":0},"geometry":{"type":"LineString","coordinates":[[21.5608,42.2477],[21.3895,42.2198],[21.3317,42.1872],[21.2563,42.0995],[21.1425,42.175],[21.0597,42.1713],[20.7781,42.071],[20.7504,42.0184],[20.7442,41.9043],[20.6949,41.8538],[20.5662,41.8737]]}},
{"type":"Feature","properties":{"kind":"international","min_zoom":0},"geometry":{"type":"LineString","coordinates":[[22.344,42.314],[22.2397,42.3581],[22.052,42.3047],[21.9041,42.3221],[21.7393,42.2677],[21.6182,42.2421],[21.5608,42.2477]]}},
{"type":"Feature","properties":{"kind":"international","min_zoom":0},"geometry":{"type":"LineString","coordinates":[[22.344,42.314],[22.4221,42.3289],[22.5235,42.441],[22.5242,42.5039],[22.472,42.5433],[22.4362,42.6291],[22.4656,42.7508],[22.4668,42.8425],[22.5581,42.8785],[22.7062,42.8839],[22.7999,42.9857],[22.9423,43.0971],[22.9768,43.188],[22.8596,43.2523],[22.7675,43.3541],[22.5546,43.4545],[22.4991,43.5188],[22.4741,43.6022],[22.3948,43.7066],[22.3654,43.8621],[22.4208,44.0074],[22.5974,44.0753],[22.6266,44.1941],[22.7051,44.2378]]}},
{"type":"Feature","properties":{"kind":"international","min_zoom":0},"geometry":{"type":"LineString","coordinates":[[22.916,41.3363],[22.9297,41.3561],[22.9515,41.6056],[23.0057,41.717],[22.944,41.7751],[22.8368,41.9936],[22.7961,42.0257],[22.5827,42.1048],[22.4982,42.1651],[22.344,42.314]]}},
{"type":"Feature","properties":{"kind":"international","min_zoom":0},"geometry":{"type":"LineString","coordinates":[[18.4364,42.5597],[18.4381,42.523],[18.5175,42.4329]]}},
{"type":"Feature","properties":{"kind":"international","min_zoom":0},"geometry":{"type":"LineString","coordinates":[[18.4364,42.5597],[18.304,42.5994],[17.8413,42.8451],[17.802,42.9022],[17.6676,42.8971]]}},
{"type":"Feature","properties":{"kind":"international","min_zoom":0},"geometry":{"type":"LineString","coordinates":[[78.9167,33.3868],[79.0665,33.2504],[79.1169,33.2253]]}},
{"type":"Feature","properties":{"kind":"international","min_zoom":0},"geometry":{"type":"LineString","coordinates":[[20.3444,42.828],[20.4689,42.8579],[20.4751,42.953],[20.624,43.0342],[20.6576,43.0999],[20.6232,43.1986],[20.7634,43.2586],[20.8238,43.2379],[20.8444,43.1734],[21.057,43.0917],[21.2226,42.9562],[21.2371,42.9132],[21.4031,42.8315],[21.3907,42.7514],[21.6625,42.6815],[21.7529,42.6698],[21.7306,42.5955],[21.6191,42.4233],[21.6099,42.3874],[21.5189,42.3284],[21.5416,42.2808],[21.5633,42.2462]]}},
{"type":"Feature","properties":{"kind":"international","min_zoom":0},"geometry":{"type":"LineString","coordinates":[[20.3444,42.828],[20.2151,42.7988],[20.1926,42.7547],[20.0543,42.7601],[20.0295,42.732],[20.0892,42.6316],[20.064,42.5473]]}},
{"type":"Feature","properties":{"kind":"international","min_zoom":0},"geometry":{"type":"LineString","coordinates":[[19.1944,43.5333],[19.2188,43.45],[19.4147,43.3428],[19.5516,43.2122],[19.7812,43.1098],[19.944,43.0817],[20.1679,42.9685],[20.34,42.8929],[20.3444,42.828]]}},
{"type":"Feature","properties":{"kind":"international","min_zoom":0},"geometry":{"type":"LineString","coordinates":[[-89.3626,14.416],[-89.1701,14.3603],[-89.1205,14.3702],[-89.0571,14.3292],[-89.0002,14.2527],[-88.8683,14.1637],[-88.846,14.1248],[-88.6656,14.0155],[-88.5125,13.979],[-88.4827,13.8542],[-88.4491,13.851],[-88.2762,13.9427],[-88.151,13.9873],[-88.0805,13.9606],[-87.991,13.8796],[-87.892,13.895],[-87.8023,13.89],[-87.7153,13.8127],[-87.7819,13.5214],[-87.737,13.4514],[-87.8142,13.3992]]}},
{"type":"Feature","properties":{"kind":"international","min_zoom":0},"geometry":{"type":"LineString","coordinates":[[-87.3373,12.9793],[-87.0592,12.9915],[-86.9589,13.0537],[-86.9332,13.1175],[-86.9182,13.2236],[-86.8736,13.2665],[-86.7293,13.2844],[-86.7107,13.3134],[-86.7706,13.6988],[-86.7336,13.7635],[-86.6102,13.7749],[-86.3769,13.7556],[-86.3318,13.7701],[-86.2382,13.8995],[-86.1512,13.9946],[-86.0404,14.0502],[-85.9838,13.9657],[-85.7867,13.8445],[-85.7339,13.8587],[-85.7312,13.9319],[-85.6819,13.9826],[-85.5798,14.0282],[-85.4771,14.1087],[-85.3738,14.2239],[-85.2842,14.2916],[-85.1795,14.3433],[-85.1915,14.4466],[-85.1613,14.5252],[-85.1173,14.5706],[-85.0365,14.6077],[-85.0373,14.6856],[-84.9851,14.7524],[-84.8604,14.8097],[-84.7892,14.7904],[-84.7298,14.7134],[-84.646,14.6611],[-84.5377,14.6334],[-84.4535,14.6437],[-84.3937,14.6918],[-84.2667,14.6981],[-84.2392,14.7478],[-84.1924,14.726],[-84.1144,14.731],[-84.0658,14.7861],[-83.9723,14.7711],[-83.8673,14.7945],[-83.7509,14.8563],[-83.5897,14.9076],[-83.5365,14.977],[-83.415,15.0081],[-83.1575,14.9931]]}},
{"type":"Feature","properties":{"kind":"international","min_zoom":0},"geometry":{"type":"LineString","coordinates":[[-75.2845,-0.1065],[-75.4639,-0.0384],[-75.6173,0.0629],[-75.7767,0.0892],[-75.8798,0.151],[-76.0679,0.3456],[-76.2706,0.4394],[-76.311,0.4485],[-76.4134,0.3788],[-76.4273,0.2612],[-76.4946,0.2354],[-76.603,0.241],[-76.729,0.2721],[-76.7677,0.2416],[-76.9201,0.2685],[-77.0024,0.2963],[-77.1141,0.3551],[-77.2927,0.3604],[-77.3963,0.3939],[-77.4227,0.4248],[-77.4677,0.6365],[-77.6013,0.6895],[-77.6486,0.7236],[-77.7029,0.8378],[-77.8295,0.8254],[-78.037,0.8987],[-78.1807,0.9686],[-78.3121,1.0461],[-78.5115,1.1988],[-78.6817,1.2834],[-78.7371,1.3587],[-78.8597,1.4554]]}},
{"type":"Feature","properties":{"kind":"international","min_zoom":0},"geometry":{"type":"LineString","coordinates":[[-57.5955,3.3685],[-57.6467,3.3945],[-57.6495,3.5174],[-57.7204,3.5883],[-57.8327,3.676],[-57.8666,3.7873],[-57.9077,3.8567],[-58.0322,4.0019],[-58.0545,4.1719],[-57.9498,4.3499],[-57.9247,4.4531],[-57.846,4.6682],[-57.9171,4.8204],[-57.8449,4.9231],[-57.752,4.9545],[-57.7111,4.9911],[-57.5709,5.0045],[-57.4122,5.0046],[-57.331,5.0202],[-57.3096,5.1059],[-57.2073,5.2142],[-57.2796,5.2468],[-57.3186,5.3353],[-57.2479,5.4853],[-57.1948,5.5484]]}},
{"type":"Feature","properties":{"kind":"international","min_zoom":0},"geometry":{"type":"LineString","coordinates":[[-54.0821,3.3269],[-54.0095,3.4485],[-53.9905,3.5895],[-54.0342,3.6294],[-54.1128,3.7694],[-54.1974,3.8344],[-54.2555,3.9011],[-54.3507,4.0541],[-54.3422,4.14],[-54.3984,4.2025],[-54.3962,4.2414],[-54.4496,4.485],[-54.4261,4.583],[-54.4403,4.692],[-54.4711,4.7493],[-54.4733,4.9147],[-54.4522,5.0135],[-54.3317,5.1874],[-54.2402,5.2882],[-54.156,5.359]]}},
{"type":"Feature","properties":{"kind":"international","min_zoom":0},"geometry":{"type":"LineString","coordinates":[[-58.4146,-33.9444],[-58.4801,-33.7478],[-58.4645,-33.5126],[-58.3971,-33.2341],[-58.3591,-33.1194],[-58.2419,-33.1052],[-58.1348,-32.9762],[-58.1414,-32.8276],[-58.1817,-32.6394],[-58.2011,-32.4717]]}},
{"type":"Feature","properties":{"kind":"international","min_zoom":0},"geometry":{"type":"LineString","coordinates":[[-57.6089,-30.1878],[-57.6458,-30.227],[-57.6509,-30.295],[-57.7127,-30.3844],[-57.8312,-30.4952],[-57.8725,-30.5911],[-57.8186,-30.712],[-57.8106,-30.8586],[-57.8341,-30.9174],[-57.8983,-30.9752],[-57.8684,-31.1044],[-57.8933,-31.1954],[-57.9484,-31.2994],[-58.0334,-31.4166],[-58.0538,-31.4949],[-57.988,-31.5762],[-58.007,-31.6849],[-58.0423,-31.7693],[-58.0959,-31.8318],[-58.1675,-31.8727],[-58.189,-31.9243],[-58.1564,-32.0515],[-58.177,-32.119],[-58.1648,-32.1849],[-58.1198,-32.2489],[-58.123,-32.3219],[-58.2011,-32.4717]]}},
{"type":"Feature","properties":{"kind":"international","min_zoom":0},"geometry":{"type":"LineString","coordinates":[[-54.6159,-25.5761],[-54.5378,-25.5765],[-54.4439,-25.6249],[-54.3319,-25.5719],[-54.2501,-25.5704],[-54.1546,-25.5231],[-54.085,-25.5719],[-54.0123,-25.578],[-53.9548,-25.6477],[-53.8911,-25.6689],[-53.8642,-25.7489],[-53.8232,-25.9596],[-53.6713,-26.2251],[-53.6685,-26.2882],[-53.7109,-26.3518],[-53.7533,-26.7486],[-53.7173,-26.8829],[-53.8382,-27.1211],[-53.9353,-27.1612],[-54.0401,-27.2438],[-54.2052,-27.2896],[-54.2601,-27.382],[-54.327,-27.4235],[-54.4843,-27.4573],[-54.5549,-27.4541],[-54.7197,-27.5449],[-54.8291,-27.5506],[-54.8757,-27.5992],[-54.9102,-27.7085],[-54.9559,-27.7471],[-55.0399,-27.7678],[-55.1015,-27.8668],[-55.2437,-27.8989],[-55.3465,-27.9559],[-55.4098,-28.0378],[-55.4767,-28.0893],[-55.5824,-28.121],[-55.7255,-28.2041],[-55.746,-28.2555],[-55.6915,-28.3028],[-55.6873,-28.3817],[-55.732,-28.3866],[-55.8589,-28.3542],[-55.9054,-28.3997],[-55.9301,-28.4729],[-56.0196,-28.5246],[-56.0342,-28.5808],[-56.1029,-28.6517],[-56.2256,-28.7372],[-56.3223,-28.8524],[-56.3932,-28.9972],[-56.476,-29.0925],[-56.5707,-29.1381],[-56.6358,-29.203],[-56.6715,-29.2874],[-56.7724,-29.4179],[-56.9386,-29.5948],[-57.0894,-29.7162],[-57.2246,-29.7821],[-57.3007,-29.8565],[-57.3175,-29.9394],[-57.4052,-30.0339],[-57.5639,-30.14],[-57.6089,-30.1878]]}},
{"type":"Feature","properties":{"kind":"international","min_zoom":0},"geometry":{"type":"LineString","coordinates":[[20.6222,69.0369],[20.8951,68.9798],[20.9185,68.9069],[21.1834,68.8288],[21.4654,68.6907],[21.9974,68.5206],[22.7824,68.391],[23.0979,68.2576],[23.1825,68.1366],[23.3186,68.1303],[23.4743,68.0173],[23.6389,67.9544],[23.5019,67.8752],[23.5002,67.6962],[23.537,67.5904],[23.4655,67.5179],[23.4681,67.45],[23.7336,67.4229],[23.7749,67.3286],[23.6566,67.2678],[23.6231,67.1841],[23.6774,67.0681],[23.9418,66.8778],[23.9885,66.8105],[23.8942,66.7069],[23.8655,66.5766],[23.7011,66.4807],[23.6738,66.3807],[23.7003,66.2526],[23.7514,66.1912],[23.9073,66.1483],[24.049,65.9898],[24.1555,65.8053],[24.13,65.7592],[24.1883,65.6075],[24.116,65.5052]]}},
{"type":"Feature","properties":{"kind":"international","min_zoom":0},"geometry":{"type":"LineString","coordinates":[[4.2261,51.3865],[4.1726,51.3071],[4.04,51.2471],[3.9021,51.2077],[3.7557,51.2549],[3.5803,51.2862],[3.472,51.2422],[3.3801,51.2911],[3.3501,51.3777]]}},
{"type":"Feature","properties":{"kind":"international","min_zoom":0},"geometry":{"type":"LineString","coordinates":[[5.9939,50.7504],[5.7974,50.7545],[5.6936,50.7747],[5.6395,50.8436],[5.7366,50.9321],[5.8271,51.1256],[5.7524,51.1695],[5.6088,51.1985],[5.5087,51.275],[5.3109,51.2597],[5.2142,51.279],[5.0999,51.3465],[5.0595,51.4531],[4.9439,51.4078],[4.8481,51.4033],[4.7557,51.4911],[4.634,51.4217],[4.5034,51.4747],[4.3848,51.4276],[4.404,51.3671],[4.3045,51.3615],[4.2261,51.3865]]}},
{"type":"Feature","properties":{"kind":"international","min_zoom":0},"geometry":{"type":"LineString","coordinates":[[6.3443,49.4527],[6.4581,49.4428],[6.5343,49.3947],[6.5747,49.3197],[6.7354,49.1606],[6.8912,49.2075],[7.0015,49.1799],[7.0221,49.1235],[7.1999,49.1136],[7.4505,49.1522],[7.5255,49.0864],[7.6109,49.0618],[8.0012,49.011],[8.1348,48.9736],[8.1403,48.8864],[7.838,48.6361],[7.7948,48.5468],[7.7651,48.41],[7.7057,48.2801],[7.6166,48.1568],[7.5842,48.0643],[7.6085,48.0026],[7.5933,47.9057],[7.5386,47.7736],[7.5294,47.6739],[7.6156,47.5927]]}},
{"type":"Feature","properties":{"kind":"international","min_zoom":0},"geometry":{"type":"LineString","coordinates":[[9.524,47.5242],[9.1828,47.6707],[8.8811,47.6564],[8.7931,47.7166],[8.7283,47.7001],[8.6179,47.7661],[8.5098,47.7669],[8.4034,47.6878],[8.4517,47.6518],[8.4148,47.5896],[8.1983,47.6069],[8.0938,47.5762],[7.9271,47.5638],[7.6981,47.5699],[7.6156,47.5927]]}},
{"type":"Feature","properties":{"kind":"international","min_zoom":0},"geometry":{"type":"LineString","coordinates":[[9.5275,47.2708],[9.6091,47.3918],[9.6259,47.467],[9.524,47.5242]]}},
{"type":"Feature","properties":{"kind":"international","min_zoom":0},"geometry":{"type":"LineString","coordinates":[[9.5802,47.0574],[9.4877,47.0622],[9.4843,47.1727],[9.5275,47.2708]]}},
{"type":"Feature","properties":{"kind":"international","min_zoom":0},"geometry":{"type":"LineString","coordinates":[[7.0211,45.9258],[6.9537,46.0171],[6.772,46.1651],[6.8168,46.2752],[6.7581,46.4158],[6.5782,46.4374],[6.4289,46.4305],[6.3219,46.3937],[6.2347,46.3326],[6.273,46.2523],[6.1994,46.193],[6.0866,46.147],[5.9715,46.1512],[5.97,46.2147],[6.0959,46.2794],[6.1232,46.3786],[6.0602,46.4282],[6.1608,46.6111],[6.4101,46.7554],[6.4562,46.9483],[6.6248,47.0044],[6.9521,47.2672],[7.0006,47.3225],[6.9004,47.3942],[7.0535,47.4894],[7.136,47.4899],[7.2031,47.4327],[7.3431,47.4331],[7.42,47.4552],[7.4949,47.5474],[7.6156,47.5927]]}},
{"type":"Feature","properties":{"kind":"international","min_zoom":0},"geometry":{"type":"LineString","coordinates":[[-7.4061,37.1794],[-7.5035,37.5855],[-7.444,37.7283],[-7.3789,37.7864],[-7.2922,37.9065],[-7.1854,38.0064],[-7.0228,38.0447],[-6.9811,38.122],[-6.9748,38.1944],[-7.1064,38.181],[-7.343,38.4574],[-7.306,38.5668],[-7.2815,38.7145],[-7.1255,38.827],[-7.046,38.9071],[-6.998,39.0565],[-7.043,39.1071],[-7.1724,39.1352],[-7.3058,39.3381],[-7.3354,39.4651],[-7.4451,39.5362],[-7.5357,39.6616],[-7.4541,39.6807],[-7.1177,39.6817],[-7.0367,39.714],[-6.9754,39.7984],[-6.9112,39.9371],[-6.8961,40.0218],[-7.0278,40.1426],[-7.0147,40.2083],[-6.8101,40.3431],[-6.8479,40.411],[-6.8184,40.6541],[-6.8577,40.8783],[-6.9285,41.0092],[-6.8828,41.0624],[-6.7758,41.1077],[-6.6902,41.2145],[-6.5659,41.3037],[-6.4031,41.3754],[-6.2894,41.455],[-6.2125,41.532],[-6.2431,41.6018],[-6.3917,41.6654],[-6.5422,41.6725],[-6.559,41.7041],[-6.5575,41.8741],[-6.6183,41.9424],[-6.7036,41.9346],[-6.8332,41.9642],[-6.8655,41.9452],[-7.0304,41.9506],[-7.1471,41.9811],[-7.2096,41.8953],[-7.2685,41.8644],[-7.4036,41.8337],[-7.5126,41.836],[-7.693,41.8885],[-7.8964,41.8706],[-7.9209,41.8836],[-8.0944,41.8142],[-8.1525,41.812],[-8.2247,41.8958],[-8.13,42.0182],[-8.2131,42.1337],[-8.5381,42.0693],[-8.683,42.0085],[-8.7771,41.9411]]}},
{"type":"Feature","properties":{"kind":"international","min_zoom":0},"geometry":{"type":"LineString","coordinates":[[13.8147,48.7669],[13.7853,48.5875],[13.6752,48.523],[13.4867,48.5818],[13.4598,48.5645],[13.4093,48.3942],[13.3228,48.3313],[13.0821,48.2751],[12.8142,48.1609],[12.76,48.076],[12.9536,47.8906],[12.9542,47.8078],[12.8976,47.7219],[13.0336,47.6987],[13.0479,47.5792],[13.0143,47.4781],[12.8789,47.5065],[12.7828,47.5642],[12.7714,47.6394],[12.6859,47.6693],[12.4829,47.6373],[12.3632,47.6882],[12.1969,47.7091],[12.1856,47.6195],[11.7168,47.5835],[11.5739,47.5497],[11.3929,47.4872],[11.2979,47.4249],[11.1912,47.4252],[11.0419,47.3931],[10.9809,47.3982],[10.8939,47.4704],[10.8731,47.5202],[10.7416,47.5241],[10.6587,47.5472],[10.4304,47.5411],[10.4039,47.417],[10.3128,47.3134],[10.183,47.2788],[10.2003,47.3634],[10.0965,47.3796],[10.0341,47.4736],[9.9716,47.5053],[9.7489,47.5755],[9.6506,47.5259],[9.524,47.5242]]}},
{"type":"Feature","properties":{"kind":"international","min_zoom":0},"geometry":{"type":"LineString","coordinates":[[16.0931,46.8633],[15.9768,46.8014],[15.9577,46.6776],[15.7669,46.7113],[15.6327,46.6984],[15.4393,46.6297],[15.217,46.643],[15.0007,46.626],[14.8406,46.5805],[14.7568,46.4991],[14.597,46.4361],[14.5035,46.4171],[14.0995,46.4619],[13.8314,46.5112],[13.7,46.5203]]}},
{"type":"Feature","properties":{"kind":"international","min_zoom":0},"geometry":{"type":"LineString","coordinates":[[18.4364,42.5597],[18.5349,42.6201],[18.5433,42.6742],[18.466,42.7772],[18.4439,42.9684],[18.4885,43.0122],[18.6236,43.0277],[18.6218,43.1246],[18.6742,43.2308],[18.8511,43.3463],[18.9347,43.3394],[19.0267,43.2924],[19.0367,43.3573],[18.9402,43.4967],[18.9742,43.5424],[19.0801,43.5177],[19.1944,43.5333]]}},
{"type":"Feature","properties":{"kind":"international","min_zoom":0},"geometry":{"type":"LineString","coordinates":[[19.1944,43.5333],[19.2545,43.5844],[19.3603,43.5935],[19.4512,43.562],[19.4951,43.6429],[19.4881,43.7036],[19.2451,43.965],[19.3053,43.9934],[19.4494,43.978],[19.5495,43.9871],[19.5837,44.0435],[19.3389,44.2258],[19.1518,44.3025],[19.1185,44.36],[19.1513,44.5273],[19.2919,44.6968],[19.3569,44.8586],[19.2368,44.9143],[19.0071,44.8692],[18.8364,44.8833],[18.7883,44.9149],[18.7461,45.0265],[18.6626,45.0775],[18.4883,45.0859],[18.285,45.1343],[18.1372,45.1194],[17.9963,45.1418],[17.8744,45.0772],[17.8128,45.0781],[17.6901,45.1584],[17.5462,45.1226],[17.3241,45.164],[17.1254,45.1718],[16.9187,45.2766],[16.7908,45.1969],[16.5307,45.2167],[16.4535,45.162],[16.365,45.0583],[16.2934,45.0088],[16.1573,45.0722],[16.0284,45.1896],[15.8883,45.2157],[15.7881,45.1789],[15.738,44.8564],[15.7366,44.7658],[15.88,44.682],[16.1303,44.4737],[16.2142,44.2151],[16.3775,44.0596],[16.5905,43.9132],[16.7134,43.7788],[17.0846,43.5166],[17.2481,43.4702],[17.2738,43.4458],[17.293,43.3056],[17.4022,43.1989],[17.6248,43.0427],[17.6578,42.9801],[17.5851,42.9384]]}},
{"type":"Feature","properties":{"kind":"international","min_zoom":0},"geometry":{"type":"LineString","coordinates":[[19.0071,44.8692],[19.0095,44.9194],[19.0853,44.9268],[19.1001,44.9738],[19.0628,45.1372],[19.206,45.1678],[19.3881,45.173],[19.4,45.2125],[19.3303,45.2681],[19.0931,45.3369],[19.0047,45.3995],[19.0077,45.4658],[19.0551,45.5272],[18.9537,45.558],[18.9178,45.6008],[18.9473,45.6558],[18.8945,45.7671],[18.8391,45.8358],[18.8936,45.8655],[18.9054,45.9317]]}},
{"type":"Feature","properties":{"kind":"international","min_zoom":0},"geometry":{"type":"LineString","coordinates":[[16.9531,48.5988],[16.9852,48.6769],[17.0633,48.7807],[17.1884,48.8609],[17.4826,48.8278],[17.6254,48.8418],[17.7585,48.8881],[17.9407,49.0119],[18.086,49.0651],[18.11,49.1798],[18.1609,49.2574],[18.3648,49.3362],[18.4159,49.3909],[18.5965,49.4915],[18.8322,49.5108]]}},
{"type":"Feature","properties":{"kind":"international","min_zoom":0},"geometry":{"type":"LineString","coordinates":[[17.1474,48.006],[16.9726,48.1981],[16.8655,48.3869],[16.8627,48.4414],[16.9434,48.5509],[16.9531,48.5988]]}},
{"type":"Feature","properties":{"kind":"international","min_zoom":0},"geometry":{"type":"LineString","coordinates":[[17.1474,48.006],[17.3173,47.9909],[17.4806,47.8876],[17.6353,47.8099],[17.7619,47.7702],[18.1456,47.7634],[18.7242,47.7872],[18.778,47.8529],[18.7501,47.9395],[18.7919,48.0003],[18.9141,48.0508],[19.2651,48.073],[19.467,48.1107],[19.5642,48.2128],[19.6254,48.2231],[19.8986,48.1313],[20.3338,48.2956],[20.49,48.5269],[20.6431,48.5497],[20.8666,48.5457],[21.0673,48.5059],[21.1964,48.5106],[21.3824,48.5535],[21.4513,48.5522],[21.5632,48.4957],[21.7215,48.3466],[21.767,48.3381],[22.1113,48.3934],[22.1319,48.4053]]}},
{"type":"Feature","properties":{"kind":"international","min_zoom":0},"geometry":{"type":"LineString","coordinates":[[14.8094,50.859],[14.9638,51.0951],[15.0166,51.2527],[14.906,51.4633],[14.7247,51.5239],[14.7387,51.6271],[14.6239,51.7708],[14.6016,51.8324],[14.6749,51.9048],[14.7526,52.0818],[14.7046,52.1102],[14.7054,52.2075],[14.6157,52.2776],[14.5546,52.3596],[14.6194,52.5285],[14.514,52.6456],[14.2537,52.7825],[14.1286,52.8782],[14.1937,52.9823],[14.2932,53.0267],[14.3686,53.1055],[14.4109,53.199],[14.4146,53.2835],[14.2987,53.5564],[14.2661,53.7071],[14.1982,53.9191],[14.2114,53.9504]]}},
{"type":"Feature","properties":{"kind":"international","min_zoom":0},"geometry":{"type":"LineString","coordinates":[[22.8766,47.9473],[22.8362,48.0603],[22.7692,48.1096],[22.6763,48.1044],[22.5824,48.134],[22.5202,48.2054],[22.3502,48.256],[22.2538,48.4074],[22.1319,48.4053]]}},
{"type":"Feature","properties":{"kind":"international","min_zoom":0},"geometry":{"type":"LineString","coordinates":[[28.5853,43.7422],[28.4235,43.7405],[28.222,43.7728],[28.05,43.8224],[27.8843,43.9873],[27.7386,43.9563],[27.6709,43.9978],[27.561,44.0201],[27.4253,44.0205],[27.0869,44.1674],[26.8477,44.1462],[26.4892,44.084],[26.2158,44.0073],[25.9334,43.8706],[25.8188,43.7668],[25.6861,43.7118],[25.4971,43.6708],[25.1596,43.6863],[24.4306,43.7944],[24.2268,43.7635],[23.9508,43.7867],[23.5346,43.8536],[23.2246,43.8739],[22.919,43.8345],[22.8677,43.8646],[22.8683,43.9479],[22.9854,44.017],[23.0285,44.078],[22.9454,44.1273],[22.7752,44.1952],[22.7051,44.2378]]}},
{"type":"Feature","properties":{"kind":"international","min_zoom":0},"geometry":{"type":"LineString","coordinates":[[20.2418,46.1086],[20.3586,45.9755],[20.5812,45.8695],[20.7093,45.7352],[20.775,45.7498],[20.7742,45.4844],[20.9418,45.3653],[21.2264,45.2413],[21.4315,45.1925],[21.4918,45.1223],[21.4207,45.033],[21.3571,44.9908],[21.5332,44.9189],[21.52,44.8808],[21.3844,44.8701],[21.3601,44.8267]]}},
{"type":"Feature","properties":{"kind":"international","min_zoom":0},"geometry":{"type":"LineString","coordinates":[[22.916,41.3363],[23.156,41.3221],[23.2399,41.385],[23.4334,41.3987],[23.6352,41.3868],[23.7623,41.413],[23.8809,41.4559],[24.0329,41.4691],[24.056,41.5272],[24.3868,41.5235],[24.5182,41.5526],[24.596,41.4427],[24.7737,41.3561],[24.8469,41.3942],[24.9935,41.365],[25.1334,41.3158],[25.2512,41.2435],[25.5271,41.2998],[25.7849,41.3304],[25.9233,41.3119],[26.0663,41.3507],[26.1353,41.3857],[26.1436,41.5215],[26.066,41.6732],[26.1074,41.7257],[26.2006,41.7438],[26.3209,41.7166],[26.4105,41.6963],[26.4951,41.6332],[26.5814,41.6013],[26.6249,41.4018],[26.6024,41.3541],[26.5364,41.3431],[26.3306,41.2388],[26.3326,41.0643],[26.3541,40.9971],[26.3311,40.9545],[26.1789,40.8265],[26.1092,40.7497],[26.039,40.7268]]}},
{"type":"Feature","properties":{"kind":"international","min_zoom":0},"geometry":{"type":"LineString","coordinates":[[20.064,42.5473],[19.9391,42.5067],[19.7883,42.4762],[19.7378,42.5252],[19.7407,42.6069],[19.6544,42.6286],[19.5446,42.492],[19.3996,42.3419],[19.2807,42.1726],[19.3614,42.0691],[19.3424,41.8691]]}},
{"type":"Feature","properties":{"kind":"international","min_zoom":0},"geometry":{"type":"LineString","coordinates":[[26.619,48.2598],[26.7873,48.2558],[26.901,48.2111],[26.9808,48.155],[27.1521,47.9593],[27.2308,47.8417],[27.278,47.718],[27.3369,47.6398],[27.4493,47.5531],[27.6141,47.3405],[27.7679,47.2276],[27.8538,47.1145],[28.0718,46.9784],[28.1499,46.7921],[28.2395,46.6408],[28.2226,46.5081],[28.2444,46.4513],[28.1192,46.1387],[28.0997,45.9726],[28.1155,45.8255],[28.1598,45.6471],[28.0747,45.599],[28.2125,45.4505]]}},
{"type":"Feature","properties":{"kind":"international","min_zoom":0},"geometry":{"type":"LineString","coordinates":[[22.8766,47.9473],[23.0548,48.0066],[23.1395,48.0874],[23.2026,48.0845],[23.4082,47.99],[23.6287,47.9958],[24.0018,47.9358],[24.0598,47.9448],[24.1777,47.9061],[24.282,47.9112],[24.4841,47.9471],[24.5789,47.9311],[24.8933,47.7178],[25.0739,47.7457],[25.1697,47.8231],[25.4643,47.9108],[25.6893,47.9325],[25.9087,47.9676],[26.1627,47.9925],[26.2769,48.1132],[26.3056,48.2038],[26.619,48.2598]]}},
{"type":"Feature","properties":{"kind":"international","min_zoom":0},"geometry":{"type":"LineString","coordinates":[[22.5387,49.0727],[22.5799,49.0772],[22.8098,49.0207],[22.8471,49.0813],[22.7056,49.1712],[22.7324,49.2952],[22.6495,49.539],[22.7061,49.6062],[23.0363,49.8991],[23.2645,50.0729],[23.5062,50.2299],[23.7118,50.3773],[23.9726,50.4101],[24.0899,50.5305],[24.0947,50.617],[24.0463,50.7228],[23.9784,50.7856],[24.1057,50.845],[23.9381,50.9925],[23.8634,51.1262],[23.6644,51.31],[23.6797,51.3949],[23.6053,51.5179]]}},
{"type":"Feature","properties":{"kind":"international","min_zoom":0},"geometry":{"type":"LineString","coordinates":[[20.8998,55.2867],[21.0753,55.2632],[21.3892,55.2755],[21.5547,55.1953],[21.8739,55.1007],[22.0724,55.0637],[22.5673,55.0591],[22.6274,54.9707],[22.7366,54.9288],[22.8312,54.8385],[22.7097,54.6326],[22.6798,54.493],[22.7662,54.3568]]}},
{"type":"Feature","properties":{"kind":"international","min_zoom":0},"geometry":{"type":"LineString","coordinates":[[31.7634,52.1011],[31.6906,52.2206],[31.5773,52.3123],[31.5855,52.5325],[31.5262,52.633],[31.5635,52.7315],[31.5352,52.7982],[31.2588,53.0167],[31.4179,53.196],[31.6683,53.2009],[31.7474,53.1842],[31.8497,53.1062],[32.142,53.0912],[32.4263,53.2106],[32.4694,53.2703],[32.7043,53.3363],[32.6857,53.4482],[32.4696,53.547],[32.4252,53.6173],[32.4501,53.6929],[32.2004,53.7812],[31.9921,53.7969],[31.8208,53.7919],[31.7542,53.8105],[31.8253,53.935],[31.8378,54.0008],[31.792,54.0559],[31.4036,54.1959],[31.2991,54.2917],[31.1848,54.453],[31.0748,54.4918],[31.1549,54.611],[31.1213,54.6485],[30.9842,54.6959],[30.7989,54.7833],[30.8299,54.915],[30.9777,55.0505],[30.9589,55.1376],[30.8145,55.2787],[30.821,55.3303],[30.9006,55.3974],[30.9069,55.57],[30.6256,55.6663],[30.4563,55.7868],[30.2336,55.8452],[29.937,55.8453],[29.7442,55.7704],[29.6846,55.7697],[29.4823,55.6846],[29.3534,55.7844],[29.3979,55.8811],[29.375,55.9387],[29.0874,56.0211],[28.9474,56.0021],[28.7948,55.9426],[28.7408,55.9554],[28.6369,56.0617],[28.564,56.092],[28.3921,56.0867],[28.2843,56.0559],[28.1479,56.1429]]}},
{"type":"Feature","properties":{"kind":"international","min_zoom":0},"geometry":{"type":"LineString","coordinates":[[31.7634,52.1011],[31.9738,52.0466],[32.1223,52.0506],[32.2828,52.114],[32.363,52.2721],[32.5079,52.3085],[32.8065,52.2526],[32.8997,52.2563],[33.1484,52.3404],[33.2871,52.3535],[33.4518,52.3338],[33.7352,52.3448],[33.922,52.2515],[34.0153,52.156],[34.113,51.9796],[34.3978,51.7804],[34.3793,51.7165],[34.1212,51.6792],[34.1154,51.645],[34.2009,51.5538],[34.2066,51.4199],[34.2807,51.3117],[34.2342,51.2438],[34.4911,51.2371],[34.7123,51.1722],[35.0641,51.2034],[35.1581,51.061],[35.3119,51.0439],[35.3091,50.9869],[35.3831,50.7989],[35.4401,50.7277],[35.3917,50.6109],[35.4116,50.5397],[35.4885,50.4599],[35.5455,50.44],[35.5911,50.3688],[35.6737,50.346],[35.8902,50.4371],[36.1164,50.4085],[36.3061,50.2804],[36.3689,50.2968],[36.4998,50.2804],[36.6195,50.2092],[36.7591,50.2918],[36.9885,50.3396],[37.1312,50.3515],[37.3432,50.4176],[37.4228,50.4115],[37.5823,50.2919],[37.6051,50.2149],[37.7042,50.1091],[37.9503,49.9642],[38.0469,49.92],[38.1627,49.9545],[38.1776,50.0254],[38.2586,50.0523],[38.4512,49.9641],[38.6478,49.9529],[38.9184,49.8247],[39.0277,49.8184],[39.1748,49.856],[39.303,49.7421],[39.4628,49.728],[39.7805,49.572],[39.8768,49.5677],[40.0307,49.5967],[40.0949,49.5427],[40.0578,49.4316],[40.1262,49.3689],[40.1283,49.3072],[40.07,49.2003],[39.8897,49.0641],[39.6865,49.0079],[39.7534,48.9144],[39.9892,48.8514],[39.9042,48.7938],[39.7929,48.8077],[39.7046,48.7394],[39.6447,48.5912],[39.8356,48.5428],[39.8898,48.3605],[39.8663,48.2884],[39.961,48.2379],[39.885,48.1684],[39.7758,47.9645],[39.7787,47.8875],[39.736,47.8448],[39.391,47.8337],[39.1585,47.8374],[38.9003,47.8551],[38.8223,47.837],[38.7189,47.7141],[38.6406,47.6659],[38.511,47.6224],[38.3689,47.61],[38.2874,47.5592],[38.2565,47.4089],[38.2014,47.3208],[38.2807,47.2766],[38.2014,47.1753],[38.2144,47.0914]]}},
{"type":"Feature","properties":{"kind":"international","min_zoom":0},"geometry":{"type":"LineString","coordinates":[[43.4394,41.1071],[43.5175,41.0048],[43.6317,40.929],[43.7226,40.7195],[43.7129,40.6478],[43.6679,40.5741],[43.5694,40.4824],[43.6084,40.3566],[43.7099,40.1665],[43.6663,40.1264],[43.7917,40.0702],[44.0054,40.0141],[44.2892,40.0404],[44.3996,39.9958],[44.5605,39.8876],[44.7338,39.7465],[44.7683,39.7035],[44.7833,39.6847]]}},
{"type":"Feature","properties":{"kind":"international","min_zoom":0},"geometry":{"type":"LineString","coordinates":[[87.8183,49.1621],[87.9348,49.1646],[88.1157,49.2563],[88.1355,49.3815],[88.1926,49.4517],[88.3933,49.4828],[88.6332,49.4862],[88.7479,49.4462],[88.8317,49.4485],[88.9001,49.5397],[89.0084,49.4728],[89.18,49.5322],[89.244,49.627],[89.3956,49.6115],[89.475,49.6605],[89.6541,49.7175],[89.6439,49.9031],[89.7442,49.9481],[89.878,49.9535],[89.9773,49.9843],[90.005,50.0693],[90.0538,50.0937],[90.2245,50.1167],[90.5169,50.2133],[90.6551,50.2224],[90.7607,50.306],[90.8381,50.3237],[91.0216,50.4155],[91.3408,50.47],[91.415,50.468],[91.4465,50.5222],[91.5969,50.5755],[91.7064,50.6655],[91.8042,50.6936],[92.104,50.692],[92.1923,50.7006],[92.2653,50.7752],[92.2958,50.8498],[92.3548,50.8642],[92.4864,50.7651],[92.6266,50.6883],[92.7387,50.7109],[92.7793,50.7787],[92.9413,50.7782],[93.0099,50.6545],[93.1031,50.6039],[93.2705,50.6156],[93.6256,50.5856],[94.2511,50.5564],[94.287,50.5114],[94.3469,50.3034],[94.3547,50.2218],[94.5646,50.088],[94.6147,50.0237],[94.7181,50.0433],[94.9303,50.0438],[95.0444,49.9616],[95.1663,49.9438],[95.3856,49.9412],[95.5227,49.9112],[95.5672,49.9438],[95.7078,49.966],[95.8519,50.0129],[95.9357,49.96],[96.0655,49.9987],[96.2297,49.9541],[96.3151,49.9011],[96.5058,49.9187],[96.5984,49.8784],[96.7117,49.9116],[96.9857,49.8828],[97.1369,49.7617],[97.2086,49.7308],[97.3598,49.7414],[97.5408,49.8431],[97.5894,49.9115],[97.7207,49.9447],[97.854,49.9468],[98.0039,50.0143],[98.1034,50.0778],[98.2503,50.3025],[98.2927,50.4869],[98.2795,50.5332],[98.145,50.5685],[98.0298,50.6446],[97.962,50.7691],[97.9532,50.8552],[97.8253,50.9853],[97.8357,51.0517],[97.9109,51.1652],[97.9469,51.3484],[98.0376,51.4499],[98.2199,51.5056],[98.2374,51.5784],[98.3528,51.7176],[98.6405,51.8012],[98.8026,51.9574],[98.8487,52.0701],[98.9581,52.1017],[99.0343,52.0354],[99.4071,51.9235],[99.7193,51.8716],[99.9216,51.7555],[100.0345,51.7371],[100.4689,51.7261],[100.5362,51.7135],[101.2232,51.5133],[101.3812,51.4526],[101.5709,51.4672],[101.8212,51.421],[102.1115,51.3535],[102.1557,51.3138],[102.1519,51.1075],[102.1945,51.0507],[102.2262,50.9014],[102.2151,50.8294],[102.3166,50.7185],[102.2884,50.5851],[102.3364,50.5443],[102.4694,50.5257],[102.5463,50.4613],[102.6833,50.3872],[102.8597,50.3333],[103.1617,50.2907],[103.3044,50.2003],[103.4212,50.1871],[103.6329,50.1386],[103.8026,50.1761],[104.0787,50.1542],[104.1797,50.1694],[104.3539,50.2753],[104.4663,50.3061],[104.977,50.3829],[105.0947,50.3899],[105.2667,50.4605],[105.3836,50.4737],[105.6925,50.4142],[105.8752,50.4054],[106.0825,50.3326],[106.2178,50.3046],[106.5745,50.3288],[106.7111,50.3126],[106.9413,50.1967],[107.0402,50.0865],[107.2333,49.9894],[107.631,49.9831],[107.9165,49.9478],[107.9478,49.9247],[107.9368,49.691],[108.0338,49.594],[108.2131,49.5248],[108.407,49.3964],[108.5225,49.3415],[108.6137,49.3228],[108.733,49.3356],[109.2367,49.3349],[109.4537,49.2963],[109.5287,49.2699],[109.9946,49.2056],[110.1999,49.1704],[110.3214,49.2159],[110.4278,49.22],[110.6311,49.1376],[110.8279,49.1661],[111.3366,49.3559],[111.4293,49.3426],[111.7356,49.3978],[112.0797,49.4242],[112.3751,49.5146],[112.4949,49.5323],[112.6973,49.5073],[112.8064,49.5236],[113.0556,49.6162],[113.1642,49.7972],[113.5742,50.007],[113.8811,50.1011],[114.0707,50.2047],[114.297,50.2744],[114.3863,50.2555],[114.7432,50.2337],[115.0033,50.1386],[115.098,50.0594],[115.2745,49.9489],[115.4292,49.8965],[115.7177,49.8806],[116.1345,50.0108],[116.2168,50.0093],[116.5512,49.9203],[116.6833,49.8238]]}},
{"type":"Feature","properties":{"kind":"international","min_zoom":0},"geometry":{"type":"LineString","coordinates":[[116.6833,49.8238],[116.889,49.7378],[117.2456,49.6249],[117.4772,49.6094],[117.6985,49.5358],[117.8735,49.5135],[118.4515,49.8445],[118.756,49.9628],[118.9795,49.9789],[119.1475,50.0134],[119.2598,50.0664],[119.3261,50.1549],[119.3462,50.2789],[119.3016,50.3539],[119.1919,50.3798],[119.2807,50.561],[119.3441,50.6339],[119.4457,50.7028],[119.5018,50.7792],[119.5123,50.8631],[119.5734,50.9468],[119.6849,51.0301],[119.746,51.1077],[119.7566,51.1795],[119.8132,51.2671],[119.967,51.4221],[120.0669,51.6007],[120.237,51.723],[120.5105,51.8485],[120.6815,51.9731],[120.7498,52.0965],[120.7445,52.2055],[120.6654,52.2999],[120.6503,52.3959],[120.6992,52.4936],[120.6561,52.5667],[120.5212,52.615],[120.36,52.627],[120.1727,52.6025],[120.0675,52.6329],[120.0443,52.7182],[120.0945,52.7872],[120.2181,52.8399],[120.4213,52.9681],[120.7041,53.1718],[120.9855,53.2846],[121.4054,53.3171],[122.0888,53.4515],[122.3378,53.485],[122.5159,53.457],[122.7448,53.4685],[122.9576,53.4977],[123.1541,53.5446],[123.3096,53.5556],[123.424,53.5308],[123.6078,53.5465],[123.741,53.511],[123.9947,53.4056],[124.1543,53.3587],[124.2915,53.3409],[124.3691,53.2709],[124.4659,53.2296],[124.6399,53.2107],[124.8124,53.1338],[124.8821,53.1297],[124.971,53.1973],[125.075,53.2037],[125.2256,53.1658],[125.4225,53.0837],[125.546,53.0476],[125.6491,53.0423],[125.6917,53.0037],[125.6808,52.9308],[125.7281,52.8907],[125.8719,52.8715],[125.9416,52.8007],[126.0482,52.7395],[126.0601,52.692],[126.016,52.6102],[126.0459,52.5734],[126.1566,52.5466],[126.2376,52.4448],[126.3128,52.3997],[126.3242,52.3317],[126.3835,52.2865],[126.3948,52.173],[126.4556,52.1265],[126.5106,51.9258],[126.6537,51.7813],[126.7008,51.703],[126.7092,51.5663],[126.8054,51.5056],[126.8018,51.448],[126.8477,51.3742],[126.8338,51.3149],[126.8877,51.2301],[126.9248,51.1001],[127.0204,50.9859],[127.1983,50.8295],[127.307,50.708],[127.3468,50.6214],[127.3472,50.5501],[127.3061,50.4535],[127.3372,50.3502],[127.3953,50.2986],[127.5903,50.209],[127.5124,50.0717],[127.4918,49.975],[127.5024,49.8734],[127.5508,49.8018],[127.6367,49.7602],[127.7112,49.6715],[127.8143,49.6221],[127.9996,49.5686],[128.2371,49.5593],[128.5268,49.5942],[128.704,49.6001],[128.791,49.5418],[128.8194,49.4638],[128.9383,49.4489],[129.1201,49.3621],[129.2484,49.3786],[129.3099,49.3538],[129.3847,49.3894],[129.4982,49.3888],[129.5337,49.3234],[129.6711,49.2785],[129.7925,49.1989],[130.0371,48.9723],[130.196,48.8916],[130.3553,48.8664],[130.5531,48.8612],[130.6172,48.7732],[130.5656,48.6801],[130.5521,48.6025],[130.6592,48.4834],[130.7469,48.4304],[130.8042,48.3415],[130.7872,48.2546],[130.7121,48.1277],[130.7326,48.0192],[130.8486,47.9294],[130.9154,47.8429],[130.9329,47.7598],[131.0028,47.6915],[131.3194,47.7278],[131.4643,47.7226],[131.5568,47.682],[131.7853,47.6805],[132.1498,47.718],[132.3802,47.7295],[132.4763,47.715],[132.5619,47.7685],[132.6369,47.8901],[132.7072,47.9473],[132.7728,47.9401],[132.8771,47.9791],[133.0201,48.0644],[133.144,48.1056],[133.4684,48.0972],[133.5733,48.133],[133.6718,48.2077],[133.8422,48.2737],[134.2934,48.3734],[134.4562,48.3553],[134.5635,48.3217],[134.6652,48.2539],[134.6693,48.1533],[134.566,48.0225],[134.7523,47.7154],[134.6958,47.6249],[134.5962,47.5239],[134.4835,47.4474],[134.2909,47.4136],[134.1677,47.3022],[134.2021,47.1281],[134.1369,47.069],[134.0386,46.8582],[134.0226,46.7132],[133.8666,46.4991],[133.9028,46.3669],[133.8613,46.2478],[133.7007,46.1398],[133.6857,46.0089],[133.608,45.9203],[133.5131,45.8788],[133.4491,45.7051],[133.4364,45.6047],[133.2669,45.5453],[133.186,45.4948],[133.1134,45.3214],[133.0969,45.2205],[133.1135,45.1307],[132.936,45.0299],[131.9775,45.244],[131.8518,45.3268],[131.7421,45.2426],[131.654,45.2054],[131.5788,45.0837],[131.4469,44.984],[131.228,44.9202],[131.0823,44.91],[130.9817,44.8443],[130.9677,44.8],[131.0607,44.6597],[131.2553,44.0716],[131.2133,44.0029],[131.1742,43.7047],[131.1825,43.5056],[131.2618,43.4331],[131.1756,43.1422],[131.0862,43.0381],[131.0686,42.9023],[130.9428,42.8518],[130.8685,42.8633],[130.5773,42.8116],[130.4248,42.727],[130.4392,42.6855],[130.5206,42.6743],[130.5766,42.6232],[130.5845,42.5673],[130.5269,42.5354]]}},
{"type":"Feature","properties":{"kind":"international","min_zoom":0},"geometry":{"type":"LineString","coordinates":[[130.5269,42.5354],[130.3607,42.6308],[130.2467,42.7448],[130.2404,42.8918],[130.1513,42.9179],[130.0826,42.9742],[130.0223,42.9626],[129.8983,42.9982],[129.7792,42.7766],[129.7734,42.7055],[129.7198,42.475],[129.6039,42.4359],[129.5237,42.3846],[129.4237,42.4359],[129.3137,42.4136],[129.2178,42.3127],[129.1955,42.2185],[128.9234,42.0382],[128.749,42.0407],[128.6267,42.0208],[128.4272,42.0107],[128.3079,42.0257],[128.0452,41.9875],[128.0329,41.8985],[128.1818,41.7],[128.2578,41.6554],[128.2909,41.5628],[128.2003,41.433],[128.1112,41.3893],[128.0131,41.4487],[127.9187,41.4611],[127.6876,41.44],[127.517,41.4818],[127.4204,41.4838],[127.1797,41.5314],[127.1284,41.6074],[127.0069,41.7421],[126.9035,41.7811],[126.7877,41.7182],[126.7431,41.7248],[126.6012,41.641],[126.4904,41.3581],[126.4119,41.3213],[126.2536,41.1378],[126.1445,41.0783],[126.0668,40.9741],[125.989,40.9046],[125.7283,40.8667],[125.6451,40.779],[125.5938,40.779],[125.4169,40.6599],[125.3144,40.6446],[125.026,40.5239],[124.9968,40.4648],[124.8894,40.4598],[124.772,40.3837],[124.7124,40.3192],[124.481,40.1817],[124.3867,40.1043],[124.3622,40.004]]}},
{"type":"Feature","properties":{"kind":"international","min_zoom":0},"geometry":{"type":"LineString","coordinates":[[130.5269,42.5354],[130.5541,42.4747],[130.6515,42.3725],[130.6874,42.3025]]}},
{"type":"Feature","properties":{"kind":"international","min_zoom":0},"geometry":{"type":"LineString","coordinates":[[70.958,40.2389],[70.6531,40.2012],[70.6028,40.2141],[70.5336,40.3245],[70.3983,40.3614],[70.3826,40.4535],[70.712,40.6691],[70.751,40.7396],[70.6391,40.7785],[70.6573,40.8397],[70.4415,41.0234],[70.3727,41.0277],[70.2921,40.8917],[70.1363,40.8204],[69.7128,40.657],[69.6284,40.6791],[69.4982,40.7671],[69.4139,40.7971],[69.3094,40.7239],[69.3139,40.6348],[69.2063,40.5666],[69.3042,40.3274],[69.2196,40.2881],[69.2749,40.1981],[69.2283,40.1876],[68.9517,40.2226],[68.6526,40.1827],[68.6397,40.1292],[68.9269,40.1363],[68.9556,40.0714],[68.8047,40.0503],[68.7894,40.0133],[68.8688,39.9075],[68.7778,39.9042],[68.7353,39.8362],[68.6389,39.8389],[68.5861,39.6349],[68.4633,39.5367],[68.3991,39.5289],[68.0771,39.5641],[67.7191,39.6214],[67.5425,39.5576],[67.4262,39.4656],[67.3496,39.2421],[67.4004,39.1967],[67.6165,39.1503],[67.6673,39.1092],[67.6765,39.0085],[67.7685,38.9822],[67.9596,38.9929],[68.1035,38.962],[68.1485,38.8907],[68.0479,38.6693],[68.0872,38.4735],[68.1441,38.3831],[68.3331,38.2378],[68.3545,38.1696],[68.2941,38.0329],[68.2365,37.9596],[68.1741,37.9284],[68.0876,37.8354],[68.011,37.721],[67.8635,37.5707],[67.8143,37.487],[67.7981,37.245],[67.759,37.1722]]}},
{"type":"Feature","properties":{"kind":"international","min_zoom":0},"geometry":{"type":"LineString","coordinates":[[35.8927,35.9166],[35.9676,35.9101],[36.1273,35.8315],[36.202,35.9375],[36.3475,36.0035],[36.3754,36.1713],[36.4771,36.2207],[36.6368,36.234],[36.6415,36.2635],[36.5374,36.4574],[36.5969,36.7014],[36.6586,36.8026],[36.7766,36.7927],[36.9418,36.7584],[36.9853,36.7024],[37.0662,36.6526],[37.1874,36.6559],[37.4364,36.6433],[37.7204,36.7437],[37.9067,36.7947],[38.1917,36.9015],[38.3059,36.8934],[38.4438,36.8622],[38.6889,36.7151],[38.7667,36.6931],[38.9065,36.6947],[39.1084,36.6806],[39.3566,36.6816],[39.6865,36.7386],[40.0164,36.826],[40.4504,37.0089],[40.7057,37.0977],[40.9589,37.1092],[41.2646,37.0693],[41.5155,37.0892],[41.8868,37.1564],[42.0599,37.2061],[42.1679,37.2886],[42.2685,37.2766],[42.3128,37.2296],[42.359,37.1086]]}},
{"type":"Feature","properties":{"kind":"international","min_zoom":0},"geometry":{"type":"LineString","coordinates":[[35.4505,31.4793],[35.4007,31.2305],[35.4393,31.1324],[35.383,30.9823],[35.3201,30.8602],[35.1741,30.5239],[35.1482,30.3843],[35.1327,30.1953],[35.1416,30.1417],[35.0682,29.9779],[34.9734,29.555]]}},
{"type":"Feature","properties":{"kind":"international","min_zoom":0},"geometry":{"type":"LineString","coordinates":[[35.5515,32.3955],[35.572,32.2379],[35.5347,32.103],[35.5315,31.9849],[35.559,31.7655],[35.4995,31.6724],[35.4505,31.4793]]}},
{"type":"Feature","properties":{"kind":"international","min_zoom":0},"geometry":{"type":"LineString","coordinates":[[35.6112,32.6821],[35.5728,32.6409],[35.5515,32.3955]]}},
{"type":"Feature","properties":{"kind":"international","min_zoom":0},"geometry":{"type":"LineString","coordinates":[[88.1098,27.8706],[87.9334,27.8908],[87.8607,27.8861],[87.6827,27.8214],[87.2907,27.8219],[87.1414,27.8383],[87.0201,27.9287],[86.9338,27.9685],[86.7504,28.0221],[86.6905,28.0949],[86.5545,28.0852],[86.5169,27.9635],[86.4087,27.9287],[86.2179,28.0221],[86.137,28.1143],[86.0787,28.0836],[86.0641,27.9347],[85.9541,27.9282],[85.8403,28.1354],[85.7594,28.2207],[85.6783,28.2774],[85.4106,28.276],[85.2121,28.2926],[85.1224,28.3159],[85.0886,28.3723],[85.1591,28.5922],[85.0692,28.6097],[84.8551,28.5536],[84.7142,28.5955],[84.6506,28.6595],[84.4655,28.7529],[84.4108,28.8039],[84.2287,28.9118],[84.1014,29.22],[83.936,29.2795],[83.671,29.1876],[83.5835,29.1836],[83.4567,29.3063],[83.3552,29.4391],[83.2352,29.5546],[83.1554,29.6127],[83.0139,29.6181],[82.8543,29.6834],[82.4866,29.9415],[82.2206,30.0639],[82.1589,30.1152],[82.0989,30.2451],[82.0434,30.3268],[81.8549,30.3624],[81.6419,30.3875],[81.4171,30.3376],[81.2551,30.0933],[81.1772,30.0399],[81.1103,30.0368],[81.0102,30.1645]]}},
{"type":"Feature","properties":{"kind":"international","min_zoom":0},"geometry":{"type":"LineString","coordinates":[[97.3225,28.218],[97.3028,28.086],[97.3392,28.0309],[97.3351,27.9377],[97.2261,27.8901],[96.9628,27.6983],[96.8997,27.6439],[96.8769,27.5867],[96.9019,27.4396],[97.1038,27.1633],[97.1021,27.1154],[97.0381,27.102],[96.8803,27.1778],[96.7978,27.2962],[96.6658,27.3393],[96.2742,27.2784],[96.0615,27.2171],[95.9053,27.0466],[95.7384,26.9504],[95.4638,26.756],[95.3051,26.6722],[95.2015,26.6414],[95.1287,26.5973],[95.0598,26.474],[95.0509,26.3473],[95.069,26.1911],[95.1325,26.0413],[95.0152,25.9129],[94.992,25.7705],[94.9458,25.7002],[94.7859,25.5193],[94.6677,25.4589],[94.6229,25.41],[94.5544,25.2434],[94.5665,25.1915],[94.6753,25.1386],[94.7076,25.0488],[94.6633,24.931],[94.5841,24.7672],[94.3994,24.5141],[94.293,24.3219],[94.1703,23.9726],[94.1277,23.8765],[93.8555,23.9439],[93.6834,24.0065],[93.4938,23.9729],[93.4522,23.9874],[93.3556,24.0741],[93.3074,24.0219],[93.3725,23.7742],[93.415,23.6821],[93.3913,23.3392],[93.366,23.1325],[93.308,23.0304],[93.2039,23.037],[93.1509,22.9973],[93.1625,22.908],[93.0787,22.7182],[93.105,22.5471],[93.162,22.3602],[93.1511,22.2306],[93.0706,22.2094],[93.022,22.1457],[92.9645,22.0038],[92.8543,22.0101],[92.7714,22.1048],[92.6889,22.131],[92.6303,22.0113],[92.5749,21.9781]]}},
{"type":"Feature","properties":{"kind":"international","min_zoom":0},"geometry":{"type":"LineString","coordinates":[[100.1225,20.3166],[99.9542,20.4154],[99.8904,20.4244],[99.7734,20.3413],[99.6387,20.3205],[99.4589,20.363],[99.5017,20.1877],[99.4515,20.1183],[99.3379,20.0789],[99.1969,20.1152],[99.0742,20.0994],[99.0207,20.0418],[98.9874,19.8614],[98.9167,19.7729],[98.7606,19.7711],[98.4939,19.7013],[98.239,19.6907],[98.111,19.7622],[98.015,19.7495],[97.9913,19.6537],[97.9164,19.5929],[97.8168,19.46],[97.7935,19.2659],[97.8039,19.1305],[97.7142,18.9965],[97.7061,18.9318],[97.754,18.6208],[97.7277,18.572],[97.4849,18.4942],[97.3807,18.4943],[97.4508,18.3597],[97.5238,18.2959],[97.5993,18.303],[97.7197,18.0374],[97.74,17.9353],[97.6986,17.8335],[97.793,17.6812],[97.9294,17.5333],[98.2566,17.1476],[98.4389,16.9757],[98.4712,16.895],[98.4781,16.7322],[98.5937,16.5148],[98.6608,16.3304],[98.6893,16.3054],[98.8354,16.4176],[98.8883,16.3519],[98.8655,16.237],[98.8179,16.1808],[98.5924,16.0507],[98.5582,15.7686],[98.5545,15.5597],[98.5653,15.4036],[98.5373,15.3507],[98.4522,15.3574],[98.3294,15.2786],[98.2861,15.2716],[98.191,15.2041],[98.1779,15.1474],[98.2021,14.9759],[98.246,14.8148],[98.495,14.4729],[98.57,14.3599],[98.9336,14.0498],[99.0147,13.9472],[99.1368,13.7167],[99.1717,13.4969],[99.1762,13.233],[99.1074,13.1035],[99.1239,13.0308],[99.1735,12.9613],[99.1735,12.882],[99.2198,12.7397],[99.405,12.5479],[99.3943,12.4736],[99.4629,12.1902],[99.5229,12.0897],[99.6147,11.7812],[99.5729,11.6871],[99.4779,11.6125],[99.3588,11.3894],[99.1902,11.1053],[99.0254,10.92],[98.8871,10.7883],[98.7869,10.7084],[98.7572,10.661],[98.7753,10.557],[98.7684,10.4308],[98.7025,10.1904]]}},
{"type":"Feature","properties":{"kind":"international","min_zoom":0},"geometry":{"type":"MultiLineString","coordinates":[[[103.0912,18.1383],[103.1485,18.2217],[103.2632,18.2785],[103.2517,18.3735],[103.2882,18.4084],[103.367,18.4233],[103.488,18.4182],[103.6297,18.3825],[103.7922,18.3165],[103.8989,18.2953],[103.9496,18.319],[104.0487,18.2167],[104.1962,17.9884],[104.3227,17.8158],[104.4282,17.699],[104.5392,17.6093],[104.6559,17.5467],[104.7397,17.4617],[104.8161,17.3003],[104.759,17.0771],[104.7435,16.8844],[104.7506,16.6475],[104.8194,16.4661],[104.9499,16.3399],[105.0258,16.238],[105.0472,16.1603],[105.1488,16.0935],[105.3307,16.0379],[105.4063,15.9874],[105.3732,15.8897],[105.3989,15.8299],[105.462,15.7804],[105.5624,15.7413],[105.6221,15.7],[105.6389,15.5859],[105.6157,15.4883],[105.5737,15.4132],[105.5132,15.3609],[105.4904,15.2566],[105.4904,15.1276],[105.5334,15.0416],[105.5467,14.9325],[105.5231,14.8433],[105.4974,14.5907],[105.4756,14.5301],[105.4227,14.4716],[105.3421,14.4167],[105.1833,14.3463]],[[100.1225,20.3166],[100.1741,20.2728],[100.218,20.3396],[100.318,20.3859],[100.3731,20.3404],[100.4315,20.2407],[100.5195,20.1779],[100.543,20.0887],[100.5145,19.9964],[100.3976,19.7561],[100.4202,19.6445],[100.5136,19.5535],[100.6255,19.4998],[100.7439,19.5148],[100.8582,19.5851],[100.9665,19.6108],[101.1546,19.5792],[101.2119,19.5483],[101.2208,19.4866],[101.1976,19.3279],[101.2266,19.2115],[101.2799,19.0889],[101.2863,18.9771],[101.1655,18.6183],[101.0604,18.479],[101.0506,18.407],[101.1375,18.2869],[101.1439,18.1426],[101.1132,18.0335],[100.999,17.7972],[100.9085,17.5839],[100.9559,17.5411],[101.1052,17.4795],[101.1675,17.499],[101.2997,17.625],[101.4137,17.7187],[101.5637,17.8205],[101.6875,17.8894],[101.7441,17.9527],[101.7748,18.0334],[101.8186,18.0646],[101.8755,18.0464],[101.9475,18.0815],[102.0346,18.1698],[102.1015,18.2106],[102.1482,18.2039],[102.2317,18.149],[102.3519,18.0459],[102.4588,17.9846],[102.5525,17.9651],[102.5982,17.9268],[102.596,17.8696],[102.6606,17.818],[102.7176,17.8922],[102.8075,17.9456],[102.8987,17.9769],[102.9914,17.9862],[103.0513,18.0285],[103.0912,18.1383]]]}},
{"type":"Feature","properties":{"kind":"international","min_zoom":0},"geometry":{"type":"LineString","coordinates":[[101.1389,21.5675],[101.0804,21.4687],[100.9275,21.3662],[100.8195,21.3142],[100.7566,21.3127],[100.7031,21.2514],[100.6592,21.1304],[100.6137,21.0593],[100.5362,20.9924],[100.5222,20.9219],[100.5652,20.8251],[100.4074,20.8232],[100.3261,20.7957],[100.2493,20.7303],[100.1839,20.5891],[100.1225,20.3166]]}},
{"type":"Feature","properties":{"kind":"international","min_zoom":0},"geometry":{"type":"LineString","coordinates":[[97.3225,28.218],[97.4314,28.3539],[97.5379,28.5102],[97.5992,28.517],[97.6946,28.4693],[97.7691,28.3562],[97.865,28.3636],[97.9341,28.3138],[98.099,28.1423],[98.1305,27.9676],[98.2411,27.6632],[98.2988,27.5501],[98.3505,27.5381],[98.4089,27.6395],[98.5045,27.6477],[98.6512,27.5725],[98.6768,27.4219],[98.6748,27.1906],[98.7165,27.0449],[98.7385,26.7858],[98.7319,26.5834],[98.7095,26.4297],[98.6718,26.2986],[98.6856,26.1894],[98.6632,26.1394],[98.572,26.1141],[98.591,26.0037],[98.6546,25.9178],[98.6254,25.8267],[98.5584,25.8233],[98.4655,25.7889],[98.3338,25.5868],[98.2966,25.5688],[98.1725,25.5945],[98.1429,25.5711],[98.0996,25.4157],[98.0107,25.2925],[97.918,25.2361],[97.8195,25.2518],[97.7149,25.0343],[97.7108,24.9704],[97.7379,24.8699],[97.7239,24.842],[97.5833,24.7748],[97.5294,24.6312],[97.5314,24.4917],[97.5633,24.4439],[97.6666,24.38],[97.6707,24.3127],[97.7082,24.2288],[97.6906,24.1308],[97.5683,23.9885],[97.5646,23.911],[97.6296,23.8871],[97.6861,23.8981],[97.8377,23.9863],[98.0169,24.0655],[98.2125,24.1106],[98.4994,24.1157],[98.5834,24.0698],[98.7644,24.1161],[98.834,24.0906],[98.7016,23.9641],[98.6809,23.8418],[98.7877,23.7379],[98.8322,23.6244],[98.7979,23.5204],[98.8589,23.4401],[98.8856,23.3075],[98.8638,23.1912],[99.0551,23.1306],[99.2203,23.1033],[99.3408,23.0959],[99.4646,23.0462],[99.5071,22.9591],[99.3852,22.8251],[99.3383,22.6887],[99.3377,22.4981],[99.2431,22.3704],[99.1724,22.1925],[99.193,22.126],[99.3031,22.1006],[99.3886,22.1108],[99.5927,22.0891],[99.9177,22.028],[99.9479,21.9883],[99.9256,21.8208],[99.9782,21.7016],[100.0955,21.6607],[100.0893,21.5579],[100.1476,21.4805],[100.2147,21.463],[100.3505,21.501],[100.5314,21.4581],[100.6771,21.5049],[100.8351,21.6552],[101.0194,21.7364],[101.1207,21.7461],[101.1389,21.5675]]}},
{"type":"Feature","properties":{"kind":"international","min_zoom":0},"geometry":{"type":"LineString","coordinates":[[102.1274,22.3792],[102.183,22.284],[102.3014,22.1782],[102.4427,22.0271],[102.4875,21.9578],[102.5825,21.9043],[102.6097,21.8517],[102.6408,21.7114],[102.6954,21.6621],[102.7711,21.7097],[102.7982,21.7979],[102.8452,21.7348],[102.9496,21.6814],[102.9486,21.5698],[102.8875,21.44],[102.8512,21.2659],[102.8838,21.2026],[103.1044,20.8916],[103.2108,20.8406],[103.4636,20.7798],[103.635,20.6971],[103.7144,20.7169],[103.7905,20.8095],[104.052,20.9412],[104.1013,20.9455],[104.1953,20.9139],[104.3496,20.8211],[104.5832,20.6467],[104.5327,20.5549],[104.4079,20.4857],[104.3922,20.4248],[104.4962,20.4137],[104.6189,20.3745],[104.6565,20.3285],[104.6988,20.2053],[104.8127,20.2168],[104.8886,20.1691],[104.9292,20.0828],[104.9279,20.0181],[104.8151,19.904],[104.8018,19.8362],[104.7432,19.7547],[104.5879,19.6188],[104.5463,19.6106],[104.2599,19.6855],[104.032,19.6751],[104.0134,19.6465],[104.0515,19.5642],[104.0629,19.4826],[104.0275,19.4205],[103.8964,19.34],[103.9184,19.2685],[104.1086,19.1956],[104.4458,18.9838],[104.6133,18.8606],[104.7165,18.8034],[104.9931,18.7283],[105.1152,18.6789],[105.1454,18.6168],[105.1135,18.573],[105.0858,18.4501],[105.1632,18.3387],[105.3335,18.1896],[105.4582,18.1543],[105.5885,17.9837],[105.6273,17.8344],[105.6915,17.7379],[105.9028,17.5286],[106.0063,17.4153],[106.2695,17.2168],[106.3334,17.1437],[106.426,17.0025],[106.5023,16.9541],[106.5259,16.8766],[106.5462,16.6507],[106.6961,16.459],[106.7396,16.4525],[106.8324,16.5263],[106.8927,16.3965],[106.9307,16.3531],[107.0698,16.2798],[107.2174,16.1364],[107.2964,16.084],[107.3964,16.043],[107.4101,15.9978],[107.3606,15.9217],[107.1888,15.8386],[107.1896,15.7473],[107.2794,15.6187],[107.3388,15.5605],[107.5643,15.3916],[107.6532,15.2552],[107.6337,15.1898],[107.5553,15.057],[107.4803,14.9799],[107.5245,14.8718],[107.5194,14.7051]]}},
{"type":"Feature","properties":{"kind":"international","min_zoom":0},"geometry":{"type":"LineString","coordinates":[[27.4033,5.1092],[27.115,5.1978],[27.0206,5.1844],[26.8701,5.0757],[26.8221,5.0624],[26.6326,5.0852],[26.1735,5.1712],[25.82,5.2537],[25.7139,5.2837],[25.5251,5.3121],[25.4001,5.2559],[25.2831,5.0627],[25.2493,5.0246],[25.0652,4.9674],[24.9784,4.983],[24.7655,4.9301],[24.4371,5.01],[24.3198,4.9942],[24.2277,4.9539],[23.8484,4.8163],[23.6818,4.7708],[23.4172,4.6631],[23.3129,4.6635],[23.1159,4.7369],[22.9929,4.7439],[22.8646,4.7239],[22.7557,4.6467],[22.6172,4.4456],[22.5056,4.2077],[22.4221,4.1349],[21.9082,4.2539],[21.687,4.2814],[21.5376,4.2448],[21.3502,4.3114],[21.2684,4.3231],[21.2297,4.3022],[21.1256,4.3322],[20.9558,4.4131],[20.793,4.4473],[20.6475,4.4356],[20.5581,4.4627],[20.4865,4.5415],[20.3935,4.6862],[20.2263,4.8296],[20.0024,4.9447],[19.8625,5.0313],[19.8066,5.0893],[19.6861,5.1214],[19.501,5.1275],[19.3234,5.0708],[19.0685,4.8914],[18.8318,4.5234],[18.6999,4.3826],[18.5942,4.3462],[18.5675,4.2576],[18.6199,4.1166],[18.6337,3.9543],[18.5967,3.6787],[18.6103,3.4784]]}},
{"type":"Feature","properties":{"kind":"international","min_zoom":0},"geometry":{"type":"LineString","coordinates":[[30.5536,-2.4001],[30.4242,-2.6416],[30.4734,-2.6943],[30.424,-2.8241],[30.4335,-2.8745],[30.5151,-2.9175],[30.6043,-2.9353],[30.7095,-2.9772],[30.7803,-2.9849],[30.8111,-3.1164],[30.8114,-3.2006],[30.7902,-3.2746],[30.6818,-3.3094],[30.611,-3.3664],[30.6319,-3.4187],[30.5299,-3.4924],[30.425,-3.5889],[30.3792,-3.7308],[30.3485,-3.7798],[30.2686,-3.8505],[30.1871,-3.9929],[30.1471,-4.0854],[29.9473,-4.3073],[29.7178,-4.4559],[29.4032,-4.4493]]}},
{"type":"Feature","properties":{"kind":"international","min_zoom":0},"geometry":{"type":"LineString","coordinates":[[29.0144,-2.7202],[29.0166,-2.7996],[29.1532,-2.9553],[29.2244,-3.0535],[29.2261,-3.1387],[29.2101,-3.3633],[29.2172,-3.4757],[29.2118,-3.8338],[29.2233,-3.9109],[29.3314,-4.0954],[29.3792,-4.2997],[29.4032,-4.4493]]}},
{"type":"Feature","properties":{"kind":"international","min_zoom":0},"geometry":{"type":"LineString","coordinates":[[29.5769,-1.3879],[29.402,-1.5074],[29.3516,-1.5175],[29.1966,-1.7199],[29.1294,-1.8602],[29.148,-2.1319],[29.1065,-2.2332],[28.8764,-2.4003],[28.8577,-2.4467],[28.8914,-2.5556],[28.894,-2.6351],[28.9218,-2.6821],[29.0144,-2.7202]]}},
{"type":"Feature","properties":{"kind":"international","min_zoom":0},"geometry":{"type":"LineString","coordinates":[[35.2683,5.4923],[35.1645,5.5812],[35.0819,5.6731],[34.9836,5.8583],[34.959,6.0451],[34.8979,6.1598],[34.8381,6.3001],[34.7492,6.5679],[34.7107,6.6603],[34.5628,6.7798],[34.4843,6.8984],[34.2793,7.0028],[34.0642,7.2257],[34.0204,7.368],[33.978,7.4346],[33.9025,7.5095],[33.6661,7.671],[33.5163,7.7078],[33.3923,7.7237],[33.226,7.7607],[33.0808,7.8237],[33.0147,7.8686],[33.0126,7.9515],[33.0652,8.0405],[33.2343,8.3964],[33.2811,8.4373],[33.4094,8.4477],[33.6448,8.4326],[33.785,8.4311],[33.9533,8.4435],[34.0198,8.4921],[34.0946,8.5822],[34.1016,8.7519],[34.0781,9.4607]]}},
{"type":"Feature","properties":{"kind":"international","min_zoom":0},"geometry":{"type":"LineString","coordinates":[[22.8601,10.9197],[22.6241,10.9774],[22.4939,10.9962],[22.2359,10.8942],[22.1563,10.8261],[22.0431,10.8227],[21.9648,10.7367],[21.7715,10.6428],[21.7065,10.5748],[21.7261,10.4616],[21.7258,10.3666],[21.6327,10.2383],[21.528,10.2078],[21.4969,10.1757],[21.396,10.0014],[21.3524,9.9692],[21.2639,9.9746],[21.0094,9.7132],[20.9842,9.6363],[20.7732,9.4057],[20.6681,9.3471],[20.6314,9.3013],[20.5669,9.2749],[20.3421,9.1271],[20.0727,9.1332],[19.9535,9.0752],[19.6684,9.0209],[19.4003,9.0116],[19.1455,9.016],[19.0479,8.995],[18.8883,8.8897],[18.886,8.8361],[19.0642,8.7154],[19.1087,8.6561],[18.9065,8.4051],[18.7474,8.2438],[18.6336,8.1677],[18.5916,8.0608],[18.455,8.032],[18.2389,8.0204],[17.9401,7.9855],[17.7608,7.9738],[17.6494,7.9836],[17.4927,7.9098],[17.4021,7.8846],[17.2469,7.813],[17.118,7.7019],[16.8904,7.6337],[16.8181,7.5573],[16.7847,7.551],[16.6684,7.6518],[16.5889,7.7434],[16.5233,7.8599],[16.4044,7.7724],[16.3789,7.6836],[16.0307,7.5721],[15.9576,7.5076],[15.8451,7.4753],[15.7013,7.4884],[15.5893,7.515],[15.4801,7.5238]]}},
{"type":"Feature","properties":{"kind":"international","min_zoom":0},"geometry":{"type":"LineString","coordinates":[[13.2936,2.1616],[13.2699,2.2242],[13.2203,2.2565],[13.1308,2.2594],[12.8675,2.2468],[12.6657,2.2568],[12.5298,2.2814],[12.3613,2.296],[12.1534,2.2844],[11.9398,2.2852],[11.559,2.3022],[11.3484,2.2997],[11.3287,2.1674]]}},
{"type":"Feature","properties":{"kind":"international","min_zoom":0},"geometry":{"type":"LineString","coordinates":[[11.1302,-3.9163],[11.19,-3.762],[11.2883,-3.6411],[11.5043,-3.5204],[11.5368,-3.525],[11.6857,-3.682],[11.8491,-3.6967],[11.8848,-3.6254],[11.8394,-3.58],[11.8329,-3.5314],[11.9342,-3.3186],[11.7154,-3.1769],[11.689,-3.127],[11.7081,-3.0631],[11.7601,-2.9831],[11.6391,-2.8554],[11.5378,-2.8367],[11.5945,-2.671],[11.6035,-2.5954],[11.5752,-2.3971],[11.6054,-2.3426],[11.7268,-2.3947],[11.9503,-2.3448],[12.0644,-2.4126],[12.4464,-2.3299],[12.4785,-2.112],[12.4437,-2.0476],[12.4321,-1.9289],[12.5905,-1.8268],[12.7137,-1.8694],[12.7935,-1.9318],[12.9136,-2.1762],[12.992,-2.3133],[13.1586,-2.3691],[13.3574,-2.4048],[13.4649,-2.3954],[13.6185,-2.2786],[13.7338,-2.1385],[13.7844,-2.1637],[13.8877,-2.3745],[13.8618,-2.4299],[13.8869,-2.4654],[13.9939,-2.4906],[14.0874,-2.4669],[14.1998,-2.3542],[14.2004,-2.3006],[14.1628,-2.2175],[14.2018,-2.1799],[14.2515,-2.0015],[14.2884,-1.9535],[14.384,-1.8901],[14.4232,-1.7116],[14.4029,-1.5934],[14.4472,-1.5251],[14.4556,-1.4132],[14.4106,-0.9721],[14.4806,-0.6183],[14.4741,-0.5735],[14.3638,-0.4686],[14.2068,-0.4273],[14.1028,-0.2923],[14.0695,-0.2701],[13.898,-0.2426],[13.8601,-0.2033],[13.8907,0.0753],[13.8846,0.1908],[13.9496,0.3538],[14.0253,0.4277],[14.0875,0.5366],[14.231,0.5511],[14.3242,0.6242],[14.3415,0.6738],[14.4344,0.8115],[14.4298,0.9014],[14.3864,1.0044],[14.303,1.1209],[14.2397,1.3226],[14.1809,1.3702],[14.0662,1.3959],[13.8513,1.4188],[13.5233,1.3146],[13.2741,1.241],[13.2163,1.2485],[13.2474,1.3667],[13.1846,1.535],[13.1627,1.6481],[13.1721,1.7886],[13.2095,1.9204],[13.2886,2.0917],[13.2936,2.1616]]}},
{"type":"Feature","properties":{"kind":"international","min_zoom":0},"geometry":{"type":"LineString","coordinates":[[15.4801,7.5238],[15.5527,7.6645],[15.5498,7.7879],[15.443,7.8519],[15.2524,8.3224],[15.1162,8.5573],[14.968,8.7073],[14.8608,8.7986],[14.7328,8.8657],[14.5361,9.0252],[14.3323,9.2035],[14.2801,9.2851],[14.1779,9.4065],[14.005,9.5887],[13.9773,9.6916],[14.1398,9.9018],[14.2433,9.9798],[14.3772,9.9851],[14.598,9.9531],[14.8358,9.9417],[15.1932,9.9815],[15.32,9.9543],[15.5409,9.9603],[15.6548,10.0078],[15.5319,10.0885],[15.3999,10.2169],[15.2761,10.3574],[15.201,10.4845],[15.1322,10.6485],[15.0687,10.8511],[15.0299,11.1137],[15.0358,11.2625],[15.0554,11.3686],[15.122,11.5413],[15.078,11.6426],[15.0813,11.8455],[14.9738,12.1084],[14.8807,12.2694],[14.8471,12.5021],[14.7612,12.6556],[14.6233,12.7299],[14.5448,12.8202],[14.5163,12.9798],[14.4617,13.0218],[14.2448,13.0774],[14.0639,13.0785]]}},
{"type":"Feature","properties":{"kind":"international","min_zoom":0},"geometry":{"type":"LineString","coordinates":[[14.0639,13.0785],[14.1601,12.6128],[14.1975,12.3838],[14.2729,12.3565],[14.4154,12.3441],[14.5189,12.2983],[14.581,12.222],[14.6271,12.1087],[14.5974,11.8298],[14.5618,11.7287],[14.5817,11.5912],[14.5598,11.4923],[14.2024,11.2682],[14.0567,11.245],[13.9814,11.2118],[13.8921,11.1401],[13.6999,10.8731],[13.5353,10.6051],[13.4785,10.3832],[13.4145,10.1714],[13.2699,10.0362],[13.2498,9.9601],[13.2212,9.6451],[13.1755,9.5396],[13.0194,9.4883],[12.9295,9.4262],[12.8757,9.3035],[12.8065,8.8866],[12.7822,8.8179],[12.7311,8.7456],[12.6516,8.6678],[12.5827,8.6241],[12.4035,8.5955],[12.2334,8.2823],[12.2311,8.2274],[12.156,7.9425],[12.0252,7.7278],[12.016,7.5897],[11.8524,7.4007],[11.7674,7.2722],[11.8614,7.1164],[11.58,6.8889],[11.563,6.8546],[11.5517,6.6973],[11.4776,6.5974],[11.3246,6.4847],[11.2373,6.4505],[11.1534,6.4379],[11.0797,6.5055],[11.0325,6.6979],[10.7376,6.9883],[10.6062,7.0631],[10.5564,7.0375],[10.5191,6.9305],[10.4823,6.8913],[10.2931,6.8767],[10.2055,6.8916],[10.1436,6.9964],[9.8743,6.8033],[9.7798,6.7602],[9.6599,6.532],[9.4902,6.4186],[9.3734,6.3196],[9.0602,6.0091],[8.9972,5.9177],[8.935,5.781],[8.8591,5.4637],[8.8009,5.1974],[8.5851,4.8328],[8.5559,4.7552]]}},
{"type":"Feature","properties":{"kind":"international","min_zoom":0},"geometry":{"type":"LineString","coordinates":[[3.5954,11.6963],[3.6647,11.7624],[3.6184,11.8278],[3.6118,11.8873],[3.6406,11.9704],[3.6325,12.0616],[3.6467,12.53],[3.7692,12.6222],[3.9479,12.775],[4.0388,12.9347],[4.0874,13.0555],[4.1475,13.4577],[4.2422,13.5011],[4.4214,13.6475],[4.6648,13.7332],[4.8234,13.7598],[5.1009,13.7427],[5.2419,13.7572],[5.3616,13.8369],[5.492,13.8728],[5.8382,13.7654],[6.1843,13.6637],[6.2998,13.6588],[6.3864,13.6036],[6.5141,13.4854],[6.6266,13.3642],[6.8043,13.1077],[6.8706,13.0433],[6.9372,13.0082],[7.0568,13.0002],[7.173,13.0863],[7.2747,13.1123],[7.3578,13.1072],[7.7887,13.3379],[7.9557,13.3228],[8.095,13.2912],[8.456,13.0597],[8.7506,12.9082],[8.9576,12.8575],[9.2015,12.8215],[9.6159,12.8106],[9.9292,13.1352],[10.0452,13.2062],[10.1846,13.2701],[10.4759,13.3302],[10.9588,13.3715],[11.4119,13.3536],[11.6934,13.2977],[11.99,13.1918],[12.118,13.0904],[12.3191,13.0737],[12.4632,13.0938],[12.5101,13.1943],[12.6548,13.3266],[12.8716,13.449],[13.0484,13.5345],[13.1939,13.5731],[13.3239,13.6708],[13.4269,13.7018],[13.6063,13.7046]]}},
{"type":"Feature","properties":{"kind":"international","min_zoom":0},"geometry":{"type":"LineString","coordinates":[[1.1872,6.0894],[1.1851,6.145],[1.0845,6.1738],[1.0021,6.2685],[0.985,6.3203],[0.9122,6.3286],[0.7369,6.4526],[0.5958,6.7422],[0.5256,6.8509],[0.5231,6.9389],[0.5795,7.0041],[0.6347,7.3537],[0.5373,7.3987],[0.5096,7.4351],[0.4999,7.5469],[0.6052,7.7282],[0.5836,8.1458],[0.5993,8.2096],[0.6881,8.3042],[0.6863,8.3549],[0.6162,8.4796],[0.4833,8.5753],[0.4153,8.6527],[0.3726,8.7593],[0.4888,8.8515],[0.4604,8.9742],[0.4662,9.1153],[0.529,9.3583],[0.5257,9.3985],[0.4476,9.4802],[0.371,9.4856],[0.2893,9.4318],[0.2619,9.4956],[0.2755,9.5706],[0.2695,9.6679],[0.3239,9.6876],[0.3518,9.9249],[0.3627,10.2365],[0.3809,10.2919],[0.3318,10.3069],[0.216,10.3905],[0.0893,10.5206],[-0.0577,10.6306],[-0.0902,10.7155],[-0.0139,10.8914],[0.0094,11.021],[-0.0686,11.1156]]}},
{"type":"Feature","properties":{"kind":"international","min_zoom":0},"geometry":{"type":"LineString","coordinates":[[-2.6959,9.4813],[-2.7057,9.3514],[-2.6742,9.2826],[-2.6892,9.2186],[-2.7467,9.1096],[-2.7469,9.0451],[-2.6899,9.0251],[-2.6492,8.9566],[-2.6249,8.8396],[-2.6004,8.8004],[-2.5569,8.493],[-2.5059,8.2088],[-2.5383,8.1716],[-2.6117,8.1476],[-2.6133,8.0467],[-2.6688,8.0222],[-2.7898,7.9319],[-2.8301,7.8191],[-2.8964,7.685],[-2.9591,7.4545],[-2.9858,7.2049],[-3.0377,7.1046],[-3.1689,6.941],[-3.2358,6.8072],[-3.2241,6.6908],[-3.2439,6.6487],[-3.2403,6.5356],[-3.2006,6.3483],[-3.1056,6.0856],[-2.9983,5.7113],[-2.9623,5.643],[-2.8212,5.6192],[-2.7936,5.6001],[-2.755,5.4325],[-2.7619,5.3569],[-2.7896,5.3282],[-2.7952,5.1845],[-2.8157,5.153],[-2.8947,5.149],[-2.9484,5.1189],[-3.0867,5.1283],[-3.114,5.0887]]}},
{"type":"Feature","properties":{"kind":"international","min_zoom":0},"geometry":{"type":"LineString","coordinates":[[-5.5236,10.426],[-5.479,10.5651],[-5.4571,10.7714],[-5.4686,10.931],[-5.4905,11.0424],[-5.3474,11.1303],[-5.2999,11.2059],[-5.2502,11.3758],[-5.2294,11.5225],[-5.2905,11.6833],[-5.302,11.7605],[-5.2881,11.8279],[-5.2302,11.8903],[-5.1059,11.9675],[-4.798,12.0321],[-4.6993,12.0762],[-4.5869,12.155],[-4.546,12.2265],[-4.4287,12.3376],[-4.4219,12.5816],[-4.4806,12.6722],[-4.2271,12.7937],[-4.2252,12.8795],[-4.2606,12.9753],[-4.3102,13.0525],[-4.3287,13.119],[-4.151,13.3062],[-4.0512,13.3824],[-3.9473,13.4022],[-3.8535,13.3736],[-3.5758,13.1942],[-3.4699,13.1964],[-3.3967,13.2437],[-3.3017,13.2807],[-3.2667,13.4008],[-3.2702,13.5775],[-3.2486,13.6583],[-3.1984,13.6729],[-3.0387,13.6391],[-2.9508,13.6484],[-2.9171,13.6795],[-2.9259,13.7868],[-2.874,13.9507],[-2.7788,14.0737],[-2.5867,14.2276],[-2.4572,14.2741],[-2.1132,14.1684],[-2.0572,14.1946],[-1.973,14.4565],[-1.8798,14.4815],[-1.7678,14.486],[-1.6573,14.5268],[-1.4937,14.6261],[-1.205,14.7615],[-1.0496,14.8195],[-0.7604,15.0478],[-0.6665,15.0698],[-0.5366,15.0779],[-0.4545,15.0597],[-0.4054,15.0125],[-0.2359,15.0594],[0.0073,14.9848],[0.2175,14.9115]]}},
{"type":"Feature","properties":{"kind":"international","min_zoom":0},"geometry":{"type":"LineString","coordinates":[[-2.6959,9.4813],[-2.7666,9.4247],[-2.8167,9.4258],[-2.9009,9.5346],[-2.9883,9.6873],[-3.0958,9.7521],[-3.1607,9.8492],[-3.2235,9.8955],[-3.2897,9.8822],[-3.5811,9.9243],[-3.7906,9.9172],[-3.8777,9.8949],[-4.1812,9.7818],[-4.2672,9.7433],[-4.3322,9.6457],[-4.4062,9.648],[-4.4803,9.6792],[-4.5266,9.7235],[-4.6258,9.7136],[-4.7217,9.7566],[-4.8145,9.8412],[-4.8827,9.8689],[-4.9699,9.9301],[-4.994,10.0465],[-5.0493,10.1283],[-5.0999,10.2416],[-5.1753,10.2926],[-5.2623,10.3197],[-5.3823,10.314],[-5.4613,10.3595],[-5.5236,10.426]]}},
{"type":"Feature","properties":{"kind":"international","min_zoom":0},"geometry":{"type":"LineString","coordinates":[[-8.4864,7.5585],[-8.4372,7.5164],[-8.4088,7.4118],[-8.2966,7.074],[-8.3245,6.92],[-8.3326,6.8015],[-8.4012,6.7051],[-8.6036,6.5078],[-8.5396,6.4681],[-8.4499,6.4625],[-8.3449,6.3513],[-8.2039,6.2907],[-8.069,6.2984],[-7.9816,6.2862],[-7.8886,6.2349],[-7.8332,6.0764],[-7.8009,6.0389],[-7.7965,5.9751],[-7.7304,5.919],[-7.6361,5.9077],[-7.5139,5.842],[-7.4544,5.8413],[-7.3999,5.5506],[-7.4289,5.4779],[-7.4298,5.3245],[-7.4852,5.2364],[-7.5098,5.1085],[-7.5689,5.0807],[-7.5912,4.8215],[-7.5746,4.5723],[-7.5716,4.3864],[-7.545,4.3513]]}},
{"type":"Feature","properties":{"kind":"international","min_zoom":0},"geometry":{"type":"LineString","coordinates":[[-8.4864,7.5585],[-8.5644,7.6251],[-8.5789,7.6771],[-8.6597,7.6884],[-8.7083,7.6589],[-8.7402,7.4957],[-8.828,7.392],[-8.8896,7.2627],[-8.961,7.2746],[-9.0523,7.2255],[-9.1176,7.2159],[-9.2633,7.3777],[-9.3553,7.4087],[-9.4351,7.3984],[-9.4598,7.4425],[-9.4115,7.51],[-9.3689,7.6395],[-9.395,7.7946],[-9.4363,7.8667],[-9.4416,7.9679],[-9.4841,8.157],[-9.5085,8.1762],[-9.5183,8.3461],[-9.6102,8.4023],[-9.6636,8.4735],[-9.7356,8.454],[-9.7683,8.5346],[-10.0643,8.4299],[-10.0976,8.5058],[-10.1474,8.5197],[-10.2832,8.4851]]}},
{"type":"Feature","properties":{"kind":"international","min_zoom":0},"geometry":{"type":"LineString","coordinates":[[-5.5236,10.426],[-5.5566,10.4399],[-5.6943,10.4332],[-5.8438,10.3895],[-5.8962,10.3547],[-5.9076,10.3072],[-6.0346,10.1948],[-6.1172,10.2019],[-6.1969,10.2321],[-6.2413,10.2792],[-6.1907,10.4003],[-6.2397,10.5581],[-6.2306,10.5975],[-6.2611,10.7241],[-6.4259,10.6718],[-6.4075,10.5724],[-6.4826,10.5612],[-6.5646,10.5864],[-6.6541,10.6565],[-6.6764,10.6338],[-6.692,10.512],[-6.6693,10.3922],[-6.6933,10.3494],[-6.8337,10.357],[-6.9503,10.3423],[-6.9917,10.2519],[-6.9682,10.1762],[-7.0397,10.1448],[-7.1049,10.2035],[-7.3632,10.2593],[-7.498,10.4398],[-7.5621,10.4212],[-7.6612,10.4275],[-7.7491,10.3423],[-7.8142,10.2366],[-7.8841,10.1858],[-7.9906,10.1625]]}},
{"type":"Feature","properties":{"kind":"international","min_zoom":0},"geometry":{"type":"LineString","coordinates":[[-15.043,10.9402],[-14.9444,11.0721],[-14.7793,11.4055],[-14.6829,11.5085],[-14.6048,11.5116],[-14.4525,11.5562],[-14.2656,11.6599],[-14.1223,11.652],[-13.9532,11.6646],[-13.7328,11.736],[-13.738,12.0097],[-13.8163,12.0545],[-13.9489,12.1782],[-13.9473,12.2152],[-13.8495,12.263],[-13.7597,12.2624],[-13.7079,12.3127],[-13.6736,12.4785],[-13.7326,12.5928],[-13.7293,12.6739]]}},
{"type":"Feature","properties":{"kind":"international","min_zoom":0},"geometry":{"type":"LineString","coordinates":[[-11.3894,12.4044],[-11.4181,12.3777],[-11.5022,12.1986],[-11.4924,12.167],[-11.3052,12.0154],[-11.2097,12.0249],[-11.0658,12.1708],[-11.0045,12.2075],[-10.9332,12.2052],[-10.8762,12.1519],[-10.743,11.9273],[-10.6774,11.8994],[-10.5895,11.9903],[-10.4658,12.1387],[-10.2749,12.2127],[-10.1671,12.1774],[-9.8207,12.0425],[-9.7147,12.0425],[-9.6583,12.1431],[-9.4868,12.2287],[-9.3581,12.2554],[-9.3315,12.3237],[-9.3936,12.4422],[-9.3652,12.4793],[-9.2156,12.4829],[-9.1205,12.4499],[-9.0431,12.4023],[-8.999,12.3459],[-8.9138,12.1086],[-8.8183,11.9225],[-8.822,11.6733],[-8.7114,11.6178],[-8.665,11.515],[-8.5687,11.4781],[-8.4075,11.3863],[-8.4253,11.3047],[-8.5203,11.236],[-8.6639,11.0359],[-8.6462,10.9905],[-8.5635,10.9967],[-8.4747,11.0484],[-8.3374,10.9906],[-8.3064,10.8961],[-8.3241,10.7495],[-8.2666,10.486],[-8.2315,10.438],[-8.0073,10.3219],[-7.9745,10.2295],[-7.9906,10.1625]]}},
{"type":"Feature","properties":{"kind":"international","min_zoom":0},"geometry":{"type":"LineString","coordinates":[[107.5194,14.7051],[107.4652,14.665],[107.4147,14.5629],[107.3798,14.5553],[107.2927,14.5924],[107.2066,14.4979],[107.1094,14.4167],[107.0302,14.4257],[106.9381,14.3273],[106.8199,14.3147],[106.7382,14.3877],[106.5637,14.5051],[106.5014,14.5782],[106.447,14.515],[106.355,14.4548],[106.2254,14.4762],[106.1652,14.3724],[105.9789,14.343],[106.0042,14.2629],[106.0967,14.1271],[106.1247,14.0491],[106.0668,13.9212],[105.9045,13.9245],[105.8315,13.9766],[105.7397,14.085],[105.5316,14.1561],[105.3927,14.1071],[105.3502,14.1096],[105.2456,14.2005],[105.207,14.2594],[105.1833,14.3463]]}},
{"type":"Feature","properties":{"kind":"international","min_zoom":0},"geometry":{"type":"LineString","coordinates":[[114.0596,4.5964],[114.2241,4.4779],[114.323,4.2628],[114.4166,4.2558],[114.5122,4.1135],[114.6083,4.024],[114.725,4.0965],[114.7762,4.1688],[114.8104,4.2665],[114.7835,4.2807],[114.8403,4.3932],[114.7901,4.4639],[114.7467,4.7181],[114.7842,4.7548],[115.0268,4.8997]]}},
{"type":"Feature","properties":{"kind":"international","min_zoom":0},"geometry":{"type":"LineString","coordinates":[[-88.2283,15.729],[-88.6845,15.3605],[-88.9764,15.1427],[-89.1426,15.0723],[-89.1703,15.0399],[-89.2224,14.8661],[-89.1622,14.6693],[-89.1718,14.6069],[-89.2867,14.53],[-89.3626,14.416]]}},
{"type":"Feature","properties":{"kind":"international","min_zoom":0},"geometry":{"type":"LineString","coordinates":[[-77.3742,8.6583],[-77.4483,8.5659],[-77.4785,8.4984],[-77.4073,8.4272],[-77.3455,8.2695],[-77.2826,8.187],[-77.2123,8.0339],[-77.216,7.9325],[-77.283,7.9081],[-77.3456,7.8366],[-77.3508,7.7058],[-77.5383,7.5663],[-77.5866,7.5431],[-77.732,7.7109],[-77.7688,7.6681],[-77.7439,7.537],[-77.7647,7.4837],[-77.8283,7.4428],[-77.9012,7.2294]]}},
{"type":"Feature","properties":{"kind":"disputed","min_zoom":0},"geometry":{"type":"LineString","coordinates":[[-60.7421,5.202],[-61.3768,5.907],[-61.3908,5.9388],[-61.3031,6.0495],[-61.1287,6.2143],[-61.151,6.4465],[-61.2036,6.5884],[-61.1456,6.6946],[-61.1048,6.7114],[-60.938,6.7328],[-60.8734,6.7869],[-60.7179,6.7683],[-60.5861,6.8571],[-60.395,6.9454],[-60.3521,7.0029],[-60.3255,7.134],[-60.3924,7.1645],[-60.5232,7.1437],[-60.5832,7.1562],[-60.6333,7.2111],[-60.6066,7.3208],[-60.7192,7.4987],[-60.7186,7.5359],[-60.6101,7.6483],[-60.5564,7.772],[-60.5136,7.8132],[-60.3806,7.8276],[-60.1782,7.9941],[-60.0324,8.0536],[-59.9649,8.1916],[-59.8491,8.2487],[-59.8316,8.306],[-60.0175,8.5493]]}},
{"type":"Feature","properties":{"kind":"international","min_zoom":0},"geometry":{"type":"LineString","coordinates":[[-60.7421,5.202],[-60.672,5.1644],[-60.6045,4.9946],[-60.6276,4.8925],[-60.7417,4.7741],[-60.9063,4.6868],[-61.0029,4.5353],[-61.1024,4.5047],[-61.2801,4.5169],[-61.3675,4.433],[-61.4794,4.4022],[-61.5542,4.2878],[-61.8208,4.197],[-62.0816,4.1263],[-62.1531,4.0984],[-62.4106,4.1567],[-62.4725,4.1385],[-62.6097,4.0423],[-62.7121,4.0179],[-62.7399,3.9403],[-62.7646,3.673],[-62.857,3.5935],[-62.9686,3.594],[-63.0453,3.6865],[-63.1362,3.7564],[-63.2947,3.9222],[-63.3798,3.9429],[-63.5268,3.8937],[-63.6529,3.9408],[-63.747,3.9326],[-64.0215,3.9291],[-64.0734,3.9744],[-64.1217,4.067],[-64.1925,4.1268],[-64.2557,4.1403],[-64.5764,4.1399],[-64.6136,4.1577],[-64.6655,4.2371],[-64.7222,4.2744],[-64.7887,4.276],[-64.8179,4.2323],[-64.7026,4.0893],[-64.669,4.0118],[-64.5679,3.8998],[-64.2753,3.6627],[-64.2211,3.5874],[-64.2288,3.344],[-64.2188,3.2047],[-64.1435,3.0049],[-64.0378,2.8015],[-64.009,2.6719],[-64.0488,2.5251],[-64.0249,2.4819],[-63.9242,2.4524],[-63.7126,2.434],[-63.5846,2.4339],[-63.3893,2.4119],[-63.3749,2.3404],[-63.3939,2.2225],[-63.4639,2.136],[-63.5702,2.1205],[-63.6822,2.0481],[-63.8445,1.9767],[-63.9758,1.953],[-64.0355,1.9044],[-64.1148,1.6193],[-64.205,1.5295],[-64.3042,1.4553],[-64.4861,1.4528],[-64.5263,1.431],[-64.6674,1.2938],[-64.7316,1.2533],[-64.8179,1.2571],[-64.9101,1.2197],[-65.1037,1.1081],[-65.1696,1.0222],[-65.264,0.9319],[-65.3609,0.8686],[-65.4734,0.6913],[-65.5561,0.688],[-65.5627,0.7475],[-65.523,0.8434],[-65.566,0.9261],[-65.6814,0.9835],[-65.8113,0.9373],[-65.9964,0.8098],[-66.0601,0.7853],[-66.3017,0.7519],[-66.4292,0.8217],[-66.876,1.223]]}},
{"type":"Feature","properties":{"kind":"international","min_zoom":0},"geometry":{"type":"LineString","coordinates":[[52.4939,41.7804],[52.6969,41.9444],[52.8705,42.0606],[53.0559,42.1477],[53.2501,42.2058],[53.6854,42.2969],[53.9264,42.3298],[54.121,42.3352],[54.2719,42.28],[54.678,42.0782],[54.8538,41.9652],[54.9037,41.9191],[54.9523,41.81],[55.2496,41.4581],[55.4344,41.2963],[55.5452,41.2628],[55.8391,41.3108],[55.9774,41.3222]]}},
{"type":"Feature","properties":{"kind":"international","min_zoom":0},"geometry":{"type":"LineString","coordinates":[[55.9774,41.3222],[56.7736,41.288],[57.0179,41.2635],[57.1188,41.3503],[57.0182,41.4506],[56.9641,41.8566],[57.1136,41.9571],[57.2288,42.0845],[57.3817,42.1563],[57.6861,42.1648],[57.8143,42.1898],[57.9234,42.3352],[57.9457,42.42],[58.0289,42.4876],[58.2341,42.4477],[58.3272,42.3989],[58.3971,42.2925],[58.477,42.3402],[58.2887,42.5273],[58.1515,42.6281],[58.2597,42.6881],[58.4772,42.6628],[58.5323,42.6819],[58.5891,42.7785],[58.877,42.5615],[58.9309,42.5403],[59.1231,42.5238],[59.1991,42.4817],[59.2766,42.3562],[59.4511,42.2995],[59.8583,42.2951],[60.006,42.1908],[59.9817,42.1317],[59.9626,41.9544],[60.1069,41.9074],[60.1921,41.8344],[60.1086,41.7927],[60.0756,41.7006],[60.138,41.5942],[60.0687,41.4762],[60.0896,41.3994],[60.4549,41.2216],[60.5135,41.2162],[60.7549,41.2458],[60.8672,41.2487],[60.9332,41.229],[61.12,41.2109],[61.1793,41.1906],[61.3289,41.1951],[61.3875,41.2522],[61.4969,41.2761],[61.6445,41.2399],[61.7999,41.1634],[61.9028,41.0937],[61.9536,41.0306],[62.0176,40.8938],[62.095,40.6833],[62.1885,40.5412],[62.298,40.4675],[62.375,40.3321],[62.4416,40.0362],[62.4832,39.9756],[62.6507,39.8585],[63.0581,39.6331],[63.506,39.3771],[63.7208,39.1881],[63.9525,39.0584],[64.1628,38.9536],[64.31,38.9773],[64.5316,38.8162],[64.66,38.736],[64.8207,38.6725],[65.0767,38.5394],[65.3996,38.3488],[65.6129,38.2386],[65.7285,38.2263],[65.8571,38.2687],[65.9712,38.2443],[66.1732,38.1667],[66.3898,38.0509],[66.5745,38.0108],[66.6293,37.9321],[66.5256,37.7858],[66.5114,37.5992],[66.5223,37.3485]]}},
{"type":"Feature","properties":{"kind":"international","min_zoom":0},"geometry":{"type":"LineString","coordinates":[[49.2323,46.3372],[48.6101,46.5665],[48.5092,46.65],[48.5185,46.7343],[48.6053,46.7659],[48.7764,46.7103],[48.9503,46.7258],[48.9593,46.7746],[48.8319,46.9549],[48.7143,47.1005],[48.5525,47.321],[48.2757,47.59],[48.167,47.7088],[48.11,47.7454],[47.4819,47.8039],[47.2923,47.7409],[47.2021,47.7925],[47.0933,47.9477],[47.119,48.127],[47.0646,48.2325],[47.0043,48.2845],[46.8531,48.3236],[46.6609,48.4122],[46.6092,48.5739],[46.7026,48.8055],[46.853,48.9696],[46.9622,49.0384],[47.0143,49.0983],[47.0181,49.1999],[46.853,49.3039],[46.8021,49.3671],[46.8231,49.5022],[46.8896,49.697],[46.9919,49.8527],[47.2484,50.0009],[47.2952,50.0585],[47.2947,50.2175],[47.3264,50.2735],[47.5036,50.4027],[47.5997,50.4136],[47.7058,50.378],[47.8497,50.2823],[48.0607,50.0936],[48.2248,49.9319],[48.335,49.8582],[48.4343,49.8285],[48.759,49.9283],[48.8433,50.0131],[48.8179,50.0998],[48.7005,50.3538],[48.6551,50.6199],[48.8084,50.6013],[49.3234,50.8517],[49.4246,51.027],[49.498,51.0836],[49.8222,51.1319],[49.9323,51.1972],[50.2469,51.2895],[50.5163,51.5056],[50.7562,51.6751],[50.7939,51.7292],[50.8825,51.7192],[51.1634,51.6474],[51.2699,51.5945],[51.3011,51.4974],[51.3445,51.4754],[51.6091,51.484],[51.7754,51.5543],[52.0071,51.6727],[52.2192,51.7094],[52.331,51.6813],[52.4962,51.5122],[52.5712,51.4816],[52.8205,51.4946],[52.9026,51.4669],[53.0383,51.4637],[53.2274,51.485],[53.3381,51.4824],[53.5346,51.3996],[53.6881,51.2518],[53.9568,51.1612],[54.0415,51.1152],[54.2979,50.9141],[54.4215,50.7803],[54.4714,50.5838],[54.5174,50.5412],[54.5962,50.5507],[54.65,50.6602],[54.6063,50.8799],[54.5461,50.946],[54.6417,51.0116],[54.7271,50.9981],[55.0148,50.8698],[55.1952,50.7447],[55.3611,50.6653],[55.5423,50.6018],[55.6862,50.5829],[55.7977,50.602],[56.0497,50.7135],[56.144,50.8446],[56.4915,51.0195],[56.6202,50.9809],[56.8496,51.0455],[57.0117,51.0652],[57.179,51.0361],[57.3125,50.9466],[57.4422,50.8889],[57.5579,50.8956],[57.6538,50.9251],[57.7649,51.0469],[57.8388,51.0917],[58.0452,51.0689],[58.1884,51.0817],[58.3592,51.0638],[58.5475,50.971],[58.814,50.7372],[58.8837,50.6945],[59.1708,50.6479],[59.4523,50.6204],[59.5239,50.5828],[59.523,50.4929],[59.7512,50.5439],[59.8124,50.582],[59.9552,50.7993],[60.0053,50.8397],[60.1121,50.8342],[60.288,50.7041],[60.5085,50.6692],[60.638,50.6637],[60.9423,50.6955],[61.2269,50.7748],[61.3894,50.861],[61.465,50.9902],[61.5122,51.137],[61.5851,51.2297],[61.5547,51.3246],[61.3631,51.4419],[61.0148,51.4924],[60.9736,51.5371],[60.4648,51.6512],[60.3875,51.773],[60.2804,51.8346],[60.0675,51.8906],[60.0655,51.9765],[60.2337,52.0245],[60.4255,52.1256],[60.4993,52.1463],[60.6703,52.1508],[60.9376,52.2806],[60.9946,52.3369],[60.9795,52.3948],[60.8212,52.5698],[60.7744,52.6758],[60.8023,52.7447],[60.9447,52.8602],[61.0475,52.9725],[61.4007,52.996],[61.9742,52.9437],[62.0827,53.0054],[62.0811,53.0574],[62.0147,53.1079],[61.7662,53.1739],[61.6598,53.2285],[61.4368,53.2394],[61.1992,53.2871],[61.1628,53.3367],[61.229,53.4459],[61.4009,53.4558],[61.5349,53.5233],[61.4099,53.587],[61.248,53.551],[60.9795,53.6217],[60.9856,53.6574],[61.1132,53.7535],[61.1132,53.8824],[61.1437,53.9638],[61.231,54.0195],[61.3337,54.0493],[61.5981,53.9949],[61.9287,53.9465],[62.0403,54.0026],[62.499,54.0132],[62.6327,54.0693],[63.074,54.1052],[63.1913,54.1711],[63.4136,54.1832],[63.7212,54.245],[63.8471,54.2365],[64.0039,54.2671],[64.1994,54.3474],[64.4612,54.3842],[64.6499,54.3522],[64.9267,54.3966],[65.0884,54.3402],[65.1578,54.3644],[65.2374,54.5161],[65.3782,54.5645],[65.4769,54.6233],[65.7078,54.6187],[65.9142,54.6933],[65.9547,54.6595],[66.2227,54.6674],[66.7545,54.7379],[67.0984,54.7882],[67.2573,54.8288],[67.6934,54.8724],[67.8299,54.9436],[68.0739,54.9596],[68.2094,55.0031],[68.244,55.0524],[68.2062,55.1609],[68.302,55.1865],[68.5248,55.2048],[68.7129,55.3085],[68.9772,55.3896],[69.4933,55.3569],[69.7403,55.3074],[69.9817,55.1991],[70.1825,55.1625],[70.3714,55.2122],[70.4863,55.2824],[70.7381,55.3052],[70.9102,55.128],[70.9918,54.9505],[71.1856,54.5993],[71.1592,54.5386],[71.1521,54.3641],[71.0527,54.2605],[71.0932,54.2122],[71.3365,54.1583],[71.6772,54.178],[71.8874,54.2215],[72.0045,54.2057],[72.0656,54.2316],[72.1054,54.3085],[72.186,54.3256],[72.2692,54.2721],[72.3873,54.123],[72.4043,53.9645],[72.4468,53.9418],[72.586,53.9959],[72.5643,54.0904],[72.6223,54.1343],[72.914,54.1073],[73.1193,53.9807],[73.2299,53.9578],[73.3807,53.9629],[73.5056,53.9993],[73.618,54.0674],[73.7124,54.0424],[73.6789,53.9294],[73.3994,53.8115],[73.3057,53.7072],[73.2857,53.5984],[73.3619,53.5062],[73.47,53.4689],[73.6429,53.5763],[73.8589,53.6197],[74.0686,53.6114],[74.21,53.5765],[74.3515,53.4876],[74.4028,53.5044],[74.4519,53.6472],[74.8341,53.8257],[75.0522,53.8267],[75.377,53.9701],[75.3981,54.0685],[75.4372,54.0897],[75.6568,54.106],[75.8806,54.168],[76.2666,54.312],[76.4965,54.3357],[76.7594,54.4369],[76.8373,54.4424],[76.789,54.3219],[76.7031,54.1825],[76.6546,54.1453],[76.4217,54.1515],[76.422,54.1135],[76.5131,53.9932],[76.5757,53.9425],[77.1324,53.6701],[77.7044,53.3792],[77.86,53.2692],[78.198,52.9297],[78.4755,52.6384],[78.7214,52.357],[79.1487,51.8681],[79.4688,51.4931],[79.7165,51.16],[79.9862,50.7746],[80.0659,50.7582],[80.0864,50.84],[80.2203,50.9118],[80.3452,50.9191],[80.4236,50.9463],[80.4523,50.9976],[80.4215,51.1364],[80.4481,51.1834],[80.6055,51.2242],[80.6505,51.2774],[80.7353,51.2934],[80.8773,51.2814],[80.9656,51.1898],[81.1273,51.1911],[81.141,51.1466],[81.0775,51.0149],[81.1246,50.9463],[81.3191,50.9664],[81.3882,50.9565],[81.4516,50.8237],[81.4659,50.7398],[81.6339,50.7391],[81.752,50.7644],[81.9337,50.7664],[82.0981,50.7109],[82.3264,50.7419],[82.494,50.7276],[82.6117,50.7715],[82.7608,50.8934],[83.0192,50.8973],[83.1602,50.9892],[83.3573,50.9946],[83.5814,50.9358],[83.7178,50.8872],[83.9451,50.7747],[84.0024,50.6769],[84.1759,50.5205],[84.2578,50.2882],[84.3233,50.2392],[84.4009,50.2392],[84.6073,50.2024],[84.839,50.0913],[84.9895,50.0614],[84.9752,49.9511],[85.0008,49.8942],[85.2101,49.6649],[85.2919,49.5995],[85.3716,49.6239],[85.9336,49.5504],[85.9744,49.4993],[86.1809,49.4993],[86.2924,49.5875],[86.418,49.6385],[86.6101,49.7691],[86.7287,49.7487],[86.7307,49.6955],[86.6142,49.6097],[86.6265,49.5627],[86.7144,49.5586],[86.8121,49.4879],[86.953,49.3221],[87.0706,49.2546],[87.2337,49.2161],[87.3228,49.0858]]}},
{"type":"Feature","properties":{"kind":"international","min_zoom":0},"geometry":{"type":"LineString","coordinates":[[34.1982,31.3226],[34.2453,31.2083],[34.401,30.8278],[34.4899,30.5963],[34.5297,30.446],[34.6586,30.1914],[34.7351,29.982],[34.8698,29.5639],[34.9043,29.4773]]}},
{"type":"Feature","properties":{"kind":"international","min_zoom":0},"geometry":{"type":"LineString","coordinates":[[33.9761,4.2202],[34.3802,4.6207]]}},
{"type":"Feature","properties":{"kind":"international","min_zoom":0},"geometry":{"type":"LineString","coordinates":[[41.884,3.9777],[41.7377,3.979],[41.4819,3.9633],[41.3725,3.9462],[41.2209,3.9436],[41.0872,3.992],[40.8727,4.1903],[40.7652,4.273],[40.5287,4.1777],[40.0141,3.948],[39.8422,3.8514],[39.7904,3.7542],[39.6575,3.5778],[39.5389,3.4692],[39.4945,3.4561],[39.2255,3.4788],[38.7528,3.559],[38.6081,3.6001],[38.2253,3.619],[38.0862,3.6488],[37.945,3.7467],[37.3825,4.1108],[36.9056,4.4115],[36.8236,4.4301],[36.082,4.4497],[35.9787,4.5038],[35.9199,4.6198]]}},
{"type":"Feature","properties":{"kind":"international","min_zoom":0},"geometry":{"type":"LineString","coordinates":[[23.3807,-17.6406],[22.6241,-17.7816],[21.9608,-17.9052],[21.4169,-18.0007],[21.2879,-17.963],[21.1135,-17.9558],[20.9083,-18.0061],[20.7455,-18.0198],[20.6251,-17.9967],[20.5076,-17.9525],[20.393,-17.8874],[20.1944,-17.8637],[19.9118,-17.8813],[19.6393,-17.8686],[19.3771,-17.8255],[19.1895,-17.8085],[19.0765,-17.8177],[18.9553,-17.8036],[18.826,-17.7663],[18.7181,-17.7033],[18.5881,-17.57],[18.4867,-17.4428],[18.3964,-17.3994],[17.8354,-17.3928],[17.2962,-17.392],[16.531,-17.3908],[16.1484,-17.3903],[15.3832,-17.3891],[15.0006,-17.3886],[14.4147,-17.3877],[14.0175,-17.4089],[13.938,-17.3888],[13.5617,-17.1412],[13.476,-17.04],[13.4037,-17.0078],[13.1795,-16.9717],[13.1011,-16.9677],[12.9632,-17.0154],[12.7851,-17.1083],[12.5482,-17.2127],[12.3593,-17.2059],[12.2133,-17.21],[12.1143,-17.1645],[12.0139,-17.1685],[11.9026,-17.2266],[11.743,-17.2492]]}},
{"type":"Feature","properties":{"kind":"international","min_zoom":0},"geometry":{"type":"LineString","coordinates":[[25.2588,-17.7936],[25.4517,-17.8452],[25.5571,-17.8495],[25.6396,-17.8241],[25.7416,-17.8582],[25.8633,-17.9519],[25.9959,-17.9698],[26.1395,-17.9117],[26.3334,-17.9293],[26.5775,-18.0226],[26.7799,-18.0415],[27.0208,-17.9584],[27.4378,-17.512],[27.6367,-17.2621],[27.7565,-17.0604],[27.9322,-16.8962],[28.1638,-16.7697],[28.3998,-16.6628],[28.7607,-16.5319],[28.8327,-16.4241],[28.8568,-16.3062],[28.8568,-16.1423],[28.8756,-16.0362],[28.9131,-15.9878],[29.0506,-15.9012],[29.2879,-15.7765],[29.4873,-15.6968],[29.7296,-15.6446],[30.3961,-15.6431]]}},
{"type":"Feature","properties":{"kind":"international","min_zoom":0},"geometry":{"type":"LineString","coordinates":[[23.3807,-17.6406],[23.7993,-17.5602],[24.2749,-17.481],[24.7329,-17.5177],[24.9324,-17.5435],[25.0018,-17.5686],[25.0921,-17.6343],[25.2588,-17.7936]]}},
{"type":"Feature","properties":{"kind":"international","min_zoom":0},"geometry":{"type":"LineString","coordinates":[[31.2878,-22.402],[31.4295,-22.2988],[32.0163,-21.6981],[32.3711,-21.3349],[32.4298,-21.297],[32.3536,-21.1365],[32.4762,-20.9501],[32.4776,-20.713],[32.5293,-20.6131],[32.6726,-20.5161],[32.7809,-20.3615],[32.8697,-20.2172],[32.9927,-19.9849],[33.0068,-19.8738],[32.9727,-19.7954],[32.8308,-19.5582],[32.7777,-19.3887],[32.8309,-19.2415],[32.8498,-19.1044],[32.8262,-19.0588],[32.7165,-19.0019],[32.6992,-18.8685],[32.722,-18.8284],[32.8545,-18.7637],[32.9003,-18.689],[32.9017,-18.6329],[32.9931,-18.3596],[32.9964,-18.3126],[32.9647,-18.1963],[32.9555,-18.0829],[32.9547,-17.7654],[32.9808,-17.4375],[32.9693,-17.2516],[32.8844,-17.0378],[32.8763,-16.8836],[32.9379,-16.7759],[32.948,-16.7123],[32.7418,-16.6776],[32.6359,-16.5894],[32.452,-16.5157],[32.2432,-16.4487],[31.9399,-16.4288],[31.6876,-16.2142],[31.4899,-16.1797],[31.4262,-16.1523],[31.2363,-16.0237],[30.6302,-15.9992],[30.4378,-15.9954],[30.4094,-15.9782],[30.3961,-15.6431]]}},
{"type":"Feature","properties":{"kind":"international","min_zoom":0},"geometry":{"type":"LineString","coordinates":[[12.2756,-6.0034],[12.4154,-6.0454],[12.7589,-5.9729],[12.983,-5.8754],[13.1843,-5.8563],[13.3026,-5.8819],[13.3715,-5.8618],[13.9785,-5.8573],[14.3987,-5.8927],[14.6579,-5.8888],[14.7495,-5.8801],[15.0893,-5.8745],[15.7269,-5.8638],[16.3153,-5.8656],[16.4315,-5.9002],[16.5371,-5.9658],[16.6081,-6.0515],[16.6395,-6.1145],[16.6973,-6.1643],[16.7178,-6.2414],[16.701,-6.346],[16.7094,-6.4717],[16.743,-6.6185],[16.8131,-6.7726],[16.9194,-6.9339],[16.9658,-7.0621],[16.952,-7.1571],[16.9847,-7.2574],[17.0638,-7.3631],[17.1551,-7.4614],[17.245,-7.6233],[17.536,-8.0758],[17.5796,-8.099],[17.7788,-8.0714],[17.913,-8.0677],[18.0088,-8.1076],[18.0472,-8.1008],[18.1915,-8.0238],[18.4847,-7.9686],[18.5627,-7.9359],[18.6534,-7.936],[18.8983,-7.9981],[19.1427,-8.0015],[19.3409,-7.9666],[19.3717,-7.6551],[19.4193,-7.5573],[19.4799,-7.4722],[19.4838,-7.2795],[19.5276,-7.1445],[19.6603,-7.0371],[19.8752,-6.9863],[19.9974,-6.9765],[20.1901,-6.9463],[20.4822,-6.9159],[20.5987,-6.9351],[20.5369,-7.1218],[20.5584,-7.2445],[20.6078,-7.2777],[21.1904,-7.2849],[21.7511,-7.3054],[21.8061,-7.3286],[21.8416,-7.421],[21.8336,-7.6017],[21.7801,-7.8654],[21.8009,-8.1119],[21.8959,-8.3411],[21.9054,-8.6934],[21.8294,-9.1684],[21.8132,-9.4687],[21.8567,-9.5942],[21.9487,-9.7256],[22.0891,-9.8628],[22.1977,-10.0406],[22.2745,-10.2591],[22.3024,-10.3967],[22.2817,-10.4533],[22.2832,-10.5516],[22.307,-10.6913],[22.2805,-10.784],[22.2035,-10.8295],[22.1779,-10.8923],[22.2167,-11.0127],[22.2262,-11.122],[22.2788,-11.1941],[22.3929,-11.1595],[22.4861,-11.0867],[22.561,-11.0558],[22.8147,-11.0803],[23.0762,-11.0878],[23.1568,-11.0748],[23.4002,-10.9764],[23.5599,-10.9786],[23.6964,-11.0076],[23.8339,-11.0137],[23.9012,-10.9832],[23.9287,-10.8915],[23.9665,-10.8718]]}},
{"type":"Feature","properties":{"kind":"international","min_zoom":0},"geometry":{"type":"LineString","coordinates":[[-16.5623,13.5873],[-16.3087,13.5969],[-15.5097,13.5862],[-15.4269,13.727],[-15.2695,13.7891],[-15.1083,13.8121],[-14.9358,13.7852],[-14.766,13.6691],[-14.5709,13.6162],[-14.507,13.5597],[-14.4055,13.5037],[-14.3256,13.4886],[-14.147,13.5362],[-13.9774,13.5434],[-13.8528,13.4786],[-13.8267,13.4078],[-13.8475,13.3353],[-14.2467,13.2358],[-14.4386,13.2689],[-14.6719,13.3517],[-14.9503,13.4726],[-15.0246,13.5133],[-15.1511,13.5565],[-15.1916,13.5353],[-15.2445,13.4291],[-15.2862,13.396],[-15.6573,13.3558],[-15.8144,13.3251],[-15.8342,13.1565],[-16.2283,13.1603],[-16.6488,13.1541],[-16.7633,13.0641]]}},
{"type":"Feature","properties":{"kind":"international","min_zoom":0},"geometry":{"type":"LineString","coordinates":[[0.2175,14.9115],[0.1638,14.4972],[0.3546,14.288],[0.3825,14.2458],[0.3548,14.139],[0.4292,13.9721],[0.6182,13.7034],[0.7478,13.6745],[0.8979,13.6109],[0.9777,13.5519],[1.0179,13.4679],[1.2012,13.3575],[1.1709,13.3296],[0.9884,13.3648],[0.9731,13.1704],[0.9873,13.0419],[1.0968,13.0011],[1.5005,12.6765],[1.5649,12.6354],[1.7898,12.6133],[1.841,12.6279],[1.9562,12.7074],[2.1046,12.7013],[2.1597,12.6364],[2.2116,12.5384],[2.2263,12.4661],[2.2038,12.4126],[2.0685,12.3791],[2.0914,12.278],[2.1944,12.1365],[2.3892,11.8971]]}},
{"type":"Feature","properties":{"kind":"international","min_zoom":0},"geometry":{"type":"LineString","coordinates":[[18.6103,3.4784],[18.5538,3.5102],[18.4745,3.623],[18.3182,3.5808],[18.161,3.4998],[18.1113,3.5511],[17.8803,3.5538],[17.8066,3.5842],[17.438,3.6846],[17.2985,3.6172],[17.0025,3.5567],[16.6734,3.5352],[16.5704,3.4631],[16.4963,3.2088],[16.4596,2.8965],[16.4686,2.8317],[16.1834,2.2701]]}},
{"type":"Feature","properties":{"kind":"international","min_zoom":0},"geometry":{"type":"LineString","coordinates":[[16.1826,2.2624],[16.1766,2.2048],[16.1157,2.1678],[16.08,2.1068],[16.0696,2.0217],[16.0879,1.9181],[16.135,1.796],[16.1361,1.7242],[16.0594,1.6762],[15.9752,1.76],[15.7416,1.915],[15.6003,1.9504],[15.4175,1.9568],[15.3388,1.9447],[15.2035,2.0245],[15.16,2.0356],[15.0996,2.0024],[14.9024,2.0123],[14.875,2.0804],[14.7629,2.0752],[14.7283,2.1224],[14.6691,2.1321],[14.5789,2.1991],[14.4841,2.1547],[14.287,2.1603],[13.7727,2.1574],[13.2936,2.1616]]}},
{"type":"Feature","properties":{"kind":"international","min_zoom":0},"geometry":{"type":"LineString","coordinates":[[15.4801,7.5238],[15.3791,7.3582],[15.2459,7.2636],[15.2067,7.2062],[15.1571,7.0635],[15.0346,6.7844],[14.9827,6.7453],[14.8619,6.5557],[14.7393,6.2798],[14.6995,6.2503],[14.5121,6.1619],[14.4407,6.0867],[14.4311,6.0387],[14.5031,5.9169],[14.5773,5.916],[14.6169,5.8651],[14.6169,5.4955],[14.5836,5.4397],[14.563,5.2799],[14.6406,5.1791],[14.6617,5.0655],[14.709,4.6656],[14.7704,4.5581],[14.8935,4.4719],[15.0228,4.3585],[15.0636,4.2849],[15.0875,4.164],[15.1369,4.0691],[15.1154,4.0245],[15.0349,4.0163],[15.1287,3.8269],[15.4584,3.4568],[15.775,3.1272],[15.9048,3.0958],[16.0635,2.9086],[16.0825,2.8391],[16.0593,2.773],[16.0955,2.5992],[16.1067,2.4735],[16.1361,2.3638],[16.1834,2.2701],[16.1826,2.2624]]}},
{"type":"Feature","properties":{"kind":"international","min_zoom":0},"geometry":{"type":"LineString","coordinates":[[33.9761,4.2202],[33.5684,3.8117],[33.4894,3.7551],[33.3243,3.7543],[33.1541,3.7747],[32.9972,3.8802],[32.838,3.7985],[32.7372,3.7727],[32.5348,3.75],[32.3357,3.7062],[32.1967,3.6078],[32.1563,3.528],[32.0995,3.5292],[31.9419,3.6076],[31.8883,3.7091],[31.7981,3.8026],[31.6289,3.7015],[31.5472,3.6776],[31.48,3.6804],[31.3574,3.7376],[31.222,3.7859],[31.1523,3.7856],[31.048,3.725],[30.9294,3.6341],[30.8386,3.4907]]}},
{"type":"Feature","properties":{"kind":"international","min_zoom":0},"geometry":{"type":"LineString","coordinates":[[13.0727,-4.6348],[13.0573,-4.651],[12.8296,-4.7366],[12.6748,-4.9054],[12.5735,-4.9965],[12.4515,-5.0715],[12.5224,-5.1489],[12.5189,-5.4246],[12.5038,-5.6958],[12.4845,-5.7188],[12.2137,-5.7587]]}},
{"type":"Feature","properties":{"kind":"international","min_zoom":0},"geometry":{"type":"LineString","coordinates":[[31.9483,-25.9576],[31.9203,-25.7739],[31.9845,-25.632],[31.9794,-25.3594],[31.987,-25.2635],[31.9832,-24.6383],[31.9858,-24.4607],[31.9667,-24.3764],[31.908,-24.2362],[31.8583,-24.0402],[31.7996,-23.8922],[31.724,-23.7946],[31.6756,-23.6743],[31.6041,-23.5529],[31.5456,-23.4823],[31.5296,-23.4258],[31.5318,-23.2795],[31.4193,-22.8251],[31.3002,-22.4786],[31.2878,-22.402]]}},
{"type":"Feature","properties":{"kind":"international","min_zoom":0},"geometry":{"type":"LineString","coordinates":[[33.2017,-14.0134],[32.8745,-14.1225],[32.2729,-14.323],[32.1999,-14.3408],[31.7289,-14.4961],[31.538,-14.5771],[31.1309,-14.6947],[30.6734,-14.8191],[30.5377,-14.8665],[30.2319,-14.9904],[30.225,-15.0669],[30.2521,-15.1832],[30.3506,-15.3497],[30.3961,-15.6431]]}},
{"type":"Feature","properties":{"kind":"international","min_zoom":0},"geometry":{"type":"LineString","coordinates":[[34.9595,-11.5781],[34.8265,-11.5757],[34.6595,-11.5886],[34.6186,-11.6202],[34.6063,-11.6901],[34.5539,-11.8341],[34.376,-12.1202],[34.3608,-12.2106],[34.4658,-12.5907],[34.5213,-12.9258],[34.5637,-13.3602],[34.6616,-13.4867],[34.8505,-13.516],[35.0138,-13.6435],[35.2475,-13.8969],[35.4885,-14.201],[35.8472,-14.6709],[35.8667,-14.8637],[35.8927,-14.8918],[35.8399,-15.0347],[35.8054,-15.2656],[35.8303,-15.4189],[35.82,-15.6803],[35.7912,-15.9587],[35.7553,-16.0583],[35.7089,-16.0958],[35.5993,-16.1259],[35.3585,-16.1605],[35.2915,-16.2472],[35.1672,-16.5602],[35.2298,-16.6392],[35.2812,-16.8078],[35.2904,-17.0969],[35.2014,-17.1311],[35.1246,-17.1273],[35.0646,-17.0786],[35.044,-17.0169],[35.0942,-16.9738],[35.1122,-16.8985],[35.0799,-16.8339],[35.0153,-16.8195],[34.9334,-16.7604],[34.7588,-16.5671],[34.6127,-16.4315],[34.5281,-16.3192],[34.4413,-16.2745],[34.3956,-16.1993],[34.403,-16.0803],[34.376,-16.0237],[34.2482,-15.8875],[34.2461,-15.8294],[34.358,-15.7052],[34.4148,-15.5667],[34.4349,-15.4772],[34.5409,-15.2973],[34.5555,-15.1409],[34.5512,-14.9224],[34.5053,-14.5981],[34.375,-14.4249],[34.3325,-14.4086],[34.1018,-14.4493],[34.0494,-14.4853],[33.9698,-14.4871],[33.6961,-14.5303],[33.6364,-14.5682],[33.5053,-14.4341],[33.3899,-14.2895],[33.2436,-14.0431],[33.2017,-14.0134]]}},
{"type":"Feature","properties":{"kind":"international","min_zoom":0},"geometry":{"type":"LineString","coordinates":[[29.5769,-1.3879],[29.5619,-0.9774],[29.5901,-0.8871],[29.6083,-0.6913],[29.6478,-0.5352],[29.6332,-0.4417],[29.7177,0.0983],[29.7779,0.1663],[29.8854,0.4189],[29.9345,0.499],[29.9238,0.6739],[29.9429,0.8192],[30.0473,0.8635],[30.1829,0.9735],[30.2401,1.1028],[30.3211,1.1853],[30.4782,1.239],[30.9425,1.6828],[31.1588,1.922],[31.2527,2.0446],[31.274,2.1463],[31.1914,2.2323],[31.1763,2.2701],[31.0822,2.2881],[30.962,2.4033],[30.8301,2.4004],[30.7286,2.4554],[30.7299,2.5303],[30.7695,2.678],[30.8466,2.847],[30.8214,2.9676],[30.754,3.0418],[30.7792,3.1634],[30.8278,3.2826],[30.9065,3.4089],[30.8953,3.4637],[30.8386,3.4907]]}},
{"type":"Feature","properties":{"kind":"international","min_zoom":0},"geometry":{"type":"LineString","coordinates":[[36.5243,14.2569],[36.4267,15.1321],[36.5218,15.2502],[36.566,15.3621],[36.6792,15.7264],[36.7245,15.7989],[36.8135,15.994],[36.8259,16.0503],[36.9137,16.2962],[36.8878,16.6246],[36.9787,16.8006],[36.9758,16.8665],[37.009,17.0589],[37.1695,17.0414],[37.2489,17.0569],[37.411,17.0617],[37.4529,17.1087],[37.5102,17.2881],[37.5474,17.3241],[37.6568,17.3682],[37.7824,17.458],[37.863,17.4703],[37.9501,17.5177],[38.0253,17.5378],[38.0989,17.5265],[38.2535,17.5847],[38.2673,17.6167],[38.3737,17.7173],[38.4225,17.8239],[38.5228,17.9385],[38.6095,18.0051]]}},
{"type":"Feature","properties":{"kind":"international","min_zoom":0},"geometry":{"type":"LineString","coordinates":[[42.3785,12.4664],[42.1343,12.7714],[41.9521,12.8823],[41.765,13.1839],[41.625,13.3132],[41.3629,13.4998],[41.1223,13.7361],[40.9386,13.9831],[40.8202,14.1117],[40.7696,14.1445],[40.5244,14.2252],[40.2215,14.4312],[40.0621,14.4591],[39.8951,14.4407],[39.7562,14.499],[39.6979,14.499],[39.5319,14.5367],[39.2701,14.4703],[39.198,14.4794],[39.1354,14.5819],[39.0742,14.6282],[38.812,14.4823],[38.5044,14.4244],[38.4314,14.4286],[38.3769,14.4704],[38.2215,14.6496],[38.1771,14.6788],[38.07,14.7027],[38.0026,14.7371],[37.9435,14.8105],[37.8842,14.8523],[37.5712,14.1491],[37.5073,14.1564],[37.3537,14.3725],[37.2572,14.4537],[37.1852,14.446],[37.1326,14.4061],[37.0995,14.334],[37.0245,14.272],[36.9407,14.2806],[36.8119,14.315],[36.6791,14.3076],[36.5243,14.2569]]}},
{"type":"Feature","properties":{"kind":"international","min_zoom":0},"geometry":{"type":"LineString","coordinates":[[27.352,57.5281],[27.4,57.6668],[27.492,57.725],[27.5421,57.7994],[27.7529,57.841],[27.7688,57.8841],[27.6734,57.9346],[27.6441,58.0139],[27.4878,58.2701],[27.5314,58.4352],[27.427,58.7331],[27.4644,58.8413],[27.7577,59.052],[27.8977,59.2776],[28.0165,59.3017],[28.1511,59.3744],[28.0125,59.4843]]}},
{"type":"Feature","properties":{"kind":"control","min_zoom":0},"geometry":{"type":"LineString","coordinates":[[74.3055,32.8104],[74.3546,32.7687],[74.4833,32.771],[74.6632,32.7577],[74.6434,32.6077],[74.6578,32.5189],[74.7889,32.4578],[74.9873,32.4622],[75.2337,32.3721],[75.3037,32.3176]]}},
{"type":"Feature","properties":{"kind":"international","min_zoom":0},"geometry":{"type":"LineString","coordinates":[[-84.3483,10.9799],[-84.4892,10.9916],[-84.6342,11.0456],[-84.7012,11.0522],[-84.9092,10.9453],[-85.5387,11.1663],[-85.6214,11.1845],[-85.7026,11.0815],[-85.7443,11.0621]]}},
{"type":"Feature","properties":{"kind":"international","min_zoom":0},"geometry":{"type":"LineString","coordinates":[[-82.8794,8.0707],[-82.8833,8.1306],[-82.9484,8.2569],[-83.0234,8.316],[-82.9975,8.3678],[-82.8616,8.4535],[-82.8448,8.4894],[-82.8557,8.6353],[-82.917,8.7403],[-82.882,8.8053],[-82.74,8.8986],[-82.7411,8.9517],[-82.8813,9.0559],[-82.9404,9.0601],[-82.9399,9.4492],[-82.8601,9.5115],[-82.844,9.5708],[-82.801,9.5918],[-82.6441,9.5059],[-82.5636,9.5767]]}},
{"type":"Feature","properties":{"kind":"international","min_zoom":0},"geometry":{"type":"LineString","coordinates":[[-66.876,1.223],[-66.8955,1.2899],[-66.8845,1.3582],[-66.9815,1.6008],[-66.9881,1.6802],[-67.0895,1.9403],[-67.1314,1.9999],[-67.1138,2.0506],[-67.1655,2.1426],[-67.2152,2.2755],[-67.2108,2.3901],[-67.3122,2.4717],[-67.4864,2.6437],[-67.568,2.69],[-67.5967,2.7693],[-67.7665,2.8333],[-67.8591,2.7936],[-67.8348,2.8928],[-67.5148,3.1872],[-67.3536,3.3227],[-67.3112,3.4159],[-67.4987,3.6911],[-67.6026,3.7688],[-67.6616,3.8643],[-67.7323,4.0865],[-67.7832,4.1982],[-67.7986,4.2839],[-67.7954,4.3807],[-67.8143,4.4551],[-67.8553,4.5069],[-67.8553,4.6655],[-67.8143,4.9308],[-67.8042,5.1325],[-67.8249,5.2705],[-67.7884,5.3755],[-67.6946,5.4475],[-67.6423,5.5588],[-67.6313,5.7094],[-67.5752,5.8331],[-67.4739,5.93],[-67.4394,6.0255],[-67.482,6.1803],[-67.5681,6.2418],[-67.7272,6.2849],[-67.8592,6.2899],[-67.9389,6.2419],[-68.1431,6.1975],[-68.4718,6.1565],[-68.7365,6.1568],[-68.9372,6.1982],[-69.0899,6.1844],[-69.1945,6.1153],[-69.2681,6.0997],[-69.3571,6.148],[-69.4392,6.1349],[-69.739,6.4944],[-70.095,6.9379],[-70.1292,6.9536],[-70.2661,6.9479],[-70.3875,6.9726],[-70.5355,7.0406],[-70.6551,7.0828],[-70.8107,7.0776],[-71.0133,6.9945],[-71.2178,6.9852],[-71.4572,7.0263],[-71.6209,7.0329],[-71.8927,6.9903],[-72.0066,7.0326],[-72.0843,7.0969],[-72.2077,7.3702],[-72.3946,7.4151],[-72.443,7.4549],[-72.472,7.5243],[-72.479,7.6132],[-72.446,7.9661],[-72.3576,8.0873],[-72.3904,8.287],[-72.4166,8.382],[-72.6654,8.6276],[-72.7964,9.109],[-72.8521,9.1352],[-72.9601,9.1352],[-73.0093,9.24],[-73.0584,9.2596],[-73.1932,9.1941],[-73.3367,9.1679],[-73.3563,9.2269],[-73.2243,9.4436],[-73.0641,9.6682],[-73.0065,9.7891],[-72.9404,10.1958],[-72.8693,10.4912],[-72.7391,10.7272],[-72.6901,10.8359],[-72.518,11.0539],[-72.4461,11.1143],[-72.2485,11.1964],[-72.0123,11.6019],[-71.9581,11.6664],[-71.5361,11.7741],[-71.3197,11.8619]]}},
{"type":"Feature","properties":{"kind":"international","min_zoom":0},"geometry":{"type":"LineString","coordinates":[[-68.4434,-52.3566],[-68.461,-52.2905],[-68.7152,-52.2555],[-69.2062,-52.1361],[-69.4884,-52.1361],[-69.9603,-52.0082],[-70.4829,-52.0023],[-71.4147,-51.994],[-71.9187,-51.9895],[-71.9711,-51.9642],[-71.9535,-51.8803],[-72.137,-51.744],[-72.269,-51.6911],[-72.4077,-51.5408],[-72.3032,-51.2989],[-72.3018,-51.2233],[-72.3592,-51.1704],[-72.3768,-51.0954],[-72.3074,-51.0334],[-72.2763,-50.9102],[-72.3403,-50.6819],[-72.3926,-50.6343],[-72.5098,-50.6075],[-72.6204,-50.6477],[-72.8036,-50.6377],[-72.8659,-50.6531],[-73.0824,-50.7603],[-73.1529,-50.7382],[-73.1745,-50.67],[-73.2516,-50.5585],[-73.3117,-50.3619],[-73.3866,-50.2311],[-73.5013,-50.1253],[-73.5289,-49.9109],[-73.4704,-49.7946],[-73.4807,-49.7654]]}},
{"type":"Feature","properties":{"kind":"international","min_zoom":0},"geometry":{"type":"LineString","coordinates":[[-68.6299,-52.6527],[-68.6335,-53.2419],[-68.6367,-53.7889],[-68.6398,-54.324],[-68.6549,-54.9195],[-68.2599,-54.8764],[-68.0561,-54.8781],[-67.1531,-54.9541],[-66.476,-55.114]]}},
{"type":"Feature","properties":{"kind":"international","min_zoom":0},"geometry":{"type":"LineString","coordinates":[[22.7662,54.3568],[22.7318,54.3501],[22.1685,54.3599],[21.1406,54.3918],[20.2082,54.4208],[19.6442,54.4471],[19.6044,54.4592]]}},
{"type":"Feature","properties":{"kind":"international","min_zoom":0},"geometry":{"type":"LineString","coordinates":[[48.4424,28.5429],[47.6713,28.5332],[47.5831,28.628],[47.5213,28.8378],[47.4332,28.9895],[46.9823,29.0457],[46.5315,29.0963]]}},
{"type":"Feature","properties":{"kind":"international","min_zoom":0},"geometry":{"type":"LineString","coordinates":[[44.7652,37.1424],[44.7984,37.0639],[44.8809,36.7993],[44.9815,36.7377],[45.034,36.6589],[45.0311,36.5261],[45.1124,36.4093],[45.2066,36.3972],[45.2411,36.356],[45.3617,36.0153],[45.4838,36.0086],[45.645,35.9284],[45.7235,35.8367],[45.7763,35.8218],[45.9414,35.8354],[46.1674,35.8206],[46.2734,35.7732],[46.2625,35.7441],[46.0374,35.6732],[45.9711,35.5242],[46.0107,35.4248],[46.112,35.3217],[46.1547,35.1967],[46.1338,35.1276],[45.9209,35.0285],[45.6781,34.7984],[45.6601,34.7488],[45.6615,34.6127],[45.6375,34.5738],[45.5008,34.5816],[45.4977,34.5339],[45.4376,34.4151],[45.5269,34.2847],[45.5286,34.1525],[45.3971,33.9708],[45.4733,33.9255],[45.7383,33.6028],[45.8228,33.6248],[45.8794,33.6098],[45.8947,33.5457],[45.8732,33.492],[45.981,33.4701],[46.1458,33.2297],[46.1411,33.1744],[46.0808,33.0865],[46.1128,32.9577],[46.2982,32.9502],[46.377,32.9292],[46.57,32.8339],[47.1214,32.4666],[47.2852,32.474],[47.3713,32.4238],[47.5119,32.1508],[47.5915,32.088],[47.83,31.7944],[47.6795,31.4006],[47.6795,31.0024],[48.0106,30.9898],[48.0149,30.4656],[48.1475,30.4168],[48.2261,30.3214],[48.331,30.2854],[48.4014,30.1883],[48.3986,30.1096],[48.4346,30.0376],[48.5465,29.9624]]}},
{"type":"Feature","properties":{"kind":"international","min_zoom":0},"geometry":{"type":"LineString","coordinates":[[61.262,35.6196],[61.2356,35.7056],[61.2587,35.7618],[61.2521,35.8676],[61.2058,35.9437],[61.1529,35.9768],[61.2124,36.0991],[61.212,36.1905],[61.1751,36.2897],[61.1603,36.4327],[61.1699,36.5722],[61.1197,36.6426],[60.3413,36.6377],[60.3207,36.6536],[60.0628,36.9629],[59.9486,37.0416],[59.5622,37.1789],[59.455,37.2528],[59.3674,37.3337],[59.3447,37.4447],[59.3017,37.5107],[59.2408,37.5208],[58.9372,37.6496],[58.8155,37.6835],[58.6502,37.6516],[58.5505,37.6882],[58.4357,37.6385],[58.2616,37.6658],[58.1088,37.7831],[57.8882,37.8608],[57.7105,37.9053],[57.4238,37.9477],[57.3357,37.9899],[57.3315,38.0893],[57.2601,38.1796],[57.1935,38.2164],[56.9066,38.213],[56.7746,38.25],[56.67,38.2566],[56.4407,38.2494],[56.3241,38.1911],[56.297,38.0948],[56.2288,38.0734],[56.0503,38.0775],[55.8413,38.0946],[55.5784,38.0997],[55.3809,38.0511],[55.0755,37.9025],[54.9001,37.778],[54.8487,37.7226],[54.7452,37.5019],[54.6397,37.4447],[54.5789,37.4402],[54.2998,37.3536],[54.1917,37.3325],[53.9142,37.3436]]}},
{"type":"Feature","properties":{"kind":"international","min_zoom":0},"geometry":{"type":"LineString","coordinates":[[140.9735,-2.6001],[140.9736,-3.0067],[140.974,-3.6166],[140.9743,-4.4298],[140.9746,-5.2429],[140.9747,-5.6495],[140.975,-6.3461],[140.944,-6.4523],[140.8746,-6.6115],[140.8623,-6.7401],[140.9195,-6.84],[140.9752,-6.9054],[140.9755,-7.6825],[140.9758,-8.4957],[140.9762,-9.1187]]}},
{"type":"Feature","properties":{"kind":"international","min_zoom":0},"geometry":{"type":"LineString","coordinates":[[9.5187,30.2294],[9.3103,30.1152],[9.391,29.9936],[9.5462,29.7959],[9.6402,29.6364],[9.7459,29.369],[9.8207,29.1148],[9.8425,28.967],[9.8156,28.5602],[9.8582,28.0433],[9.916,27.7857],[9.8253,27.553],[9.7476,27.3309],[9.7525,27.2193],[9.8372,26.9158],[9.8944,26.8479],[9.8833,26.6308],[9.8593,26.552],[9.685,26.4382],[9.4914,26.3337],[9.4379,26.2455],[9.4224,26.1471],[9.4482,26.0671],[10.0007,25.3321],[10.0191,25.2586],[10.0282,25.051],[10.1195,24.7902],[10.2186,24.6762],[10.2558,24.591],[10.3959,24.4856],[10.439,24.4802],[10.6861,24.5514],[11.1082,24.434],[11.5076,24.3143],[11.5369,24.2908],[11.767,23.8926],[11.9679,23.5179]]}},
{"type":"Feature","properties":{"kind":"international","min_zoom":0},"geometry":{"type":"LineString","coordinates":[[-13.7293,12.6739],[-14.3492,12.6764],[-15.1961,12.68],[-15.5748,12.4904],[-15.8395,12.4379],[-16.1442,12.4574],[-16.2415,12.4433],[-16.4163,12.3677],[-16.5213,12.3487],[-16.6569,12.3644],[-16.7118,12.3549]]}},
{"type":"Feature","properties":{"kind":"international","min_zoom":0},"geometry":{"type":"LineString","coordinates":[[-11.3894,12.4044],[-11.5737,12.4263],[-11.8081,12.3873],[-11.8885,12.4033],[-12.0424,12.3981],[-12.1519,12.3766],[-12.2912,12.328],[-12.3991,12.3401],[-12.4574,12.3784],[-12.5342,12.3758],[-12.7973,12.4519],[-12.9307,12.5323],[-13.0119,12.4776],[-13.0613,12.49],[-13.0829,12.6335],[-13.2281,12.6396],[-13.4057,12.6623],[-13.7293,12.6739]]}},
{"type":"Feature","properties":{"kind":"international","min_zoom":0},"geometry":{"type":"LineString","coordinates":[[0.9005,10.9933],[0.643,10.9831],[0.5491,10.9554],[0.4841,10.992],[0.1593,11.0696],[-0.0686,11.1156]]}},
{"type":"Feature","properties":{"kind":"international","min_zoom":0},"geometry":{"type":"LineString","coordinates":[[-139.0565,60.0016],[-139.1852,60.0836],[-139.0793,60.2794],[-139.0793,60.3437],[-139.6763,60.3283],[-139.9733,60.1831],[-140.4528,60.2997],[-140.5254,60.2183],[-141.0021,60.3002],[-141.0021,61.1769],[-141.0021,62.0535],[-141.0021,62.6379],[-141.0021,63.5145],[-141.0021,64.3911],[-141.0021,64.9755],[-141.0021,65.5599],[-141.0021,66.4365],[-141.0021,67.3132],[-141.0021,68.1897],[-141.0021,68.7742],[-141.0021,69.6508]]}},
{"type":"Feature","properties":{"kind":"international","min_zoom":0},"geometry":{"type":"LineString","coordinates":[[-130.622,54.7089],[-130.4932,54.8342],[-130.3125,54.9459],[-130.2141,55.0259],[-130.0179,55.2849],[-130.0376,55.4165],[-130.11,55.5809],[-130.1225,55.691],[-130.0916,55.7862],[-130.0251,55.8882],[-130.0229,56.0145],[-130.0979,56.1093],[-130.2147,56.0828],[-130.4131,56.1225],[-130.4771,56.2306],[-130.6491,56.2637],[-130.7417,56.3408],[-131.0829,56.4048],[-131.5751,56.5988],[-131.8243,56.59],[-131.8331,56.6848],[-131.886,56.7421],[-131.8662,56.7928],[-132.1043,56.8568],[-132.0315,57.0265],[-132.338,57.0795],[-132.2322,57.1985],[-132.3017,57.2763],[-132.5505,57.4999],[-132.9168,57.877],[-133.2753,58.2229],[-133.4226,58.3371],[-133.4011,58.4109],[-133.5464,58.5035],[-133.8207,58.705],[-134.2185,58.8499],[-134.297,58.8985],[-134.4408,59.0853],[-134.622,59.1553],[-134.6772,59.1993],[-134.9438,59.2883],[-135.0713,59.4414],[-135.051,59.5787],[-135.2608,59.695],[-135.4759,59.7933],[-135.9346,59.6626],[-136.3218,59.6048],[-136.2471,59.5329],[-136.3478,59.456],[-136.4663,59.4591],[-136.4667,59.2799],[-136.5787,59.1523],[-136.8133,59.15],[-137.2776,58.9882],[-137.4386,58.9031],[-137.5209,58.9154],[-137.4842,58.9912],[-137.5933,59.2263],[-138.1875,59.5419],[-138.6323,59.7783],[-138.7055,59.9013],[-139.0565,60.0016]]}},
{"type":"Feature","properties":{"kind":"international","min_zoom":0},"geometry":{"type":"LineString","coordinates":[[-123.3136,48.993],[-122.6864,48.993]]}},
{"type":"Feature","properties":{"kind":"international","min_zoom":0},"geometry":{"type":"LineString","coordinates":[[-88.8941,15.8906],[-89.1136,15.9007],[-89.2375,15.8944],[-89.2124,16.5271],[-89.1822,17.2912],[-89.1615,17.8148]]}},
{"type":"Feature","properties":{"kind":"international","min_zoom":0},"geometry":{"type":"LineString","coordinates":[[-75.2845,-0.1065],[-75.3405,-0.1422],[-75.476,-0.1571],[-75.5838,-0.1228],[-75.632,-0.1576],[-75.4911,-0.2484],[-75.4247,-0.4089],[-75.2632,-0.5554],[-75.2836,-0.7071],[-75.2496,-0.9518],[-75.4204,-0.9622],[-75.5705,-1.5312],[-75.6417,-1.6073],[-76.0898,-2.1332],[-76.6791,-2.5626],[-77.3601,-2.8097],[-77.8606,-2.9817],[-77.9385,-3.047],[-78.1833,-3.3502],[-78.1947,-3.3805],[-78.1585,-3.4652],[-78.2263,-3.4891],[-78.2842,-3.399],[-78.3473,-3.4313],[-78.3981,-3.5948],[-78.4198,-3.7769],[-78.471,-3.843],[-78.5091,-3.9522],[-78.5504,-3.9869],[-78.6034,-4.1573],[-78.6794,-4.3259],[-78.6851,-4.384],[-78.6529,-4.4582],[-78.686,-4.5624],[-78.8615,-4.665],[-78.9258,-4.7707],[-78.9192,-4.8584],[-78.9754,-4.8732],[-79.0333,-4.9692],[-79.0763,-4.9907],[-79.1867,-4.9582],[-79.2681,-4.9576],[-79.3309,-4.9278],[-79.4558,-4.7662],[-79.5019,-4.6706],[-79.5161,-4.5392],[-79.6385,-4.4549],[-79.7973,-4.4764],[-80.1396,-4.2961],[-80.1975,-4.311],[-80.2934,-4.4168],[-80.3835,-4.4637],[-80.4786,-4.4301],[-80.4885,-4.3937],[-80.3529,-4.2085],[-80.4538,-4.2052],[-80.4885,-4.1655],[-80.51,-4.0696],[-80.4901,-4.01],[-80.4372,-3.9786],[-80.3033,-4.0051],[-80.2669,-3.9489],[-80.1793,-3.8777],[-80.2176,-3.7877],[-80.2206,-3.6132],[-80.2438,-3.5768],[-80.2735,-3.4246],[-80.3247,-3.3879]]}},
{"type":"Feature","properties":{"kind":"international","min_zoom":0},"geometry":{"type":"LineString","coordinates":[[-69.9659,-4.236],[-70.0172,-4.162],[-70.0948,-4.0922],[-70.1675,-4.0502],[-70.2403,-3.8827],[-70.3395,-3.8143],[-70.4858,-3.8694],[-70.5297,-3.8664],[-70.7351,-3.7815],[-70.419,-3.2883],[-70.074,-2.7502],[-70.0958,-2.6582],[-70.2444,-2.6066],[-70.2946,-2.5525],[-70.5759,-2.4183],[-70.648,-2.4057],[-70.7054,-2.342],[-70.9146,-2.2186],[-70.9686,-2.2068],[-71.1134,-2.2454],[-71.1964,-2.313],[-71.3001,-2.3348],[-71.397,-2.3341],[-71.4961,-2.2792],[-71.5595,-2.2242],[-71.7525,-2.1527],[-71.8027,-2.1663],[-71.9843,-2.3266],[-72.0538,-2.3246],[-72.1368,-2.3806],[-72.3956,-2.4289],[-72.6254,-2.3516],[-72.7142,-2.3922],[-72.8871,-2.4085],[-72.9411,-2.394],[-72.9897,-2.3398],[-73.1545,-2.2783],[-73.1727,-2.2084],[-73.1265,-2.081],[-73.1969,-1.8302],[-73.2665,-1.7723],[-73.3495,-1.7839],[-73.4963,-1.693],[-73.5252,-1.6389],[-73.4943,-1.5366],[-73.5214,-1.4497],[-73.5755,-1.4014],[-73.6102,-1.3165],[-73.6643,-1.2489],[-73.7358,-1.2141],[-73.8632,-1.1967],[-73.927,-1.1252],[-73.9868,-1.0981],[-74.0544,-1.0286],[-74.2464,-0.9706],[-74.3344,-0.8509],[-74.3531,-0.7666],[-74.4179,-0.5806],[-74.4652,-0.5176],[-74.6164,-0.3701],[-74.7554,-0.2986],[-74.8017,-0.2001],[-74.9453,-0.1882],[-75.005,-0.1559],[-75.1384,-0.0505],[-75.2246,-0.0418],[-75.2845,-0.1065]]}},
{"type":"Feature","properties":{"kind":"international","min_zoom":0},"geometry":{"type":"LineString","coordinates":[[-66.876,1.223],[-67.0653,1.1784],[-67.0937,1.21],[-67.0901,1.6156],[-67.1192,1.7036],[-67.3519,2.0858],[-67.4004,2.1167],[-67.4996,2.1079],[-67.6092,2.0351],[-67.7119,1.9221],[-67.8151,1.7901],[-67.8755,1.7606],[-67.9898,1.7525],[-68.0328,1.7881],[-68.1303,1.9557],[-68.1938,1.987],[-68.2559,1.8455],[-68.1766,1.7198],[-68.6785,1.7215],[-69.3197,1.7212],[-69.3944,1.7258],[-69.4702,1.7579],[-69.5813,1.7707],[-69.65,1.7395],[-69.7396,1.7349],[-69.8486,1.7088],[-69.8522,1.0595],[-69.7981,1.0784],[-69.717,1.0591],[-69.6209,1.0733],[-69.4703,1.0586],[-69.4415,1.0388],[-69.3614,1.064],[-69.2587,1.0154],[-69.1632,0.8641],[-69.1741,0.6354],[-69.283,0.6272],[-69.3587,0.6516],[-69.4721,0.7299],[-69.6387,0.6597],[-69.6738,0.6651],[-69.8071,0.6075],[-70.0539,0.5786],[-70.0709,0.0186],[-70.0705,-0.1389],[-70.0441,-0.1962],[-69.9228,-0.3174],[-69.7474,-0.4525],[-69.6675,-0.4824],[-69.6119,-0.5534],[-69.5921,-0.6393],[-69.6207,-0.7209],[-69.5436,-0.9172],[-69.4488,-0.9987],[-69.4491,-1.0916],[-69.4002,-1.195],[-69.4179,-1.2457],[-69.4349,-1.4217],[-69.4786,-1.622],[-69.5518,-2.0243],[-69.669,-2.6676],[-69.7326,-3.0167],[-69.8498,-3.6599],[-69.9482,-4.2006],[-69.9659,-4.236]]}},
{"type":"Feature","properties":{"kind":"international","min_zoom":0},"geometry":{"type":"LineString","coordinates":[[-69.5786,-10.9518],[-69.362,-11.3276],[-69.0462,-11.8757],[-68.6852,-12.502],[-68.7629,-12.6077],[-68.7591,-12.6872],[-68.8677,-12.7551],[-68.9786,-12.88],[-68.9723,-13.3823],[-68.9834,-13.4964],[-69.0175,-13.5944],[-69.0741,-13.6828],[-69.0231,-13.7803],[-68.9743,-13.9759],[-68.8917,-14.0944],[-68.8803,-14.1989],[-69.0045,-14.265],[-69.0131,-14.3773],[-69.1197,-14.4703],[-69.2349,-14.5971],[-69.276,-14.7459],[-69.3595,-14.7953],[-69.3747,-14.963],[-69.3307,-15.0389],[-69.1871,-15.1987],[-69.1725,-15.2366],[-69.3019,-15.3994],[-69.4185,-15.6034],[-69.3919,-15.7369],[-69.2176,-16.1491],[-69.1342,-16.222],[-69.0462,-16.2177],[-68.9135,-16.2619],[-68.8488,-16.3128],[-68.8578,-16.3548],[-69.0062,-16.4337],[-69.0384,-16.5427],[-69.0207,-16.6422],[-69.1998,-16.7684],[-69.3816,-17.0013],[-69.4383,-17.0884],[-69.5033,-17.1047],[-69.6249,-17.2002],[-69.6259,-17.2944],[-69.5638,-17.3329],[-69.5219,-17.389],[-69.5111,-17.5049]]}},
{"type":"Feature","properties":{"kind":"international","min_zoom":0},"geometry":{"type":"LineString","coordinates":[[-69.5786,-10.9518],[-69.4625,-10.9481],[-69.2285,-10.9557],[-69.0016,-10.9943],[-68.8483,-11.0112],[-68.7841,-11.0446],[-68.7275,-11.1224],[-68.6226,-11.1091],[-68.398,-11.0187],[-68.2666,-10.9331],[-68.1587,-10.785],[-68.0717,-10.7031],[-67.9917,-10.6744],[-67.835,-10.6628],[-67.7218,-10.6831],[-67.6666,-10.5989],[-67.5824,-10.506],[-67.4169,-10.3899],[-67.2805,-10.3173],[-67.1905,-10.3115],[-67.1115,-10.2689],[-66.73,-9.9755],[-66.5753,-9.8999],[-66.3992,-9.8682],[-66.2636,-9.8261],[-65.9247,-9.7854],[-65.7068,-9.7685],[-65.6371,-9.8091],[-65.5587,-9.7975],[-65.492,-9.7318],[-65.3961,-9.7124],[-65.3379,-9.7903],[-65.3093,-9.8726],[-65.3281,-9.9356],[-65.3246,-10.027],[-65.2986,-10.1468],[-65.3131,-10.2531],[-65.4369,-10.449],[-65.44,-10.5862],[-65.4023,-10.7147],[-65.334,-10.8928],[-65.3238,-11.0248],[-65.3716,-11.1104],[-65.3899,-11.2463],[-65.3424,-11.3151],[-65.322,-11.4391],[-65.2823,-11.5111],[-65.2062,-11.5805],[-65.1754,-11.6469],[-65.1897,-11.7101],[-65.1634,-11.7651],[-65.0903,-11.7412],[-65.0371,-11.8294],[-64.9925,-11.9752],[-64.8299,-12.0303],[-64.6117,-12.2039],[-64.5134,-12.251],[-64.4205,-12.4397],[-64.255,-12.4833],[-64.0616,-12.5051],[-63.9385,-12.5297],[-63.7881,-12.4695],[-63.6886,-12.478],[-63.5857,-12.519],[-63.3467,-12.6801],[-63.2498,-12.7079],[-63.1168,-12.6517],[-63.0675,-12.6691],[-63.0152,-12.8056],[-62.8352,-12.9537],[-62.7655,-12.9972],[-62.6871,-12.9943],[-62.3528,-13.1324],[-62.2639,-13.1436],[-62.1761,-13.1337],[-62.118,-13.1598],[-62.0948,-13.242],[-61.9447,-13.4062],[-61.7899,-13.5256],[-61.5757,-13.5248],[-61.5116,-13.5412],[-61.077,-13.4898],[-60.9145,-13.5614],[-60.7224,-13.6643],[-60.5066,-13.7899],[-60.4224,-13.938],[-60.405,-14.0192],[-60.4281,-14.1],[-60.4746,-14.1847],[-60.4601,-14.2631],[-60.3963,-14.3328],[-60.338,-14.5705],[-60.2989,-14.6186],[-60.2734,-15.0887],[-60.5832,-15.0984],[-60.5305,-15.1432],[-60.2423,-15.4796],[-60.1756,-16.2693],[-59.4343,-16.296],[-58.5379,-16.3283],[-58.3456,-16.2843],[-58.3504,-16.4908],[-58.4706,-16.6502],[-58.4781,-16.7007],[-58.4598,-16.9107],[-58.4174,-17.0806],[-58.396,-17.2342],[-58.3478,-17.2821],[-58.2056,-17.3631],[-57.9909,-17.5129],[-57.905,-17.5324],[-57.8325,-17.5121],[-57.7889,-17.573],[-57.7802,-17.6717],[-57.5865,-18.1223],[-57.5521,-18.1831],[-57.4957,-18.2146],[-57.574,-18.2792],[-57.7831,-18.9143],[-57.7308,-18.9172],[-57.7168,-19.0441],[-57.8004,-19.081],[-58.1315,-19.7446],[-57.8607,-19.9796],[-57.8876,-20.0204],[-58.0212,-20.0552],[-58.0937,-20.1511],[-58.1598,-20.1646]]}},
{"type":"Feature","properties":{"kind":"international","min_zoom":0},"geometry":{"type":"LineString","coordinates":[[-69.9659,-4.236],[-69.972,-4.3011],[-70.0533,-4.3331],[-70.1288,-4.2866],[-70.2391,-4.3011],[-70.3169,-4.247],[-70.3437,-4.1937],[-70.4046,-4.1501],[-70.5307,-4.1676],[-70.7216,-4.1589],[-70.7995,-4.1733],[-70.866,-4.2296],[-70.9737,-4.3505],[-71.1443,-4.3872],[-71.235,-4.3882],[-71.3168,-4.4243],[-71.4383,-4.4376],[-71.5213,-4.4698],[-71.8448,-4.5044],[-71.9824,-4.5746],[-72.2568,-4.7489],[-72.3528,-4.786],[-72.469,-4.9013],[-72.6084,-5.0096],[-72.6987,-5.0672],[-72.8319,-5.0937],[-72.8871,-5.1228],[-72.8958,-5.1983],[-72.9589,-5.4952],[-72.9799,-5.6348],[-73.0681,-5.7896],[-73.1629,-5.9334],[-73.2355,-6.0984],[-73.1353,-6.3443],[-73.1374,-6.4658],[-73.1775,-6.5252],[-73.2403,-6.5641],[-73.3255,-6.5747],[-73.4999,-6.6795],[-73.6945,-6.8337],[-73.7581,-6.9057],[-73.8046,-7.0799],[-73.7233,-7.2628],[-73.7495,-7.3354],[-73.9643,-7.3789],[-73.9585,-7.5067],[-74.0021,-7.556],[-73.8946,-7.6548],[-73.8221,-7.739],[-73.7204,-7.7825],[-73.732,-7.8754],[-73.7756,-7.9364],[-73.6827,-8.0206],[-73.6101,-8.1454],[-73.6101,-8.1919],[-73.5491,-8.2993],[-73.5491,-8.3458],[-73.3604,-8.4793],[-73.3567,-8.567],[-73.3024,-8.654],[-73.2031,-8.7194],[-72.974,-8.9931],[-72.9703,-9.1202],[-73.2094,-9.4114],[-72.8143,-9.4104],[-72.6055,-9.4521],[-72.379,-9.5102],[-72.3181,-9.5566],[-72.2658,-9.6885],[-72.26,-9.7743],[-72.1729,-9.844],[-72.1816,-10.0037],[-71.608,-10.006],[-71.3394,-9.9886],[-71.2379,-9.966],[-71.1153,-9.8525],[-70.9708,-9.7657],[-70.8845,-9.669],[-70.6369,-9.4782],[-70.5411,-9.4375],[-70.5922,-9.5435],[-70.5992,-9.6205],[-70.5672,-9.7046],[-70.6369,-9.8237],[-70.6404,-10.5861],[-70.6423,-11.0103],[-70.5333,-10.9469],[-70.4509,-11.0248],[-70.3923,-11.0585],[-70.2904,-11.0642],[-70.2201,-11.0476],[-69.9604,-10.9299],[-69.8398,-10.9334],[-69.674,-10.9541],[-69.5786,-10.9518]]}},
{"type":"Feature","properties":{"kind":"international","min_zoom":0},"geometry":{"type":"LineString","coordinates":[[-62.651,-22.2337],[-62.6285,-22.184],[-62.4778,-21.7052],[-62.2767,-21.0661],[-62.2763,-20.5625],[-62.0118,-20.199],[-61.9169,-20.0554],[-61.7568,-19.6453],[-61.5118,-19.6064],[-60.8888,-19.4785],[-60.0074,-19.2976],[-59.0905,-19.2862],[-58.7411,-19.4902],[-58.1802,-19.8179],[-58.16,-19.8549],[-58.1399,-19.9989],[-58.1598,-20.1646]]}},
{"type":"Feature","properties":{"kind":"international","min_zoom":0},"geometry":{"type":"LineString","coordinates":[[-17.048,20.8061],[-17.064,20.8989],[-16.9646,21.3292],[-16.3777,21.3299],[-15.9191,21.3305],[-15.2312,21.3313],[-14.5433,21.3321],[-13.8553,21.333],[-13.0162,21.3339],[-13.0607,21.9957],[-13.0943,22.496],[-13.156,22.6893],[-13.1665,22.7532],[-13.1209,22.8841],[-13.0315,23.0003],[-12.6204,23.2713],[-12.5594,23.2908],[-12.3729,23.318],[-12.0833,23.4354],[-12.0234,23.4676],[-12.0163,23.5764],[-12.0163,24.1063],[-12.0163,24.9232],[-12.0163,25.4679],[-12.0163,25.9954],[-11.3077,25.9954],[-10.7488,25.9955],[-10.0035,25.9955],[-9.2582,25.9955],[-8.6822,25.9955],[-8.6823,26.4977],[-8.6834,27.2859]]}},
{"type":"Feature","properties":{"kind":"international","min_zoom":0},"geometry":{"type":"LineString","coordinates":[[-8.6834,27.2859],[-8.3073,27.0648],[-7.7431,26.7329],[-7.367,26.5118],[-6.8028,26.18],[-6.2387,25.8482],[-5.5169,25.4238],[-4.8226,24.9956]]}},
{"type":"Feature","properties":{"kind":"indefinite","min_zoom":0},"geometry":{"type":"LineString","coordinates":[[-8.6834,27.6565],[-8.6834,28.6207],[-8.6599,28.7186],[-8.5583,28.7679],[-8.2652,28.9805],[-7.9989,29.1324],[-7.6851,29.3495],[-7.6246,29.3752],[-7.4858,29.3922],[-7.2349,29.5749],[-7.0949,29.6252],[-6.8555,29.6016],[-6.6354,29.5688],[-6.5657,29.6039],[-6.5206,29.6598],[-6.5009,29.8091],[-6.2148,29.8107],[-6.0043,29.8313],[-5.775,29.869],[-5.4488,29.9569],[-5.2937,30.0587],[-5.1801,30.1662],[-4.9682,30.4654],[-4.7785,30.5524],[-4.5291,30.6255],[-4.3229,30.6989],[-3.9854,30.9135],[-3.702,30.9445],[-3.6269,31.0009],[-3.6245,31.0658],[-3.6725,31.1114],[-3.8334,31.1978],[-3.7891,31.3618],[-3.7964,31.4371],[-3.8371,31.5123],[-3.8467,31.6199],[-3.8267,31.6619],[-3.7003,31.7001],[-3.6046,31.6868],[-3.4398,31.7046],[-3.0174,31.8343],[-2.9882,31.8742],[-2.9308,32.0425],[-2.8634,32.0747],[-2.5233,32.1257],[-2.4484,32.13],[-1.817,32.1048],[-1.2753,32.089]]}},
{"type":"Feature","properties":{"kind":"international","min_zoom":0},"geometry":{"type":"LineString","coordinates":[[-8.6834,27.2859],[-8.6834,27.6565]]}},
{"type":"Feature","properties":{"kind":"international","min_zoom":0},"geometry":{"type":"LineString","coordinates":[[-12.2806,14.809],[-12.4087,14.889],[-12.4599,14.9746],[-12.5435,15.039],[-12.6596,15.0821],[-12.7352,15.1313],[-12.7703,15.1867],[-12.8585,15.2425],[-12.8627,15.3404],[-12.9309,15.453],[-12.9943,15.5049],[-13.0793,15.5104],[-13.1424,15.6033],[-13.2064,15.6169],[-13.258,15.7004],[-13.297,15.8539],[-13.3476,15.9735],[-13.4096,16.0592],[-13.5555,16.1441],[-13.6236,16.1183],[-13.6847,16.1269],[-13.7566,16.1725],[-13.8098,16.138],[-13.8685,16.1482],[-13.9326,16.2029],[-13.975,16.3111],[-14.0857,16.4188],[-14.3001,16.5803],[-14.5337,16.656],[-14.7867,16.6459],[-14.9286,16.6535],[-14.9906,16.6769],[-15.0219,16.6475],[-15.1126,16.6449],[-15.1214,16.6036],[-15.2106,16.5826],[-15.38,16.582],[-15.5167,16.5566],[-15.6208,16.5066],[-15.7682,16.4851],[-15.959,16.4921],[-16.074,16.5105],[-16.1683,16.5471],[-16.239,16.5313],[-16.3023,16.4513],[-16.3581,16.3072],[-16.4043,16.2249],[-16.441,16.2045],[-16.4801,16.0972],[-16.5021,15.9173],[-16.5352,15.8384]]}},
{"type":"Feature","properties":{"kind":"international","min_zoom":0},"geometry":{"type":"LineString","coordinates":[[-4.8226,24.9956],[-5.1729,24.9954],[-5.9598,24.995],[-6.5941,24.9947],[-6.5105,24.2695],[-6.4535,23.7721],[-6.3966,23.2748],[-6.3112,22.5289],[-6.2542,22.0315],[-6.1973,21.5342],[-6.1118,20.7882],[-6.0549,20.2909],[-5.9979,19.7935],[-5.9125,19.0475],[-5.8271,18.3016],[-5.7702,17.8042],[-5.7132,17.3069],[-5.6287,16.5687],[-5.3599,16.2829],[-5.5125,15.4963],[-6.3357,15.4962],[-6.7436,15.4962],[-7.3555,15.4962],[-7.7634,15.4962],[-8.5791,15.4961],[-9.1768,15.4961],[-9.2937,15.5028],[-9.3355,15.5257],[-9.3506,15.6774],[-9.3853,15.6676],[-9.4477,15.5749],[-9.4469,15.4582],[-9.7551,15.4015],[-9.9414,15.3738],[-10.1296,15.3837],[-10.2621,15.416],[-10.4118,15.4379],[-10.5866,15.4348],[-10.6966,15.4227],[-10.8151,15.2818],[-10.8956,15.1505],[-10.9482,15.1511],[-11.0074,15.2229],[-11.1693,15.3586],[-11.4552,15.6254],[-11.5027,15.6368],[-11.6759,15.5121],[-11.7602,15.4255],[-11.8288,15.2449],[-11.8728,14.9952],[-11.9409,14.8869],[-12.0216,14.8049],[-12.1047,14.7454],[-12.2806,14.809]]}},
{"type":"Feature","properties":{"kind":"international","min_zoom":0},"geometry":{"type":"LineString","coordinates":[[4.2276,19.1428],[3.4009,18.9884],[3.3234,18.9884],[3.256,19.0133],[3.1197,19.1032],[3.1061,19.1501],[3.1923,19.3121],[3.2544,19.3726],[3.2559,19.4109],[3.2016,19.5604],[3.2037,19.7897],[3.1303,19.8502],[2.9925,19.9166],[2.8657,19.9559],[2.4742,20.035],[2.4062,20.0639],[2.2808,20.2103],[2.2193,20.2478],[1.9288,20.2727],[1.8324,20.2968],[1.6854,20.3784],[1.6106,20.5556],[1.2902,20.7136],[1.1657,20.8174],[1.1728,20.982],[1.1455,21.1022],[0.6719,21.4119],[0.3445,21.626],[-0.3105,22.0542],[-0.638,22.2683],[-1.293,22.6965],[-1.6204,22.9107],[-2.2754,23.3389],[-2.6029,23.553],[-3.2579,23.9812],[-3.9128,24.4095],[-4.517,24.8045],[-4.8226,24.9956]]}},
{"type":"Feature","properties":{"kind":"international","min_zoom":0},"geometry":{"type":"LineString","coordinates":[[4.2276,19.1428],[4.6713,19.2278],[5.3587,19.3595],[5.7484,19.4342],[5.8366,19.4791],[6.5271,20.073],[6.9894,20.4705],[7.4817,20.8731],[7.8252,21.0756],[8.343,21.3809],[8.8609,21.6861],[9.3787,21.9914],[9.8965,22.2967],[10.4144,22.602],[10.9322,22.9073],[11.45,23.2126],[11.9679,23.5179]]}},
{"type":"Feature","properties":{"kind":"international","min_zoom":0},"geometry":{"type":"LineString","coordinates":[[9.5187,30.2294],[9.3633,30.8329],[9.1602,31.6214],[9.044,32.0724],[9.0189,32.1054],[8.6829,32.3104],[8.3334,32.5436],[8.3042,32.6963],[8.2109,32.9267],[8.0756,33.089],[7.8772,33.1721],[7.7627,33.2331],[7.7313,33.2685],[7.7092,33.3623],[7.6275,33.5487],[7.5344,33.7179],[7.5001,33.8325],[7.4956,33.9765],[7.5139,34.0805],[7.5545,34.125],[7.7485,34.2545],[7.8383,34.4103],[8.0456,34.5127],[8.1235,34.5639],[8.2456,34.7341],[8.2768,34.9795],[8.3121,35.0846],[8.3942,35.2039],[8.3164,35.4031],[8.329,35.5822],[8.3181,35.6549],[8.247,35.8018],[8.2457,35.8706],[8.3067,36.1887],[8.3488,36.368],[8.3028,36.4556],[8.2088,36.4951],[8.2307,36.5453],[8.3696,36.6325],[8.4442,36.7608],[8.6013,36.8339],[8.5766,36.9372]]}},
{"type":"Feature","properties":{"kind":"international","min_zoom":0},"geometry":{"type":"LineString","coordinates":[[23.9803,19.4966],[23.5012,19.7332],[23.0222,19.9698],[22.5431,20.2064],[22.064,20.4429],[21.5849,20.6795],[21.1058,20.9161],[20.6267,21.1527],[20.1476,21.3892],[19.6685,21.6258],[19.1895,21.8624],[18.7104,22.099],[18.2313,22.3355],[17.7522,22.5721],[17.2732,22.8087],[16.7941,23.0453],[15.9841,23.4452],[15.3475,23.1607],[14.9783,22.9959]]}},
{"type":"Feature","properties":{"kind":"international","min_zoom":0},"geometry":{"type":"LineString","coordinates":[[24.9803,21.9959],[24.9801,21.4976],[24.9799,20.9992],[24.9797,20.5009],[24.9795,20.0026],[24.967,19.9955],[24.4737,19.9957],[23.9803,19.9959],[23.9803,19.4966]]}},
{"type":"Feature","properties":{"kind":"international","min_zoom":0},"geometry":{"type":"LineString","coordinates":[[25.1505,31.655],[24.8527,31.3348],[24.8776,31.0613],[24.974,30.7766],[24.9614,30.6785],[24.8776,30.4575],[24.7264,30.2506],[24.7117,30.1315],[24.8037,29.8861],[24.8108,29.8087],[24.9161,29.3763],[24.9803,29.1819],[24.9803,28.7328],[24.9803,27.8345],[24.9803,27.1608],[24.9803,26.2626],[24.9803,25.5889],[24.9803,24.9152],[24.9803,24.0169],[24.9803,23.3432],[24.9803,22.445],[24.9803,21.9959]]}},
{"type":"Feature","properties":{"kind":"international","min_zoom":0},"geometry":{"type":"LineString","coordinates":[[22.8601,10.9197],[22.9376,11.192],[22.9428,11.2672],[22.9227,11.3449],[22.8491,11.4033],[22.7834,11.41],[22.641,11.5159],[22.5911,11.5799],[22.5564,11.6695],[22.581,11.9901],[22.5643,12.033],[22.4898,12.0447],[22.4353,12.3119],[22.3902,12.463],[22.4145,12.5464],[22.3523,12.6604],[22.2334,12.7095],[22.0007,12.6719],[21.8782,12.6994],[21.8253,12.7905],[21.8418,12.8647],[21.9077,13.001],[21.9902,13.1131],[22.158,13.2151],[22.2281,13.3296],[22.2326,13.3988],[22.2024,13.5381],[22.1076,13.7303],[22.1065,13.7998],[22.1731,13.9106],[22.3394,14.0289],[22.51,14.1274],[22.5282,14.2032],[22.4493,14.2842],[22.425,14.4412],[22.3815,14.5505],[22.4678,14.6334],[22.6318,14.6881],[22.6709,14.7225],[22.6792,14.8514],[22.7633,14.9987],[22.9323,15.1621],[22.9695,15.3113],[22.9339,15.5331],[23.0092,15.6258],[23.1052,15.7026],[23.2435,15.6972],[23.458,15.714],[23.604,15.746],[23.7082,15.745],[23.946,15.7035],[23.9834,15.7802],[23.9829,16.3742],[23.9822,17.2663],[23.9818,17.7124],[23.9811,18.6045],[23.9803,19.4966]]}},
{"type":"Feature","properties":{"kind":"international","min_zoom":0},"geometry":{"type":"LineString","coordinates":[[24.9803,21.9959],[25.7443,21.9957],[26.1263,21.9957],[26.8904,21.9956],[27.2724,21.9955],[28.0365,21.9954],[28.4185,21.9953],[29.1825,21.9952],[29.5646,21.9951],[30.3286,21.995],[31.2091,21.9949],[31.2607,22.0023],[31.3585,22.1886],[31.4643,22.1915],[31.4861,22.1478],[31.4345,21.9959],[31.9498,21.9959],[32.606,21.996],[33.2622,21.9961],[34.2465,21.9963],[35.2309,21.9964],[35.887,21.9965],[36.8714,21.9967]]}},
{"type":"Feature","properties":{"kind":"international","min_zoom":0},"geometry":{"type":"LineString","coordinates":[[41.884,3.9777],[41.6135,3.5905],[41.3417,3.2017],[40.9788,2.8424],[40.9644,2.8147],[40.9667,2.221],[40.97,1.3782],[40.9732,0.5354],[40.9765,-0.3073],[40.9788,-0.8703],[41.5219,-1.5723],[41.5327,-1.6953]]}},
{"type":"Feature","properties":{"kind":"international","min_zoom":0},"geometry":{"type":"LineString","coordinates":[[42.9227,10.9993],[42.9061,10.9603],[42.7631,10.7869],[42.6595,10.6214],[42.6693,10.5676],[42.7252,10.4917],[42.7837,10.3696],[42.8417,10.2031],[42.9125,10.1408],[43.0147,10.0126],[43.0689,9.9262],[43.1817,9.88],[43.2184,9.7702],[43.3031,9.6091],[43.3943,9.4802],[43.4825,9.3795],[43.6205,9.3374],[43.9838,9.0088],[44.0229,8.986],[44.8936,8.7002],[45.5555,8.483],[46.296,8.235],[46.9195,8.0261],[46.9782,7.9971],[47.6377,7.9971],[47.9782,7.9971]]}},
{"type":"Feature","properties":{"kind":"international","min_zoom":0},"geometry":{"type":"LineString","coordinates":[[30.7511,-8.1936],[30.3275,-8.2582],[29.7662,-8.3438],[28.9722,-8.465],[28.8981,-8.4854],[28.9345,-8.5903],[28.9178,-8.7006],[28.7935,-8.891],[28.6165,-9.0723],[28.4007,-9.2248],[28.4002,-9.275],[28.5405,-9.5101],[28.6042,-9.6788],[28.6301,-9.8313],[28.6171,-10.313],[28.6074,-10.3974],[28.6455,-10.5502],[28.6389,-10.6693],[28.5442,-10.8024],[28.518,-10.9332],[28.4042,-11.3544],[28.3573,-11.483],[28.4318,-11.6984],[28.4825,-11.8121],[28.5746,-11.9081],[28.7694,-12.0513],[28.8501,-12.1205],[29.0644,-12.3489],[29.3437,-12.4048],[29.4275,-12.4313],[29.5049,-12.3862],[29.492,-12.2669],[29.5597,-12.2024],[29.692,-12.1983],[29.7952,-12.1555],[29.7958,-12.827],[29.7953,-13.3927],[29.7752,-13.4381],[29.7227,-13.4538],[29.6518,-13.4143],[29.6303,-13.2986],[29.5542,-13.249],[29.4814,-13.268],[29.3818,-13.3229],[29.2019,-13.3984],[29.1116,-13.3952],[29.0142,-13.3688],[28.9423,-13.3071],[28.9217,-13.2146],[28.7732,-12.9819],[28.673,-12.8613],[28.5508,-12.8362],[28.4744,-12.6234],[28.4129,-12.518],[28.3577,-12.482],[27.8575,-12.2849],[27.6443,-12.2668],[27.5334,-12.1953],[27.4237,-11.9445],[27.2381,-11.7835],[27.1964,-11.605],[27.1591,-11.5792],[27.0461,-11.6159],[26.9495,-11.8989],[26.8905,-11.9435],[26.7297,-11.976],[26.5964,-11.972],[26.3397,-11.9299],[26.0259,-11.8902],[25.8549,-11.8201],[25.6188,-11.7442],[25.5119,-11.7534],[25.46,-11.6998],[25.3494,-11.623],[25.2826,-11.405],[25.3193,-11.2369],[25.246,-11.2124],[25.1849,-11.243],[24.8769,-11.2992],[24.6683,-11.3529],[24.5185,-11.4385],[24.4665,-11.4477],[24.3779,-11.4171],[24.3351,-11.3713],[24.3963,-11.2552],[24.3657,-11.1299],[24.3199,-11.0718],[24.1365,-11.0259],[24.0784,-10.8915],[23.9665,-10.8718]]}},
{"type":"Feature","properties":{"kind":"international","min_zoom":0},"geometry":{"type":"LineString","coordinates":[[23.3807,-17.6406],[22.9558,-17.2858],[22.546,-16.9102],[22.4594,-16.8151],[22.305,-16.6896],[22.1507,-16.5972],[22.0402,-16.2628],[21.9798,-15.9556],[21.9796,-15.0823],[21.9794,-14.4405],[21.9793,-14.1196],[21.9791,-13.4778],[21.9789,-13.001],[22.471,-13.001],[23.0415,-13.001],[23.8432,-13.001],[23.963,-12.9885],[23.968,-12.9569],[23.8824,-12.799],[23.9093,-12.6361],[23.9913,-12.4221],[23.9965,-12.3507],[23.9589,-12.1178],[23.9623,-11.9878],[23.9839,-11.725],[23.971,-11.6358],[24.0467,-11.4053],[24.0255,-11.3156],[23.9883,-11.0028],[23.9665,-10.8718]]}},
{"type":"Feature","properties":{"kind":"international","min_zoom":0},"geometry":{"type":"LineString","coordinates":[[33.9032,-1.0021],[33.9,-0.8316],[33.9244,-0.3979],[33.9215,-0.017],[33.9431,0.1738],[34.0372,0.2946],[34.0805,0.3825],[34.1117,0.5051],[34.161,0.6052],[34.2726,0.6864],[34.2926,0.7313],[34.4109,0.8673],[34.4818,1.0422],[34.5352,1.1015],[34.6491,1.1853],[34.7876,1.2307],[34.8038,1.2728],[34.7835,1.3811],[34.8984,1.5565],[34.9652,1.6434],[34.9775,1.8619],[34.964,2.0624],[34.914,2.2302],[34.883,2.4179],[34.9058,2.4797],[34.8662,2.5897],[34.8145,2.6198],[34.7425,2.8181],[34.5891,2.9248],[34.5226,3.12],[34.4479,3.1635],[34.3994,3.4127],[34.4419,3.6062],[34.3929,3.6915],[34.2671,3.7332],[34.1651,3.813],[34.1857,3.8698],[34.132,3.8892],[33.9761,4.2202]]}},
{"type":"Feature","properties":{"kind":"international","min_zoom":0},"geometry":{"type":"LineString","coordinates":[[33.9032,-1.0021],[33.9794,-1.0021],[34.5579,-1.3226],[34.9843,-1.5606],[35.4106,-1.7986],[35.8369,-2.0366],[36.4763,-2.3936],[37.1158,-2.7506],[37.6439,-3.0454],[37.6592,-3.07],[37.688,-3.2462],[37.6819,-3.3057],[37.6087,-3.4603],[37.622,-3.5115],[37.7262,-3.5598],[37.7575,-3.6361],[37.7972,-3.6745],[38.3478,-4.0709],[38.6549,-4.2919],[39.1901,-4.6773],[39.2218,-4.6924]]}},
{"type":"Feature","properties":{"kind":"international","min_zoom":0},"geometry":{"type":"LineString","coordinates":[[11.3287,2.1674],[10.7909,2.1676],[9.9799,2.1678],[9.8701,2.2133],[9.8008,2.3044]]}},
{"type":"Feature","properties":{"kind":"international","min_zoom":0},"geometry":{"type":"LineString","coordinates":[[11.3287,2.1674],[11.3324,1.5284],[11.3354,0.9997],[10.8589,1.0013],[10.0285,1.004],[9.9068,0.9601],[9.8039,0.9988],[9.7606,1.0747],[9.6765,1.0747],[9.5909,1.032]]}},
{"type":"Feature","properties":{"kind":"international","min_zoom":0},"geometry":{"type":"LineString","coordinates":[[25.2588,-17.7936],[25.216,-17.7876],[24.9091,-17.8214],[24.7922,-17.8646],[24.5305,-18.0527],[24.4122,-17.9894],[24.359,-17.9782],[24.1293,-18.0775],[23.8984,-18.2292],[23.7005,-18.4244],[23.5806,-18.4529],[23.5601,-18.3864],[23.4598,-18.231],[23.2987,-18.0274],[23.2194,-17.9997],[23.0999,-18.0096],[22.4601,-18.1157],[22.0114,-18.1986],[21.2325,-18.3068],[20.9741,-18.3188],[20.975,-18.9285],[20.9762,-19.7444],[20.9775,-20.5602],[20.9787,-21.3761],[20.9795,-21.962],[20.971,-22.0002],[20.4875,-22.0002],[19.9774,-22.0002],[19.9779,-22.5293],[19.9786,-23.1025],[19.9793,-23.6758],[19.9799,-24.2491],[19.9805,-24.752]]}},
{"type":"Feature","properties":{"kind":"international","min_zoom":0},"geometry":{"type":"LineString","coordinates":[[19.9805,-24.7768],[19.9804,-25.6416],[19.9804,-26.5311],[19.9804,-26.976],[19.9804,-27.8655],[19.9804,-28.4513],[19.8778,-28.4494],[19.6714,-28.5039],[19.5398,-28.5746],[19.4829,-28.6617],[19.4072,-28.7145],[19.3127,-28.7333],[19.271,-28.7777],[19.2823,-28.848],[19.2458,-28.9016],[19.1618,-28.9387],[19.0261,-28.9279],[18.8388,-28.8691],[18.6003,-28.8552],[18.3109,-28.8862],[18.1027,-28.8717],[17.9761,-28.8113],[17.8416,-28.7769],[17.6993,-28.7683],[17.448,-28.6981],[17.3959,-28.5626],[17.3478,-28.5012],[17.3857,-28.3532],[17.3587,-28.2694],[17.3121,-28.2286],[17.2458,-28.2309],[17.2046,-28.1988],[17.1494,-28.0823],[17.0563,-28.031],[16.9333,-28.0697],[16.8753,-28.1279],[16.8101,-28.2646],[16.7875,-28.3947],[16.7558,-28.4522],[16.6262,-28.4879],[16.4871,-28.5729],[16.4476,-28.6175]]}},
{"type":"Feature","properties":{"kind":"international","min_zoom":0},"geometry":{"type":"LineString","coordinates":[[19.9805,-24.752],[19.9805,-24.7768]]}},
{"type":"Feature","properties":{"kind":"international","min_zoom":0},"geometry":{"type":"LineString","coordinates":[[0.9005,10.9933],[0.8748,10.8857],[0.8218,10.7526],[0.7875,10.7103],[0.7633,10.3867],[0.78,10.3596],[1.33,9.997],[1.3428,9.963],[1.3471,9.5675],[1.3789,9.463],[1.3857,9.3617],[1.4243,9.285],[1.5663,9.1372],[1.6002,9.05],[1.6066,8.5593],[1.6246,8.271],[1.6246,7.7259],[1.6247,6.9973],[1.5309,6.9924],[1.582,6.877],[1.6029,6.7381],[1.5776,6.6874],[1.5985,6.6102],[1.6393,6.5816],[1.7431,6.4262],[1.7779,6.2947],[1.6109,6.2508],[1.6226,6.2168]]}},
{"type":"Feature","properties":{"kind":"international","min_zoom":0},"geometry":{"type":"LineString","coordinates":[[42.7993,16.3718],[43.0336,16.5504],[43.1048,16.6642],[43.165,16.6894],[43.1845,16.8118],[43.1456,16.8468],[43.1165,16.942],[43.1262,17.0624],[43.156,17.205],[43.2369,17.2664],[43.1909,17.3594],[43.3022,17.4568],[43.418,17.5162],[43.4743,17.5159],[43.5973,17.4714],[43.713,17.3655],[43.9169,17.3247],[44.0082,17.3675],[44.086,17.3655],[44.1559,17.3986],[44.3547,17.4144],[44.5465,17.4044],[44.7468,17.4317],[45.1481,17.4275],[45.2367,17.4062],[45.4066,17.3198],[45.5353,17.3021],[46.3103,17.2313],[46.682,17.2686],[46.7277,17.2656],[46.7785,17.2121],[46.9757,16.9535],[47.1436,16.9467],[47.2513,16.9939],[47.4418,17.1119],[47.5796,17.4483],[48.1722,18.1569],[48.593,18.3624],[49.042,18.5818],[49.1924,18.6213],[49.7421,18.6953],[50.3553,18.7778],[51.2585,18.8994],[51.9776,18.9962]]}},
{"type":"Feature","properties":{"kind":"international","min_zoom":0},"geometry":{"type":"LineString","coordinates":[[51.9776,18.9962],[52.2875,18.2969],[52.5531,17.6976],[52.7292,17.3004],[52.8006,17.2679],[53.0857,16.6484]]}},
{"type":"Feature","properties":{"kind":"international","min_zoom":0},"geometry":{"type":"LineString","coordinates":[[55.1859,22.7041],[55.641,22.0019],[55.4976,21.5683],[55.3145,21.0148],[55.168,20.572],[54.9774,19.9959],[54.527,19.8458],[53.8389,19.6165],[53.1508,19.3871],[52.4627,19.1578],[51.9776,18.9962]]}},
{"type":"Feature","properties":{"kind":"international","min_zoom":0},"geometry":{"type":"LineString","coordinates":[[55.1859,22.7041],[55.1043,22.6215],[54.6523,22.6767],[53.8321,22.7768],[53.0119,22.877],[52.5551,22.9328],[52.0144,23.5765],[51.5925,24.0788],[51.5722,24.1283],[51.5684,24.2862]]}},
{"type":"Feature","properties":{"kind":"international","min_zoom":0},"geometry":{"type":"LineString","coordinates":[[42.359,37.1086],[42.3501,37.0606],[42.084,36.826],[41.7885,36.5971],[41.4168,36.5146],[41.296,36.3834],[41.2618,36.2725],[41.2456,36.0734],[41.3526,35.81],[41.3541,35.6404],[41.2483,35.4275],[41.2164,35.2882],[41.1996,35.0274],[41.1947,34.769],[40.987,34.429],[40.9351,34.3866],[40.6895,34.332],[40.122,34.0476],[39.5644,33.7684],[38.7735,33.3722]]}},
{"type":"Feature","properties":{"kind":"international","min_zoom":0},"geometry":{"type":"LineString","coordinates":[[35.7873,32.7349],[35.8947,32.7138],[35.9564,32.6667],[36.0595,32.5338],[36.2198,32.4951],[36.3721,32.3869],[36.4792,32.3613],[36.8184,32.3173],[37.3175,32.5908],[38.0557,32.9949],[38.7735,33.3722]]}},
{"type":"Feature","properties":{"kind":"international","min_zoom":0},"geometry":{"type":"LineString","coordinates":[[35.6112,32.6821],[35.7873,32.7349]]}},
{"type":"Feature","properties":{"kind":"international","min_zoom":0},"geometry":{"type":"LineString","coordinates":[[39.1454,32.1245],[39.2928,32.2438],[39.2475,32.351],[39.0414,32.3057],[38.9816,32.4726],[39.0579,32.4932],[38.9149,32.9347],[38.7735,33.3722]]}},
{"type":"Feature","properties":{"kind":"international","min_zoom":0},"geometry":{"type":"LineString","coordinates":[[34.9508,29.3535],[35.5953,29.2549],[36.0155,29.1905],[36.0685,29.2005],[36.4761,29.4951],[36.7039,29.8317],[36.7553,29.866],[37.4692,29.9951],[37.4907,30.0117],[37.6335,30.3133],[37.6697,30.3481],[37.9801,30.5],[37.479,31.0078],[36.9586,31.4915],[37.7739,31.6963],[38.3755,31.8475],[38.9624,31.9949],[38.9971,32.0075],[39.1454,32.1245]]}},
{"type":"Feature","properties":{"kind":"international","min_zoom":0},"geometry":{"type":"LineString","coordinates":[[46.5315,29.0963],[46.3565,29.0637],[45.4989,29.1316],[44.7165,29.1936],[44.6908,29.2024],[44.3607,29.4353],[43.7737,29.8492],[43.4408,30.084],[42.8577,30.4952],[42.5598,30.7178],[42.0744,31.0804],[41.5851,31.3297],[40.8083,31.7255],[40.4789,31.8934],[40.3693,31.939],[40.0278,31.995],[39.1454,32.1245]]}},
{"type":"Feature","properties":{"kind":"international","min_zoom":0},"geometry":{"type":"LineString","coordinates":[[61.5878,25.2023],[61.6154,25.2861],[61.6401,25.5846],[61.6714,25.6924],[61.6686,25.769],[61.7544,25.8434],[61.81,26.1653],[61.8698,26.2424],[62.089,26.3182],[62.126,26.369],[62.2393,26.357],[62.2596,26.4275],[62.3123,26.4909],[62.4392,26.561],[62.6364,26.5936],[62.7866,26.6439],[63.0929,26.6323],[63.1681,26.6656],[63.1861,26.8376],[63.2503,26.8792],[63.2315,26.9981],[63.2421,27.0777],[63.3052,27.1246],[63.2562,27.2079],[63.1668,27.2525],[62.9155,27.2184],[62.763,27.2502],[62.7643,27.3567],[62.812,27.497],[62.7823,27.8005],[62.7398,28.002],[62.7625,28.2021],[62.7176,28.2528],[62.5646,28.2352],[62.4339,28.3639],[62.353,28.4148],[62.1306,28.4788],[62.033,28.491],[61.8899,28.5465],[61.623,28.7916],[61.5688,28.8709],[61.5086,29.006],[61.3378,29.265],[61.3184,29.3726],[60.8434,29.8587]]}},
{"type":"Feature","properties":{"kind":"international","min_zoom":0},"geometry":{"type":"LineString","coordinates":[[60.8434,29.8587],[61.3317,30.3637],[61.7842,30.8319],[61.8108,30.9133],[61.8143,31.0725],[61.755,31.2853],[61.6602,31.3824],[60.854,31.4832],[60.8208,31.4952],[60.7916,31.6606],[60.8043,31.7345],[60.7875,31.8772],[60.7899,31.9871],[60.8273,32.168],[60.8293,32.2494],[60.5765,32.9949],[60.5605,33.1378],[60.718,33.3235],[60.917,33.5052],[60.9069,33.539],[60.8064,33.5587],[60.6546,33.5604],[60.5739,33.5883],[60.5108,33.6389],[60.4859,33.7119],[60.527,33.842],[60.4858,34.0948],[60.6427,34.3072],[60.8895,34.3194],[60.7262,34.5183],[60.8023,34.5546],[60.9511,34.6539],[60.9578,34.7101],[61.0801,34.8556],[61.0702,34.9217],[61.1496,35.0937],[61.1,35.2723],[61.1893,35.312],[61.2455,35.4741],[61.2786,35.5138],[61.262,35.6196]]}},
{"type":"Feature","properties":{"kind":"international","min_zoom":0},"geometry":{"type":"LineString","coordinates":[[73.7318,36.8878],[73.7691,36.8885],[74.0018,36.8231],[74.0389,36.8257],[74.1947,36.8969],[74.5414,37.0222]]}},
{"type":"Feature","properties":{"kind":"international","min_zoom":0},"geometry":{"type":"LineString","coordinates":[[60.8434,29.8587],[61.2244,29.7494],[62.001,29.5304],[62.3735,29.4254],[62.4765,29.4083],[63.5676,29.498],[63.971,29.4301],[64.0988,29.392],[64.1721,29.4604],[64.2661,29.5069],[64.3937,29.5443],[64.5211,29.5645],[64.8273,29.5642],[64.9189,29.5528],[65.0955,29.5595],[65.6663,29.7013],[66.1771,29.8356],[66.2312,29.8657],[66.3133,29.9685],[66.2472,30.0435],[66.2384,30.1096],[66.2818,30.1935],[66.3054,30.3211],[66.3009,30.503],[66.2869,30.6079],[66.3469,30.8028],[66.3972,30.9122],[66.5668,30.9966],[66.6242,31.0461],[66.7314,31.1946],[66.8293,31.2637],[66.9243,31.3056],[67.0277,31.3003],[67.1159,31.2429],[67.2873,31.2178],[67.4529,31.2346],[67.5964,31.2777],[67.7379,31.344],[67.7335,31.3792],[67.6471,31.41],[67.5782,31.5065],[67.6267,31.5388],[67.7399,31.5482],[68.0172,31.678],[68.1302,31.7633],[68.214,31.8074],[68.3198,31.7677],[68.4432,31.7545],[68.5207,31.7942],[68.5976,31.803],[68.6733,31.7597],[68.7823,31.6464],[68.869,31.6342],[68.9734,31.6674],[69.0831,31.7385],[69.2793,31.9368],[69.2414,32.4335],[69.2899,32.5306],[69.3595,32.5903],[69.4054,32.6827],[69.4046,32.7643],[69.4532,32.8328],[69.5016,33.0201],[69.5677,33.0642],[69.7037,33.0947],[69.9201,33.1125],[70.2612,33.289],[70.2842,33.369],[70.2197,33.4547],[70.1341,33.6207],[70.0566,33.7199],[69.8681,33.8976],[69.8897,34.0073],[69.9947,34.0518],[70.2536,33.976],[70.4157,33.9504],[70.654,33.9523],[70.8484,33.9819],[71.0516,34.0497],[71.0913,34.1203],[71.0957,34.3694],[71.0229,34.4312],[70.9656,34.5304],[71.0657,34.5996],[71.1133,34.6816],[71.2258,34.7795],[71.2941,34.8677],[71.4551,34.9669],[71.5455,35.1014],[71.6205,35.183],[71.5455,35.2889],[71.6006,35.4079],[71.5719,35.5468],[71.519,35.5975],[71.4836,35.7146],[71.4276,35.8337],[71.3429,35.9385],[71.2202,36.0007],[71.1851,36.0421],[71.2329,36.1218],[71.3126,36.1712],[71.4633,36.2933],[71.6205,36.4365],[71.7726,36.4318],[71.8222,36.4861],[72.0956,36.6338],[72.1568,36.7009],[72.2498,36.7347],[72.4312,36.7658],[72.6228,36.8296],[72.9937,36.8516],[73.1168,36.8686],[73.4112,36.8817],[73.7318,36.8878]]}},
{"type":"Feature","properties":{"kind":"international","min_zoom":0},"geometry":{"type":"LineString","coordinates":[[70.9468,42.2487],[70.8604,42.2072],[70.7153,42.1687],[70.6132,42.0547],[70.5401,42.0395],[70.4891,42.0802],[70.416,42.0785],[70.2259,41.946],[70.0956,41.8205],[69.96,41.754],[69.7881,41.6973],[69.6639,41.6721],[69.401,41.5419],[69.3683,41.4906],[69.1536,41.4253],[69.065,41.3669],[69.0435,41.2641],[68.9869,41.205],[68.7371,41.0419],[68.5841,40.8763],[68.5566,40.7651],[68.6007,40.66],[68.4957,40.6086],[68.2919,40.6561],[68.1603,40.7218],[68.0477,40.8093],[68.113,41.0286],[68.0197,41.0963],[67.9357,41.1966],[67.8051,41.1639],[67.7351,41.1873],[66.8143,41.1424],[66.7097,41.1791],[66.6687,41.2708],[66.6017,41.4943],[66.5379,41.7413],[66.4987,41.9949],[66.0096,42.0049],[66.0155,42.3148],[66.0499,42.4727],[66.1003,42.9908],[65.803,42.877],[65.4962,43.3105],[65.2705,43.4175],[65.1709,43.4942],[65.0031,43.6491],[64.9055,43.7147],[64.8118,43.6939],[64.4432,43.5512],[63.6797,43.5986],[63.207,43.628],[62.6345,43.558],[62.072,43.4893],[61.9903,43.4921],[61.3851,43.994],[61.1607,44.1686],[61.097,44.2483],[61.0653,44.3484],[61.0079,44.3938],[60.4648,44.6524],[59.6359,45.0471],[58.9452,45.376],[58.5552,45.5554],[58.4494,45.5429],[57.4773,45.3374],[56.7919,45.1811],[55.9757,44.9949],[55.976,44.3063],[55.9763,43.8472],[55.9767,42.9291],[55.9769,42.47],[55.9772,41.7813],[55.9774,41.3222]]}},
{"type":"Feature","properties":{"kind":"international","min_zoom":0},"geometry":{"type":"LineString","coordinates":[[13.6063,13.7046],[13.4482,14.3806],[13.5136,14.4555],[13.6424,14.6308],[13.8071,14.9661],[14.1782,15.4847],[14.368,15.7502],[14.7467,16.1466],[15.2121,16.6339],[15.4743,16.9084],[15.5167,17.4085],[15.5616,17.9373],[15.6376,18.8108],[15.6987,19.4952],[15.735,19.9041],[15.7663,19.9826],[15.9488,20.3032],[15.9632,20.3462],[15.9293,20.3998],[15.6685,20.6724],[15.5871,20.7333],[15.5403,20.8749],[15.6073,20.9544],[15.2937,21.4115],[15.2158,21.4675],[15.1818,21.5234],[15.1723,21.9221],[15.0889,22.4183],[14.9789,22.9963]]}},
{"type":"Feature","properties":{"kind":"international","min_zoom":0},"geometry":{"type":"LineString","coordinates":[[11.9679,23.5179],[12.4888,23.4017],[12.9836,23.2912],[13.4813,23.1802],[13.5986,23.1195],[14.2007,22.6237],[14.2307,22.6185],[14.9789,22.9963]]}},
{"type":"Feature","properties":{"kind":"international","min_zoom":0},"geometry":{"type":"LineString","coordinates":[[0.2175,14.9115],[0.2287,14.9637],[0.2862,14.9802],[0.433,14.979],[0.7186,14.9549],[0.9601,14.9869],[1.3002,15.2723],[1.8594,15.3017],[2.4208,15.3204],[3.001,15.341],[3.0105,15.4083],[3.0601,15.4272],[3.5043,15.3563],[3.5205,15.4831],[3.7096,15.6417],[3.8165,15.674],[3.8769,15.7553],[3.9072,15.8968],[3.9471,15.9456],[4.0149,16.1927],[4.1213,16.3577],[4.1822,16.5818],[4.203,16.9627],[4.2347,16.9964],[4.2319,17.8305],[4.229,18.7044],[4.2276,19.1428]]}},
{"type":"Feature","properties":{"kind":"international","min_zoom":0},"geometry":{"type":"LineString","coordinates":[[-0.0686,11.1156],[-0.2995,11.1669],[-0.3457,11.0879],[-0.4303,11.0933],[-0.4917,11.0076],[-0.6485,10.9268],[-0.7014,10.9889],[-0.9029,10.9847],[-1.0425,11.0101],[-1.2326,10.9972],[-1.5368,11.0226],[-1.5997,10.9976],[-2.232,10.9914],[-2.7517,10.9864],[-2.8299,10.9984],[-2.9073,10.728],[-2.9149,10.5923],[-2.8784,10.5079],[-2.7866,10.4019],[-2.8203,10.3228],[-2.7771,10.2816],[-2.7832,10.0831],[-2.7507,9.9097],[-2.7498,9.7972],[-2.7805,9.7458],[-2.7659,9.6581],[-2.7062,9.5339],[-2.6959,9.4813]]}},
{"type":"Feature","properties":{"kind":"international","min_zoom":0},"geometry":{"type":"LineString","coordinates":[[-13.2927,9.0492],[-13.2342,9.0701],[-13.1299,9.0476],[-13.028,9.1036],[-12.9588,9.2633],[-12.8311,9.3022],[-12.7559,9.3736],[-12.6844,9.4842],[-12.5898,9.6711],[-12.5579,9.705],[-12.5015,9.8622],[-12.428,9.8981],[-12.2777,9.9298],[-12.1423,9.8754],[-11.9228,9.9227],[-11.9111,9.993],[-11.2736,9.9965],[-11.2056,9.9777],[-11.1157,9.8431],[-11.0475,9.7863],[-10.8648,9.5164],[-10.6905,9.3143],[-10.6876,9.2611],[-10.75,9.1224],[-10.7269,9.0817],[-10.616,9.0592],[-10.6056,8.8676],[-10.5005,8.6876],[-10.5032,8.6603],[-10.6285,8.53],[-10.7121,8.3353],[-10.5577,8.3157],[-10.4964,8.3621],[-10.3944,8.481],[-10.2832,8.4851]]}},
{"type":"Feature","properties":{"kind":"international","min_zoom":0},"geometry":{"type":"LineString","coordinates":[[5.7897,49.5383],[5.8234,49.5051],[5.9595,49.4546],[6.0741,49.4546],[6.1199,49.4852],[6.2422,49.4943],[6.3443,49.4527]]}},
{"type":"Feature","properties":{"kind":"international","min_zoom":0},"geometry":{"type":"LineString","coordinates":[[56.0804,26.0626],[56.1675,26.0475],[56.1726,25.9452],[56.1541,25.8485],[56.1446,25.6905],[56.1836,25.6449],[56.2495,25.6254],[56.2979,25.6507]]}},
{"type":"Feature","properties":{"kind":"international","min_zoom":0},"geometry":{"type":"LineString","coordinates":[[30.51,-1.0673],[30.3602,-1.0746],[30.2798,-1.1788],[30.1016,-1.3686],[29.9905,-1.4469],[29.9301,-1.4699],[29.8816,-1.4518],[29.8254,-1.3356],[29.5769,-1.3879]]}},
{"type":"Feature","properties":{"kind":"international","min_zoom":0},"geometry":{"type":"LineString","coordinates":[[30.51,-1.0673],[30.4702,-1.1311],[30.5081,-1.2082],[30.632,-1.3675],[30.7107,-1.3968],[30.7622,-1.4587],[30.8126,-1.5631],[30.8275,-1.6937],[30.8067,-1.8507],[30.8191,-1.9675],[30.8646,-2.0441],[30.8766,-2.1434],[30.8287,-2.3385],[30.7624,-2.3717],[30.7148,-2.3635],[30.5536,-2.4001]]}},
{"type":"Feature","properties":{"kind":"international","min_zoom":0},"geometry":{"type":"LineString","coordinates":[[33.9032,-1.0021],[33.4385,-1.0021],[32.7274,-1.0021],[32.0164,-1.0021],[31.3053,-1.0021],[30.8448,-1.0021],[30.742,-1.0075],[30.6728,-1.0514],[30.5987,-1.0697],[30.51,-1.0673]]}},
{"type":"Feature","properties":{"kind":"international","min_zoom":0},"geometry":{"type":"LineString","coordinates":[[34.5914,-11.9711],[34.5416,-12.0186],[34.5805,-12.0658],[34.6416,-12.0137],[34.5914,-11.9711]]}},
{"type":"Feature","properties":{"kind":"international","min_zoom":0},"geometry":{"type":"LineString","coordinates":[[87.3228,49.0858],[87.4167,49.0766],[87.5159,49.1224],[87.7625,49.1658],[87.8183,49.1621]]}},
{"type":"Feature","properties":{"kind":"international","min_zoom":0},"geometry":null},
{"type":"Feature","properties":{"kind":"international","min_zoom":0},"geometry":null},
{"type":"Feature","properties":{"kind":"international","min_zoom":0},"geometry":{"type":"LineString","coordinates":[[12.4411,43.9824],[12.3969,43.9346],[12.4853,43.9014],[12.5147,43.953],[12.4411,43.9824]]}},
{"type":"Feature","properties":{"kind":"international","min_zoom":0},"geometry":null},
{"type":"Feature","properties":{"kind":"international","min_zoom":0},"geometry":{"type":"LineString","coordinates":[[-117.1283,32.5334],[-116.556,32.5762],[-115.9837,32.619],[-115.1252,32.6833],[-114.7248,32.7153],[-114.788,32.5648],[-114.836,32.5083],[-113.8875,32.2123],[-112.939,31.9163],[-111.9905,31.6202],[-111.042,31.3242],[-109.9817,31.3262],[-108.9213,31.3281],[-108.2144,31.3294],[-108.2118,31.7793],[-107.5524,31.7759],[-107.1127,31.7736],[-106.4532,31.7702],[-106.347,31.679],[-106.2557,31.5447],[-106.1481,31.4509],[-106.0241,31.3978],[-105.8127,31.241],[-105.514,30.9808],[-105.2758,30.8073],[-105.0982,30.7206],[-104.9788,30.6459],[-104.9179,30.5834],[-104.8359,30.4477],[-104.6813,30.1344],[-104.6813,29.9905],[-104.6222,29.8543],[-104.504,29.6777],[-104.4006,29.5738],[-104.3122,29.5424],[-104.2155,29.4799],[-104.1106,29.3861],[-103.9897,29.3232],[-103.8529,29.2911],[-103.664,29.2069],[-103.4229,29.0707],[-103.2577,29.0011],[-103.1683,28.9982],[-103.09,29.0419],[-103.0228,29.1322],[-102.9568,29.1904],[-102.892,29.2164],[-102.8778,29.3153],[-102.834,29.444],[-102.7342,29.644],[-102.6149,29.7523],[-102.4762,29.7691],[-102.3857,29.8067],[-102.3431,29.865],[-102.2689,29.8712],[-102.1631,29.8253],[-101.9909,29.7957],[-101.7523,29.7825],[-101.6116,29.787],[-101.5687,29.8092],[-101.5093,29.7731],[-101.4404,29.7768],[-101.3803,29.7426],[-101.3035,29.6341],[-101.039,29.4604],[-101.0163,29.4007],[-100.9241,29.3147],[-100.7546,29.1825],[-100.6586,29.0685],[-100.6363,28.9728],[-100.5497,28.8213],[-100.3989,28.6142],[-100.3317,28.5026],[-100.3363,28.4281],[-100.296,28.3277],[-100.2213,28.2426],[-100.1119,28.173],[-100.0014,28.0478],[-99.8896,27.8673],[-99.7543,27.7299],[-99.5953,27.6359],[-99.5053,27.5483],[-99.4843,27.4674],[-99.5101,27.3403],[-99.4403,27.1701],[-99.4577,27.0817],[-99.4435,27.0367],[-99.3025,26.8847],[-99.2299,26.7619],[-99.1721,26.5641],[-99.1078,26.4469],[-99.0153,26.399],[-98.8732,26.3812],[-98.7652,26.3404],[-98.6914,26.2765],[-98.5983,26.2379],[-98.4859,26.2246],[-98.3781,26.1824],[-98.275,26.1112],[-98.0828,26.0644],[-97.8014,26.0421],[-97.5872,25.9842],[-97.4403,25.8908],[-97.3582,25.8705],[-97.2818,25.9416],[-97.1462,25.9615]]}},
{"type":"Feature","properties":{"kind":"international","min_zoom":0},"geometry":{"type":"LineString","coordinates":[[-92.2351,14.5454],[-92.209,14.571],[-92.1599,14.691],[-92.1864,14.8184],[-92.1557,14.9013],[-92.1442,15.0019],[-92.0748,15.0742],[-92.2043,15.2377],[-92.1872,15.3209],[-91.7366,16.0702],[-90.9796,16.0708],[-90.4472,16.0727],[-90.4599,16.1624],[-90.4501,16.2614],[-90.417,16.391],[-90.4711,16.4396],[-90.5758,16.4678],[-90.6341,16.5107],[-90.66,16.6309],[-90.7107,16.7081],[-90.816,16.7871],[-90.9758,16.8678],[-91.1119,16.9762],[-91.2242,17.1123],[-91.3192,17.1998],[-91.4096,17.2559],[-90.993,17.2524],[-90.9891,17.8164],[-90.1836,17.8157],[-89.7288,17.8153],[-89.1615,17.8148],[-89.1624,17.902],[-89.1335,17.9708],[-89.0504,17.9997],[-88.8978,17.9145],[-88.8063,17.9655],[-88.7436,18.0716],[-88.5862,18.2905],[-88.523,18.4459],[-88.4613,18.4768],[-88.2957,18.4724],[-88.2489,18.4133],[-88.0396,18.4164],[-88.0418,18.1954],[-87.8256,18.1815]]}},
{"type":"Feature","properties":{"kind":"international","min_zoom":0},"geometry":{"type":"LineString","coordinates":[[-54.6159,-25.5761],[-54.6106,-25.4327],[-54.4732,-25.2202],[-54.4363,-25.1213],[-54.4541,-25.0652],[-54.413,-24.8675],[-54.3129,-24.5282],[-54.281,-24.3061],[-54.3173,-24.2013],[-54.3183,-24.1281],[-54.2418,-24.0473],[-54.3708,-23.9712],[-54.4403,-23.9017],[-54.6255,-23.8124],[-54.8173,-23.8885],[-54.9827,-23.9745],[-55.1943,-24.0175],[-55.3663,-23.991],[-55.4159,-23.9514],[-55.4424,-23.8654],[-55.4589,-23.6868],[-55.5383,-23.5809],[-55.5184,-23.4156],[-55.5548,-23.3197],[-55.5614,-23.1543],[-55.6011,-23.0948],[-55.621,-22.9559],[-55.6507,-22.8864],[-55.654,-22.8103],[-55.6177,-22.6714],[-55.7036,-22.5921],[-55.7466,-22.5127],[-55.7533,-22.4102],[-55.8492,-22.3076],[-55.9914,-22.2812],[-56.1898,-22.2812],[-56.246,-22.2646],[-56.3519,-22.1786],[-56.3949,-22.0927],[-56.4478,-22.0761],[-56.5239,-22.1026],[-56.633,-22.2349],[-56.7025,-22.2316],[-56.7752,-22.2613],[-56.9373,-22.2712],[-57.2382,-22.1952],[-57.3308,-22.215],[-57.3937,-22.1985],[-57.569,-22.182],[-57.6417,-22.129],[-57.7211,-22.0993],[-57.8203,-22.1423],[-57.9559,-22.1092],[-57.9857,-22.0464],[-57.9328,-21.9108],[-57.9493,-21.8512],[-57.9162,-21.6991],[-57.946,-21.494],[-57.8732,-21.3551],[-57.8865,-21.2658],[-57.8269,-21.1335],[-57.8302,-20.9979],[-57.9085,-20.7764],[-57.9151,-20.6904],[-57.9791,-20.6573],[-58.0088,-20.5217],[-58.0022,-20.4655],[-58.1246,-20.2935],[-58.1598,-20.1646]]}},
{"type":"Feature","properties":{"kind":"international","min_zoom":0},"geometry":{"type":"LineString","coordinates":[[-62.651,-22.2337],[-62.626,-22.2905],[-62.5416,-22.3496],[-62.3725,-22.4391],[-62.2142,-22.6124],[-62.0666,-22.8695],[-61.928,-23.0593],[-61.7985,-23.182],[-61.6795,-23.2687],[-61.571,-23.3194],[-61.5055,-23.392],[-61.404,-23.4575],[-61.2084,-23.5571],[-61.0847,-23.6565],[-61.0329,-23.7557],[-60.8398,-23.8581],[-60.5053,-23.9636],[-60.2622,-24.014],[-60.1103,-24.0092],[-59.8925,-24.0936],[-59.6086,-24.2668],[-59.4354,-24.387],[-59.3729,-24.454],[-59.1873,-24.5623],[-58.724,-24.7867],[-58.5197,-24.8429],[-58.4228,-24.8941],[-58.3654,-24.9593],[-58.3087,-24.9791],[-58.2528,-24.9538],[-58.1365,-24.9771],[-57.9598,-25.0492],[-57.8217,-25.1364],[-57.6439,-25.3284],[-57.5872,-25.4051],[-57.5631,-25.4737],[-57.5717,-25.5342],[-57.6258,-25.5987],[-57.7548,-25.6971],[-57.7825,-25.7837],[-57.8652,-25.9069],[-57.8906,-26.0066],[-57.9431,-26.053],[-58.0824,-26.1386],[-58.1181,-26.2249],[-58.1815,-26.3074],[-58.203,-26.3815],[-58.1913,-26.63],[-58.2394,-26.6769],[-58.2456,-26.731],[-58.3177,-26.7959],[-58.3226,-26.8576],[-58.4363,-26.922],[-58.4852,-26.9684],[-58.5477,-27.084],[-58.6186,-27.1321],[-58.6418,-27.1961],[-58.6048,-27.3144],[-58.1683,-27.2734],[-57.8122,-27.3166],[-57.3913,-27.4304],[-57.1118,-27.4701],[-56.974,-27.4358],[-56.8717,-27.4406],[-56.8052,-27.4847],[-56.7157,-27.4938],[-56.6034,-27.4678],[-56.5105,-27.4879],[-56.4371,-27.5538],[-56.3705,-27.5374],[-56.3105,-27.4388],[-56.2417,-27.3668],[-56.1641,-27.3215],[-56.0673,-27.3077],[-55.9515,-27.3257],[-55.859,-27.3619],[-55.79,-27.4164],[-55.7146,-27.4148],[-55.6329,-27.3571],[-55.5938,-27.2881],[-55.5972,-27.2076],[-55.5649,-27.15],[-55.4967,-27.1153],[-55.4267,-27.0093],[-55.3458,-26.9732],[-55.208,-26.9602],[-55.1359,-26.9311],[-55.0889,-26.8445],[-55.0136,-26.8067],[-54.9345,-26.7025],[-54.8255,-26.6522],[-54.7551,-26.5329],[-54.6777,-26.3088],[-54.6319,-26.0058],[-54.6159,-25.5761]]}},
{"type":"Feature","properties":{"kind":"international","min_zoom":0},"geometry":{"type":"LineString","coordinates":[[-62.651,-22.2337],[-62.7446,-22.1598],[-62.8433,-21.9973],[-63.6754,-22.0043],[-63.717,-22.0275],[-63.8187,-22.0054],[-63.9217,-22.0286],[-63.9761,-22.0726],[-64.1318,-22.3658],[-64.2664,-22.6033],[-64.3079,-22.7953],[-64.374,-22.761],[-64.5237,-22.3716],[-64.6055,-22.2288],[-64.7001,-22.1855],[-64.843,-22.1439],[-65.0578,-22.1028],[-65.4849,-22.0981],[-65.6862,-22.1102],[-65.771,-22.0996],[-65.8602,-22.0197],[-66.0586,-21.8794],[-66.0986,-21.8351],[-66.2202,-21.8025],[-66.2476,-21.8304],[-66.3225,-22.0531],[-66.3652,-22.1137],[-66.639,-22.2054],[-66.7117,-22.2163],[-66.7506,-22.2693],[-66.8003,-22.4096],[-66.9911,-22.5098],[-67.0336,-22.5523],[-67.0554,-22.6509],[-67.1949,-22.8217]]}},
{"type":"Feature","properties":{"kind":"international","min_zoom":0},"geometry":{"type":"LineString","coordinates":[[26.619,48.2598],[26.6405,48.2942],[26.8471,48.3872],[26.9006,48.3719],[27.2285,48.3714],[27.337,48.4327],[27.4038,48.4157],[27.5493,48.4777],[27.82,48.4163],[27.8906,48.3652],[28.0384,48.3213],[28.0885,48.2571],[28.291,48.2386],[28.327,48.1614],[28.5305,48.1503],[28.7738,48.1196],[28.8658,47.9957],[28.9734,47.933],[29.0929,47.9754],[29.1948,47.8824],[29.2108,47.7316],[29.123,47.5304],[29.1598,47.4557],[29.3337,47.3757],[29.5493,47.2468],[29.515,47.0911],[29.5635,47.0475],[29.572,46.964],[29.7198,46.8829],[29.8778,46.8289],[29.9425,46.7238],[29.9243,46.5389],[30.131,46.4231],[30.0757,46.3778],[29.8379,46.3506],[29.752,46.4378],[29.7068,46.4487],[29.615,46.3988],[29.4588,46.4538],[29.3929,46.4369],[29.3049,46.4666],[29.2546,46.3926],[29.2046,46.3794],[29.2008,46.505],[29.1463,46.5269],[28.9584,46.4585],[28.9275,46.4241],[28.9437,46.2884],[29.0063,46.1765],[28.9477,46.0499],[28.8495,45.9786],[28.7387,45.9371],[28.7293,45.852],[28.6676,45.7938],[28.5623,45.7358],[28.4916,45.6658],[28.5137,45.5724],[28.4714,45.5072],[28.3103,45.4986],[28.2125,45.4505]]}},
{"type":"Feature","properties":{"kind":"international","min_zoom":0},"geometry":{"type":"LineString","coordinates":[[67.759,37.1722],[67.8344,37.0642],[67.958,36.972],[68.0678,36.9498],[68.2121,37.0215],[68.261,37.0131],[68.2995,37.0884],[68.3869,37.1375],[68.5465,37.1835],[68.6692,37.2584],[68.7821,37.258],[68.8554,37.3168],[68.9605,37.3251],[69.1802,37.1583],[69.2648,37.1084],[69.3538,37.1501],[69.4145,37.2078],[69.4297,37.2909],[69.3992,37.3993],[69.4201,37.4867],[69.4921,37.5531],[69.6258,37.594],[69.8209,37.6096],[69.9406,37.6003],[70.0447,37.5472],[70.1198,37.5435],[70.1887,37.5825],[70.2515,37.6642],[70.255,37.7654],[70.1995,37.886],[70.2147,37.9244],[70.3133,37.9848],[70.4177,38.0755],[70.5186,38.192],[70.6158,38.3344],[70.7359,38.4226],[70.8789,38.4564],[71.0522,38.4179],[71.2559,38.307],[71.3327,38.1703],[71.2828,38.0079],[71.2785,37.9184],[71.3897,37.9063],[71.5519,37.9331],[71.5804,37.8643],[71.5462,37.7957],[71.505,37.6029],[71.4329,37.1276],[71.5309,36.8451],[71.5975,36.7329],[71.6656,36.6969],[71.8021,36.6943],[71.9419,36.7664],[72.1535,36.9005],[72.3588,36.9829],[72.6574,37.0291],[72.7571,37.1727],[72.8955,37.2675],[73.2112,37.4085],[73.3829,37.4623],[73.4813,37.4717],[73.7206,37.4188],[73.7173,37.3295],[73.6488,37.2912],[73.6535,37.2394],[73.7496,37.2318],[74.0778,37.3162],[74.1671,37.3295],[74.2597,37.4154],[74.349,37.4188],[74.5243,37.3824],[74.6594,37.3945],[74.7306,37.357],[74.8913,37.2316]]}},
{"type":"Feature","properties":{"kind":"international","min_zoom":0},"geometry":{"type":"LineString","coordinates":[[66.5223,37.3485],[66.8277,37.3713],[67.0689,37.3348],[67.1955,37.2352],[67.3197,37.2096],[67.4417,37.258],[67.5173,37.2667],[67.6074,37.2225],[67.7,37.2273],[67.759,37.1722]]}},
{"type":"Feature","properties":{"kind":"international","min_zoom":0},"geometry":{"type":"LineString","coordinates":[[61.262,35.6196],[61.3447,35.6295],[61.4218,35.5458],[61.5427,35.4579],[61.7198,35.4194],[61.9381,35.4479],[61.9839,35.4437],[62.0897,35.3797],[62.2528,35.2502],[62.3079,35.1708],[62.3866,35.2312],[62.4628,35.2514],[62.6106,35.2331],[62.7227,35.2713],[62.858,35.3497],[63.0566,35.4458],[63.0841,35.5681],[63.1697,35.6781],[63.1086,35.8187],[63.1789,35.8584],[63.3016,35.8584],[63.517,35.9131],[63.8625,36.0124],[64.0097,36.0121],[64.0922,36.1127],[64.3581,36.2261],[64.511,36.3407],[64.5659,36.4276],[64.6026,36.5545],[64.8163,37.1321],[64.9516,37.1935],[65.0897,37.2379],[65.5549,37.2512],[65.6412,37.4678],[65.765,37.5691],[66.1085,37.4148],[66.4718,37.3447],[66.5223,37.3485]]}},
{"type":"Feature","properties":{"kind":"international","min_zoom":0},"geometry":{"type":"LineString","coordinates":[[92.5749,21.9781],[92.5613,22.048],[92.5319,22.4103],[92.4914,22.6854],[92.3932,22.897],[92.3616,22.929],[92.3413,23.0698],[92.3342,23.3238],[92.2461,23.6836],[92.1871,23.6755],[92.127,23.721],[92.0441,23.6778],[91.9296,23.686],[91.9379,23.5047],[91.9192,23.471],[91.7901,23.361],[91.7542,23.2873],[91.7739,23.1061],[91.6949,23.0048],[91.6196,22.9797],[91.5536,22.9916],[91.5112,23.0337],[91.4363,23.1999],[91.3706,23.198],[91.3687,23.0746],[91.3152,23.1044],[91.2538,23.3736],[91.1655,23.581],[91.1605,23.6606],[91.232,23.9205],[91.3364,24.0188],[91.3671,24.0935],[91.5264,24.0908],[91.5714,24.1066],[91.6687,24.1901],[91.7725,24.2107],[91.8462,24.1753],[91.8769,24.1953],[91.9516,24.3568],[92.0641,24.3744],[92.102,24.408],[92.1175,24.494],[92.1981,24.6858],[92.2512,24.8951],[92.385,24.8488],[92.4432,24.8494],[92.4854,24.9033],[92.4683,24.9441],[92.3734,25.0151],[92.2046,25.1109],[92.0497,25.1695],[91.7635,25.1606],[91.4797,25.1421],[91.2931,25.178],[91.0383,25.1741],[90.7302,25.1595],[90.6131,25.1677],[90.4394,25.1577],[90.2504,25.185],[90.0038,25.2584],[89.8141,25.3054],[89.7963,25.3758],[89.8249,25.5601],[89.7996,25.8396],[89.8229,25.9414],[89.7099,26.1712],[89.6191,26.2157],[89.5728,26.1323],[89.5914,26.0724],[89.5499,26.0053],[89.4669,25.9835],[89.2892,26.0376],[89.1864,26.106],[89.1083,26.2022],[89.102,26.3083],[89.0668,26.3769],[89.0186,26.4103],[88.9519,26.4121],[88.9241,26.3751],[88.9815,26.2861],[88.9704,26.2509],[88.828,26.2522],[88.6828,26.2917],[88.6806,26.353],[88.6202,26.4307],[88.5182,26.5178],[88.4181,26.5715],[88.3699,26.5641],[88.3459,26.5048],[88.4368,26.4371],[88.4404,26.3695],[88.334,26.2575],[88.2352,26.1781],[88.1507,26.0871],[88.0974,25.9563],[88.0846,25.8882],[88.1474,25.8114],[88.2529,25.7898],[88.3631,25.6982],[88.4523,25.5744],[88.5935,25.4953],[88.7692,25.4905],[88.8203,25.3655],[88.9442,25.2908],[88.9517,25.2593],[88.8901,25.1944],[88.7476,25.169],[88.5738,25.1879],[88.4563,25.1884],[88.3729,24.9615],[88.3133,24.8818],[88.1889,24.9206],[88.1498,24.9147],[88.0451,24.713],[88.0234,24.6279],[88.1455,24.4858],[88.225,24.4606],[88.2871,24.4797],[88.397,24.3893],[88.4986,24.3466],[88.6423,24.326],[88.7235,24.2749],[88.7336,24.2309],[88.6998,24.0025],[88.6225,23.8264],[88.5673,23.6744],[88.596,23.6022],[88.7409,23.4366],[88.704,23.2928],[88.7244,23.255],[88.897,23.2104],[88.9281,23.1866],[88.8506,23.0405],[88.8997,22.8435],[88.927,22.6711],[88.9207,22.632],[88.9714,22.5109],[89.0499,22.2746],[89.0514,22.0932]]}},
{"type":"Feature","properties":{"kind":"international","min_zoom":0},"geometry":{"type":"LineString","coordinates":[[2.3892,11.8971],[2.4126,11.9993],[2.3633,12.1884],[2.366,12.2219],[2.4693,12.2628],[2.6484,12.2968],[2.7285,12.3536],[2.8052,12.3838],[2.8782,12.3677],[3.1496,12.1181],[3.2674,11.9919],[3.2991,11.9271],[3.3599,11.8805],[3.4498,11.8519],[3.5317,11.7874],[3.5954,11.6963]]}},
{"type":"Feature","properties":{"kind":"international","min_zoom":0},"geometry":{"type":"LineString","coordinates":[[18.6103,3.4784],[18.6222,3.304],[18.4909,2.9244],[18.2116,2.4149],[18.0722,2.0133],[18.0728,1.7194],[18.0578,1.5349],[17.9025,1.1181],[17.8858,0.8569],[17.9252,0.5373],[17.8877,0.2341],[17.7731,-0.0524],[17.7241,-0.2776],[17.7529,-0.5491],[17.5428,-0.775],[17.2788,-0.9996],[17.1076,-1.0645],[16.9747,-1.1399],[16.8799,-1.2259],[16.7801,-1.3764],[16.6225,-1.699],[16.5407,-1.8401],[16.4336,-1.9609],[16.2739,-2.1082],[16.2154,-2.1778],[16.1916,-2.2791],[16.2018,-2.4647],[16.2173,-3.0303],[16.1467,-3.4641],[15.9901,-3.7662],[15.8724,-3.9343],[15.7546,-3.9855],[15.6001,-4.0309],[15.526,-4.088],[15.4809,-4.1718],[15.3946,-4.245],[15.2672,-4.3076],[15.1063,-4.4611],[14.9121,-4.7056],[14.7793,-4.8457],[14.7079,-4.8817],[14.634,-4.8851],[14.5576,-4.8558],[14.4616,-4.865],[14.4107,-4.8313],[14.4029,-4.6817],[14.3654,-4.5855],[14.4498,-4.4495],[14.3583,-4.2994],[14.3162,-4.3041],[14.1338,-4.4],[14.0468,-4.4175],[13.9409,-4.4847],[13.8823,-4.4847],[13.778,-4.4339],[13.7171,-4.4545],[13.6853,-4.6887],[13.6596,-4.7215],[13.5517,-4.7567],[13.4149,-4.8374],[13.3758,-4.8294],[13.2196,-4.7058],[13.1366,-4.6043],[13.0727,-4.6348]]}},
{"type":"Feature","properties":{"kind":"international","min_zoom":0},"geometry":{"type":"LineString","coordinates":[[28.9753,-29.9994],[29.098,-29.9191],[29.1422,-29.701],[29.2935,-29.5669],[29.3489,-29.442],[29.3907,-29.2697],[29.3013,-29.0899],[29.178,-29.0369],[28.9537,-28.8814],[28.8563,-28.7761],[28.7218,-28.6877],[28.6258,-28.5817],[28.4719,-28.6158],[28.2326,-28.7012],[28.0844,-28.78],[27.9599,-28.8734],[27.7356,-28.9401],[27.5271,-29.2361],[27.458,-29.3028],[27.3568,-29.4553],[27.2945,-29.5193],[27.0952,-29.5993],[27.0517,-29.664],[27.1305,-29.8402],[27.2397,-30.0153],[27.3554,-30.1586],[27.3497,-30.2474],[27.3884,-30.3159],[27.4919,-30.364],[27.6666,-30.5423],[27.7531,-30.6],[28.0182,-30.6423],[28.0568,-30.631],[28.1287,-30.5251],[28.139,-30.4499],[28.3155,-30.2185],[28.3921,-30.1476],[28.4996,-30.1289],[28.6344,-30.1288],[28.7369,-30.102],[28.9753,-29.9994]]}},
{"type":"Feature","properties":{"kind":"international","min_zoom":0},"geometry":{"type":"LineString","coordinates":[[29.3648,-22.1939],[29.6631,-22.1463],[29.9023,-22.1842],[30.1904,-22.2911],[30.4602,-22.329],[30.7116,-22.2978],[30.9161,-22.2907],[31.0734,-22.3078],[31.1973,-22.3449],[31.2878,-22.402]]}},
{"type":"Feature","properties":{"kind":"international","min_zoom":0},"geometry":{"type":"LineString","coordinates":[[19.9805,-24.7768],[20.3452,-25.0298],[20.4731,-25.2213],[20.6093,-25.4912],[20.7932,-25.9156],[20.815,-26.165],[20.757,-26.2641],[20.6268,-26.4438],[20.62,-26.5808],[20.6415,-26.7422],[20.685,-26.8224],[20.7399,-26.8489],[20.8709,-26.8088],[21.071,-26.8517],[21.4549,-26.8328],[21.6463,-26.8542],[21.738,-26.8068],[21.7883,-26.71],[21.8332,-26.6783],[22.011,-26.6358],[22.0909,-26.5801],[22.2175,-26.3888],[22.4709,-26.219],[22.5486,-26.1784],[22.6402,-26.0712],[22.7961,-25.6792],[22.8189,-25.5951],[22.8788,-25.4579],[22.9512,-25.3703],[23.022,-25.3241],[23.266,-25.2666],[23.3893,-25.2914],[23.5215,-25.3444],[23.6707,-25.434],[23.8937,-25.6009],[23.9695,-25.6261],[24.193,-25.6329],[24.3306,-25.7429],[24.4002,-25.7498],[24.7482,-25.8174],[24.8692,-25.8135],[24.9989,-25.754],[25.2134,-25.7563],[25.4436,-25.7145],[25.5838,-25.6062],[25.6592,-25.4379],[25.7026,-25.3023],[25.8524,-24.9353],[25.8819,-24.788],[25.9121,-24.7475],[26.1308,-24.6715],[26.3972,-24.6135],[26.4518,-24.5827],[26.5015,-24.5133],[26.6177,-24.3955],[26.8351,-24.2408],[26.987,-23.7045],[27.0855,-23.5779],[27.1464,-23.5244],[27.2412,-23.49],[27.3134,-23.4243],[27.3992,-23.3836],[27.4987,-23.3683],[27.5632,-23.3246],[27.5927,-23.2526],[27.6439,-23.2177],[27.7167,-23.2196],[27.8126,-23.108],[27.8905,-23.0739],[27.9351,-22.987],[28.028,-22.8737],[28.2102,-22.6937],[28.3818,-22.5934],[28.5429,-22.5729],[28.6955,-22.5354],[28.8398,-22.4808],[28.9458,-22.3952],[29.0135,-22.2784],[29.1299,-22.2133],[29.3648,-22.1939]]}},
{"type":"Feature","properties":{"kind":"international","min_zoom":0},"geometry":{"type":"LineString","coordinates":[[34.9595,-11.5781],[35.1826,-11.5748],[35.4182,-11.5832],[35.5044,-11.6048],[35.631,-11.582],[35.7047,-11.5322],[35.7854,-11.4529],[35.9113,-11.4546],[36.0822,-11.5373],[36.1755,-11.6093],[36.1913,-11.6707],[36.3057,-11.7063],[36.5187,-11.7162],[36.6738,-11.6843],[36.7711,-11.6104],[36.8727,-11.5713],[36.9789,-11.5669],[37.0592,-11.5922],[37.1138,-11.6471],[37.2184,-11.6865],[37.3729,-11.7104],[37.5417,-11.6751],[37.7249,-11.5806],[37.8293,-11.4819],[37.855,-11.3791],[37.9202,-11.2948],[38.1766,-11.2787],[38.3151,-11.3111],[38.4917,-11.4133],[38.7948,-11.2289],[38.9875,-11.1673],[39.171,-11.1669],[39.3216,-11.1226],[39.4392,-11.0345],[39.5635,-10.9786],[39.6944,-10.9548],[39.8171,-10.9124],[39.9887,-10.8208],[40.4636,-10.4643]]}},
{"type":"Feature","properties":{"kind":"international","min_zoom":0},"geometry":{"type":"LineString","coordinates":[[-84.3483,10.9799],[-84.2555,10.9007],[-84.1683,10.7804],[-84.0962,10.7757],[-83.9193,10.7354],[-83.8112,10.7432],[-83.7129,10.7859],[-83.6589,10.8369],[-83.642,10.9172]]}},
{"type":"Feature","properties":{"kind":"international","min_zoom":0},"geometry":{"type":"LineString","coordinates":[[28.1479,56.1429],[28.032,56.1333],[27.8963,56.0762],[27.6423,55.9117],[27.5767,55.7988],[27.3092,55.8039],[27.0525,55.8305],[26.9531,55.8129],[26.8225,55.7092],[26.5936,55.6675]]}},
{"type":"Feature","properties":{"kind":"international","min_zoom":0},"geometry":{"type":"LineString","coordinates":[[28.2125,45.4505],[28.3177,45.3471],[28.4513,45.2922],[28.7607,45.2341],[28.8243,45.3111],[28.8943,45.2899],[29.0274,45.3205],[29.2236,45.4029],[29.4037,45.4197],[29.5677,45.3708],[29.7059,45.2599]]}},
{"type":"Feature","properties":{"kind":"international","min_zoom":0},"geometry":{"type":"LineString","coordinates":[[21.3601,44.8267],[21.5232,44.7901],[21.6361,44.7105],[21.7402,44.6807],[21.9093,44.6661],[22.0269,44.6199],[22.0931,44.5419],[22.201,44.5607],[22.3507,44.6761],[22.4977,44.7063],[22.7209,44.6055],[22.7008,44.5555],[22.554,44.5403],[22.4946,44.4354],[22.5306,44.378],[22.648,44.3165],[22.7051,44.2378]]}},
{"type":"Feature","properties":{"kind":"international","min_zoom":0},"geometry":{"type":"LineString","coordinates":[[56.2343,25.3038],[56.2106,25.2133],[56.2818,25.2355],[56.2343,25.3038]]}},
{"type":"Feature","properties":{"kind":"international","min_zoom":0},"geometry":{"type":"LineString","coordinates":[[32.1129,-26.8395],[32.1996,-26.8335],[32.3535,-26.8616],[32.8861,-26.8493]]}},
{"type":"Feature","properties":{"kind":"international","min_zoom":2},"geometry":null},
{"type":"Feature","properties":{"kind":"international","min_zoom":0},"geometry":{"type":"LineString","coordinates":[[-122.6864,48.993],[-121.8336,48.993],[-120.9809,48.993],[-120.5545,48.993],[-119.7017,48.993],[-119.2753,48.9931],[-118.4226,48.9931],[-117.9962,48.9931],[-117.1434,48.9931],[-116.717,48.9931],[-115.8643,48.9931],[-115.0115,48.9931],[-114.5851,48.9931],[-113.7324,48.9931],[-112.8796,48.9931],[-112.0268,48.9931],[-111.1741,48.9931],[-110.3213,48.9931],[-109.4685,48.9931],[-109.0421,48.9931],[-108.1894,48.9931],[-107.763,48.9931],[-106.9102,48.9931],[-106.4839,48.9931],[-105.6311,48.9931],[-104.7783,48.9931],[-104.3519,48.9931],[-103.4992,48.9931],[-102.6464,48.9931],[-102.22,48.9931],[-101.3673,48.9931],[-100.9409,48.9931],[-100.0881,48.9931],[-99.2354,48.9931],[-98.809,48.9932],[-97.9562,48.9932],[-97.5298,48.9932],[-96.6771,48.9932],[-95.8243,48.9932],[-95.162,48.9918],[-95.1553,49.3697],[-94.9393,49.3494],[-94.8543,49.3046],[-94.8426,49.1192],[-94.8035,49.003],[-94.7128,48.8634],[-94.7051,48.8085],[-94.6209,48.7426],[-94.4142,48.7041],[-94.0552,48.659],[-93.8516,48.6073],[-93.8035,48.5489],[-93.7077,48.5255],[-93.4636,48.5613],[-93.3778,48.6166],[-93.2579,48.6289],[-92.9963,48.6118],[-92.7327,48.5318],[-92.5006,48.4353],[-92.4146,48.2766],[-92.3484,48.2766],[-92.2987,48.3289],[-92.1718,48.3384],[-92.0052,48.3018],[-91.8584,48.1976],[-91.5183,48.0583],[-91.3872,48.0585],[-91.2207,48.1046],[-91.0435,48.1937],[-90.8403,48.2005],[-90.7444,48.1046],[-90.6071,48.1126],[-90.3201,48.0992],[-90.0918,48.1181],[-89.9936,48.0153],[-89.901,47.9955],[-89.7754,48.0153],[-89.4556,47.9962],[-89.2732,48.02],[-89.1856,48.0474],[-88.6118,48.264],[-88.3782,48.3031],[-88.1607,48.2254],[-87.208,47.8485],[-86.4286,47.5401],[-85.4582,47.14],[-84.876,46.8999],[-84.7794,46.6373],[-84.5618,46.4574],[-84.5016,46.4619],[-84.4017,46.5156],[-84.1922,46.5496],[-84.1252,46.5272],[-84.1505,46.4448],[-84.1152,46.3708],[-84.0884,46.2265],[-83.9778,46.0849],[-83.913,46.0729],[-83.7632,46.1091],[-83.6159,46.1168],[-83.4801,46.0238],[-83.4695,45.9947],[-83.5927,45.8172],[-82.7604,45.4477],[-82.5511,45.3474],[-82.4074,44.7439],[-82.2812,44.1922],[-82.1378,43.5709],[-82.4082,43.0726],[-82.4883,42.7395],[-82.5453,42.6247],[-82.7442,42.4935],[-82.8678,42.3852],[-83.0731,42.3003],[-83.1497,42.1419],[-83.1419,41.9759],[-83.03,41.833],[-82.69,41.6752],[-82.4391,41.6749],[-81.7609,41.9868],[-81.2776,42.2092],[-80.2476,42.366],[-79.762,42.539],[-79.1737,42.7485],[-79.0367,42.8023],[-78.9392,42.8637],[-78.9151,42.9091],[-79.0117,42.997],[-79.066,43.1061],[-79.0592,43.2781],[-79.1719,43.4666],[-78.7204,43.6249],[-78.4583,43.6315],[-77.8792,43.6296],[-77.0734,43.6268],[-76.82,43.6288],[-76.5861,43.9243],[-76.4646,44.0576],[-76.2485,44.2141],[-76.1858,44.2422],[-76.1512,44.3039],[-75.8759,44.417],[-75.792,44.4971],[-75.4013,44.7723],[-75.1794,44.8994],[-74.9961,44.9701],[-74.8566,45.0039],[-74.0143,45.0047],[-73.182,45.0056],[-72.7659,45.0061],[-71.9336,45.0071],[-71.5175,45.0076],[-71.419,45.2003],[-71.3273,45.2901],[-71.1346,45.2628],[-70.9999,45.3372],[-70.898,45.2625],[-70.8368,45.3107],[-70.7992,45.4048],[-70.6898,45.4283],[-70.7022,45.5514],[-70.5964,45.644],[-70.4211,45.7382],[-70.4079,45.8019],[-70.2962,45.9061],[-70.3045,46.0574],[-70.2483,46.2509],[-70.1797,46.3418],[-70.0672,46.441],[-70.0077,46.7089],[-69.6298,47.0814],[-69.2429,47.463],[-69.0502,47.4266],[-69.0486,47.2737],[-68.9372,47.2113],[-68.8287,47.2033],[-68.6685,47.2534],[-68.4804,47.2858],[-68.3109,47.3545],[-68.2355,47.3459],[-68.0968,47.2748],[-67.8068,47.0828],[-67.7958,46.4984],[-67.7846,45.9528],[-67.7846,45.7017],[-67.5957,45.6207],[-67.4326,45.6031],[-67.4244,45.5304],[-67.4937,45.4741],[-67.4279,45.378],[-67.4725,45.2759],[-67.3669,45.1738],[-67.3153,45.1538],[-67.2496,45.2008],[-67.1248,45.1694]]}},
{"type":"Feature","properties":{"kind":"disputed","min_zoom":0},"geometry":{"type":"LineString","coordinates":[[34.9591,-11.5772],[34.937,-11.4634],[34.8506,-11.3519],[34.7738,-11.3417],[34.6885,-11.1775],[34.6079,-11.0805],[34.6057,-10.9903],[34.6523,-10.8729],[34.6618,-10.71],[34.6365,-10.6256],[34.5836,-10.5251],[34.5716,-10.4276],[34.5699,-10.2411],[34.5242,-10.0731],[34.5242,-10.0301],[34.476,-9.9488],[34.3278,-9.7566],[34.3209,-9.7315],[34.0886,-9.5378],[33.9956,-9.4954],[33.9496,-9.5654],[33.9439,-9.6722],[33.8888,-9.6701]]}},
{"type":"Feature","properties":{"kind":"international","min_zoom":0},"geometry":{"type":"LineString","coordinates":[[107.9727,21.5079],[107.802,21.6452],[107.7592,21.655],[107.641,21.6139],[107.4714,21.5983],[107.4335,21.6423],[107.3512,21.6089],[107.2721,21.7106],[107.1786,21.7171],[107.0198,21.8349],[107.0064,21.8934],[106.8745,21.9513],[106.7295,22.0004],[106.6635,21.9789],[106.6542,22.2415],[106.6365,22.2886],[106.5536,22.3417],[106.5364,22.3954],[106.5504,22.5014],[106.5825,22.5732],[106.7015,22.6377],[106.7803,22.7789],[106.624,22.8743],[106.5418,22.9083],[106.3381,22.8635],[106.2495,22.8694],[106.1839,22.9551],[106.1485,22.9701],[106.001,22.9748],[105.9623,22.9375],[105.843,22.9228],[105.6913,23.0299],[105.5481,23.0726],[105.4946,23.1809],[105.3505,23.3077],[105.2754,23.3452],[105.1891,23.281],[104.8647,23.1364],[104.8266,23.1002],[104.7957,22.9112],[104.6873,22.8222],[104.5268,22.8041],[104.3717,22.7041],[104.2984,22.712],[104.2125,22.8094],[104.1431,22.8002],[104.0539,22.7523],[103.9714,22.5505],[103.915,22.5382],[103.6202,22.782],[103.5707,22.7344],[103.5254,22.6116],[103.471,22.5974],[103.3561,22.7547],[103.3006,22.7644],[103.2663,22.7135],[103.1376,22.593],[103.1364,22.5422],[103.0054,22.453],[102.9351,22.4662],[102.8301,22.5871],[102.721,22.6485],[102.5172,22.741],[102.4279,22.7328],[102.3757,22.6466],[102.237,22.466],[102.1274,22.3792]]}},
{"type":"Feature","properties":{"kind":"international","min_zoom":0},"geometry":{"type":"LineString","coordinates":[[7.4387,43.7505],[7.3777,43.7318]]}},
{"type":"Feature","properties":{"kind":"international","min_zoom":0},"geometry":null},
{"type":"Feature","properties":{"kind":"international","min_zoom":0},"geometry":{"type":"LineString","coordinates":[[113.5481,22.2226],[113.4789,22.1955]]}},
{"type":"Feature","properties":{"kind":"international","min_zoom":0},"geometry":{"type":"LineString","coordinates":[[114.0154,22.5119],[114.0503,22.543],[114.1882,22.565],[114.266,22.541]]}},
{"type":"Feature","properties":{"kind":"international","min_zoom":2},"geometry":{"type":"LineString","coordinates":[[70.6121,39.7867],[70.5595,39.7909],[70.4977,39.8824],[70.6641,39.8554],[70.6121,39.7867]]}},
{"type":"Feature","properties":{"kind":"international","min_zoom":2},"geometry":{"type":"LineString","coordinates":[[71.2156,39.9068],[71.1563,39.8835],[71.0118,39.8951],[71.0437,39.9763],[70.9744,40.0389],[70.9763,40.1333],[71.0241,40.1492],[71.0803,40.0799],[71.2287,40.0482],[71.1793,39.9798],[71.2156,39.9068]]}},
{"type":"Feature","properties":{"kind":"disputed","min_zoom":0},"geometry":{"type":"LineString","coordinates":[[145.9402,43.0995],[145.9034,43.2622],[145.8399,43.4173],[145.6866,43.5455],[145.5377,43.5125],[145.4268,43.6371],[145.262,43.7319],[145.2412,43.7817],[145.2736,43.9056],[145.5321,44.1429],[145.6207,44.2906],[145.6636,44.4481],[145.646,44.5901],[145.5789,44.7851]]}},
{"type":"Feature","properties":{"kind":"international","min_zoom":0},"geometry":{"type":"LineString","coordinates":[[-1.2753,32.089],[-1.2259,32.1072],[-1.2259,32.1645],[-1.2621,32.2711],[-1.2403,32.3376],[-1.0655,32.4683],[-1.111,32.5523],[-1.3521,32.7034],[-1.45,32.7848],[-1.51,32.8776],[-1.5507,33.0736],[-1.6251,33.1834],[-1.6792,33.3187],[-1.6312,33.5668],[-1.703,33.7169],[-1.7147,33.8582],[-1.6927,33.9903],[-1.7069,34.1761],[-1.7918,34.3679],[-1.7333,34.467],[-1.8496,34.6073],[-1.7956,34.7519],[-2.1318,34.9708],[-2.1908,35.0298],[-2.2196,35.1042]]}},
{"type":"Feature","properties":{"kind":"international","min_zoom":0},"geometry":{"type":"LineString","coordinates":[[28.9996,9.6102],[29.1223,9.6747],[29.2424,9.7181],[29.4732,9.7686],[29.5574,9.8483],[29.604,9.9214],[29.6055,10.0651],[29.691,10.1219],[30.0031,10.2774],[30.4747,9.979],[30.7393,9.7427],[30.827,9.7563],[31.1545,9.7709],[31.2249,9.7992],[31.6549,10.2212],[31.792,10.3832],[31.8543,10.4791],[31.933,10.6625],[32.4042,11.0578],[32.4254,11.1139],[32.3542,11.2469],[32.3358,11.4186],[32.3499,11.5804],[32.3353,11.716],[32.0723,12.0067],[32.7367,12.0097],[32.7158,12.1393],[32.7189,12.2188],[33.1993,12.2173],[33.1931,12.135],[33.1351,11.9416],[33.1225,11.6931],[33.073,11.5915],[33.1722,10.8502],[33.1408,10.7379],[33.3607,10.6578],[33.4591,10.5508],[33.8922,10.199],[33.9519,10.071],[33.9462,9.9409],[33.9625,9.8558],[33.895,9.7176],[33.874,9.6268],[33.8715,9.5061],[33.8909,9.4622],[34.0768,9.4615]]}},
{"type":"Feature","properties":{"kind":"international","min_zoom":0},"geometry":{"type":"LineString","coordinates":[[24.1474,8.6656],[24.2135,8.7678],[24.3002,8.8142],[24.5319,8.8869],[24.5494,9.0068],[24.648,9.1791],[24.6629,9.3381],[24.6967,9.4257],[24.7826,9.5273],[24.7922,9.6103],[24.7852,9.7746],[24.8177,9.8396],[24.9638,9.9888],[25.0029,10.0553],[25.0236,10.2358],[25.067,10.2938],[25.2117,10.3299],[25.2852,10.3185],[25.7494,10.4074],[25.8582,10.4065],[25.8852,10.3461],[25.8915,10.2027],[26.0006,10.1234],[26.087,10.0185],[26.1695,9.9659],[26.5513,9.5258],[26.6587,9.4842],[26.7632,9.4992],[26.9705,9.5906],[27.0742,9.6138],[27.7998,9.5879],[27.8808,9.6016]]}},
{"type":"Feature","properties":{"kind":"disputed","min_zoom":0},"geometry":{"type":"LineString","coordinates":[[27.8808,9.6016],[27.9963,9.3788],[28.049,9.3286],[28.8445,9.3261],[28.8395,9.4591],[28.9996,9.6102]]}},
{"type":"Feature","properties":{"kind":"disputed","min_zoom":0},"geometry":{"type":"LineString","coordinates":[[-56.4828,1.9421],[-56.5627,2.0051],[-56.7044,2.0365],[-56.7612,2.1149],[-56.8405,2.2771],[-56.9315,2.3954],[-56.9452,2.4568],[-56.9971,2.5322],[-57.0289,2.6375],[-57.0604,2.6657],[-57.1051,2.7683],[-57.2098,2.8828],[-57.2316,3.1089],[-57.2779,3.1643],[-57.29,3.3536],[-57.3037,3.3771],[-57.4256,3.3755],[-57.5496,3.3528],[-57.5955,3.3685]]}},
{"type":"Feature","properties":{"kind":"disputed","min_zoom":0},"geometry":{"type":"LineString","coordinates":[[-54.6163,2.3268],[-54.536,2.3433],[-54.4856,2.4161],[-54.402,2.4615],[-54.1955,2.8179],[-54.1707,2.9936],[-54.2031,3.1382],[-54.188,3.1788],[-54.0821,3.3269]]}},
{"type":"Feature","properties":{"kind":"international","min_zoom":0},"geometry":{"type":"LineString","coordinates":[[33.8888,-9.6701],[33.7662,-9.6109],[33.6977,-9.5981],[33.4209,-9.608],[33.3309,-9.5192],[33.1305,-9.4959],[32.974,-9.395],[32.9199,-9.4074]]}},
{"type":"Feature","properties":{"kind":"disputed","min_zoom":0},"geometry":{"type":"LineString","coordinates":[[33.5941,46.0962],[33.6543,46.1462],[33.66,46.2196],[33.8067,46.2083],[34.0267,46.1067],[34.1283,46.0898],[34.2242,46.1011],[34.354,46.0616],[34.4499,45.9657],[34.6869,45.977],[34.7941,45.8923],[34.7997,45.7908],[34.9464,45.7287],[35.0017,45.7334]]}},
{"type":"Feature","properties":{"kind":"indefinite","min_zoom":3.6},"geometry":{"type":"LineString","coordinates":[[77.0486,35.1099],[76.7669,35.6617]]}},
{"type":"Feature","properties":{"kind":"indefinite","min_zoom":3.6},"geometry":{"type":"LineString","coordinates":[[77.0486,35.1099],[77.7994,35.4959]]}},
{"type":"Feature","properties":{"kind":"disputed","min_zoom":0},"geometry":{"type":"LineString","coordinates":[[79.1169,33.2253],[79.3551,33.1698],[79.3762,33.1463],[79.3348,32.9755],[79.4991,32.7301],[79.4699,32.6434],[79.2916,32.5066],[79.2188,32.501]]}},
{"type":"Feature","properties":{"kind":"international","min_zoom":0},"geometry":{"type":"LineString","coordinates":[[79.2188,32.501],[79.1274,32.4758],[79.067,32.3882],[78.919,32.3582],[78.7712,32.4681],[78.7009,32.597],[78.6316,32.5789],[78.4126,32.5577],[78.3897,32.5199],[78.4413,32.3974],[78.4553,32.3003],[78.4874,32.2335]]}},
{"type":"Feature","properties":{"kind":"disputed","min_zoom":0},"geometry":{"type":"LineString","coordinates":[[78.4874,32.2335],[78.4959,32.2158],[78.7355,31.9579],[78.7167,31.8803]]}},
{"type":"Feature","properties":{"kind":"international","min_zoom":0},"geometry":{"type":"LineString","coordinates":[[78.7167,31.8803],[78.687,31.8055],[78.6935,31.7404],[78.803,31.6181],[78.7267,31.4718],[78.7586,31.4366],[78.7435,31.3238],[78.8429,31.3013]]}},
{"type":"Feature","properties":{"kind":"disputed","min_zoom":0},"geometry":{"type":"LineString","coordinates":[[78.8429,31.3013],[78.8995,31.3314],[78.9739,31.3286],[79.0111,31.4141],[79.1071,31.4027],[79.3388,31.1057],[79.3705,31.0792]]}},
{"type":"Feature","properties":{"kind":"international","min_zoom":0},"geometry":{"type":"LineString","coordinates":[[79.3705,31.0792],[79.5655,30.9491],[79.7946,30.9683],[79.9104,30.8984]]}},
{"type":"Feature","properties":{"kind":"disputed","min_zoom":0},"geometry":{"type":"LineString","coordinates":[[79.9104,30.8984],[80.0815,30.7819],[80.1495,30.7899],[80.1943,30.7592],[80.2071,30.6837],[80.1912,30.5688]]}},
{"type":"Feature","properties":{"kind":"international","min_zoom":0},"geometry":{"type":"LineString","coordinates":[[80.1912,30.5688],[80.261,30.5613],[80.6821,30.4148],[80.7468,30.3604],[80.9855,30.2371],[81.0102,30.1645]]}},
{"type":"Feature","properties":{"kind":"international","min_zoom":0},"geometry":{"type":"LineString","coordinates":[[90.3337,28.1175],[90.363,28.2165],[90.3482,28.2439],[90.1045,28.302],[89.9811,28.3112],[89.8979,28.2941],[89.7991,28.2382]]}},
{"type":"Feature","properties":{"kind":"international","min_zoom":0},"geometry":{"type":"LineString","coordinates":[[89.7991,28.2382],[89.7498,28.1882],[89.5369,28.1074],[89.1605,27.7113],[89.1163,27.621]]}},
{"type":"Feature","properties":{"kind":"international","min_zoom":0},"geometry":{"type":"LineString","coordinates":[[89.1163,27.621],[89.0213,27.515]]}},
{"type":"Feature","properties":{"kind":"international","min_zoom":0},"geometry":{"type":"LineString","coordinates":[[89.0213,27.515],[88.9476,27.464],[88.8914,27.3161]]}},
{"type":"Feature","properties":{"kind":"international","min_zoom":0},"geometry":{"type":"LineString","coordinates":[[75.3037,32.3176],[75.3335,32.2792],[75.3247,32.2153],[75.2541,32.1403],[75.0715,32.0893],[74.7394,31.9489],[74.6358,31.8897],[74.5555,31.8186],[74.51,31.7129],[74.5939,31.4654],[74.5177,31.1856],[74.5398,31.1327],[74.6103,31.1128],[74.6328,31.0346],[74.3804,30.8934],[74.3394,30.8936],[74.2156,30.769],[74.009,30.5197],[73.8993,30.4354],[73.8827,30.3522],[73.9334,30.2221],[73.8092,30.0934],[73.3816,29.9343],[73.2311,29.5506],[73.1283,29.3639],[72.9033,29.0288],[72.6256,28.8961],[72.3419,28.7519],[72.2919,28.6973],[72.1792,28.4218],[72.1285,28.3464],[71.948,28.1773],[71.8889,28.0475],[71.8703,27.9625],[71.543,27.8699],[71.2902,27.8553],[71.1847,27.8316],[70.8749,27.7144],[70.7374,27.729],[70.6491,27.8353],[70.6291,27.9374],[70.4886,28.0231],[70.4037,28.0251],[70.2443,27.9341],[70.1446,27.849],[70.0498,27.6947],[69.8963,27.4736],[69.5679,27.1746],[69.537,27.1229],[69.4945,26.9542],[69.47,26.8045],[69.507,26.7427],[69.7359,26.627],[69.9114,26.5861],[70.0593,26.5787],[70.1146,26.548],[70.1569,26.4714],[70.1326,26.2148],[70.0777,26.0719],[70.1002,25.91],[70.2646,25.7065],[70.3252,25.6857],[70.5059,25.6853],[70.5696,25.706],[70.6485,25.6669],[70.6572,25.6258],[70.6521,25.4229],[70.7025,25.3311],[70.8005,25.2059],[70.8778,25.063],[71.0479,24.6877],[70.9763,24.6188],[70.9732,24.4874],[71.044,24.4001],[70.9828,24.361],[70.8862,24.3438],[70.8051,24.262],[70.7163,24.238],[70.5793,24.279],[70.5468,24.4183],[70.4893,24.4122],[70.2891,24.3563],[70.0982,24.2875],[70.0211,24.1916],[69.9337,24.1714],[69.7162,24.1726],[69.5592,24.2731],[69.1195,24.2686],[69.0515,24.2863],[68.9846,24.2731],[68.9008,24.2924],[68.8283,24.264],[68.8,24.3091],[68.7281,24.2656],[68.7241,23.9647],[68.4887,23.9672],[68.2825,23.928],[68.1651,23.8573]]}},
{"type":"Feature","properties":{"kind":"disputed","min_zoom":0},"geometry":{"type":"LineString","coordinates":[[36.6944,45.6217],[36.691,45.4308],[36.6592,45.3466],[36.5887,45.3003],[36.6169,45.2276],[36.5087,45.1997],[36.5972,45.0305],[36.6119,44.9533]]}},
{"type":"Feature","properties":{"kind":"disputed","min_zoom":0},"geometry":{"type":"LineString","coordinates":[[-55.8057,-31.0347],[-55.8737,-31.0696],[-56.0047,-31.0792],[-56.0184,-30.9919],[-56.0011,-30.8538]]}},
{"type":"Feature","properties":{"kind":"international","min_zoom":0},"geometry":{"type":"LineString","coordinates":[[-56.0011,-30.8538],[-56.0448,-30.7776],[-56.1762,-30.6284],[-56.4072,-30.4475],[-56.7217,-30.1869],[-56.8327,-30.1072],[-57.0327,-30.1099],[-57.1205,-30.1445],[-57.1869,-30.2649],[-57.2145,-30.2834],[-57.3839,-30.2807],[-57.5523,-30.2612],[-57.6089,-30.1878]]}},
{"type":"Feature","properties":{"kind":"indefinite","min_zoom":0},"geometry":{"type":"LineString","coordinates":[[-73.4807,-49.7654],[-73.5763,-49.5829],[-73.5542,-49.4639],[-73.4836,-49.3977],[-73.4616,-49.3139],[-73.1353,-49.3007]]}},
{"type":"Feature","properties":{"kind":"international","min_zoom":0},"geometry":{"type":"LineString","coordinates":[[-73.1353,-49.3007],[-73.1489,-49.188],[-73.0336,-49.0143],[-72.9817,-48.9768],[-72.7285,-48.8963],[-72.6144,-48.7928],[-72.5859,-48.6625],[-72.6084,-48.5194],[-72.4982,-48.4174],[-72.3548,-48.3658],[-72.293,-48.2291],[-72.3283,-48.11],[-72.4079,-48.0159],[-72.5091,-47.9734],[-72.5179,-47.8764],[-72.3415,-47.5721],[-72.3459,-47.4927],[-72.1034,-47.3427],[-72.0417,-47.2414],[-71.905,-47.2017],[-71.9005,-47.1443],[-71.9542,-47.0875],[-71.963,-47.016],[-71.9402,-46.8312],[-71.7327,-46.7058],[-71.6952,-46.5784],[-71.7777,-46.28],[-71.8757,-46.1606],[-71.8093,-46.1027],[-71.6845,-46.0419],[-71.6316,-45.9537],[-71.6801,-45.8787],[-71.7506,-45.8391],[-71.7727,-45.7244],[-71.7462,-45.5789],[-71.6933,-45.5348],[-71.5081,-45.5127],[-71.4904,-45.4377],[-71.3493,-45.3319],[-71.3538,-45.2305],[-71.4435,-45.1682],[-71.5963,-44.9792],[-71.8124,-44.9306],[-72.0417,-44.9042],[-72.0637,-44.7719],[-71.957,-44.7915],[-71.4552,-44.7498],[-71.3581,-44.7851],[-71.2611,-44.7631],[-71.2215,-44.6308],[-71.1597,-44.5602],[-71.1509,-44.4941],[-71.2126,-44.4412],[-71.3257,-44.4249],[-71.82,-44.3831],[-71.8351,-44.3302],[-71.8124,-44.106],[-71.7672,-44.0667],[-71.6801,-43.9296],[-71.7947,-43.7532],[-71.7374,-43.7047],[-71.7506,-43.5901],[-71.8324,-43.5272],[-71.905,-43.4401],[-71.905,-43.3475],[-71.7639,-43.2946],[-71.7506,-43.2373],[-71.7815,-43.1668],[-72.0547,-43.1019],[-72.1464,-42.99],[-72.1136,-42.7768],[-72.1437,-42.5772],[-72.0535,-42.4733],[-72.0781,-42.3585],[-72.1246,-42.2983],[-72.0261,-42.148],[-71.9441,-42.1671],[-71.7609,-42.1015],[-71.77,-41.9685],[-71.8445,-41.772],[-71.9113,-41.6504],[-71.8711,-41.5605],[-71.8922,-41.3934],[-71.873,-40.893],[-71.9414,-40.7891],[-71.9321,-40.6917],[-71.8838,-40.6206],[-71.8047,-40.4391],[-71.709,-40.3817],[-71.6953,-40.3352],[-71.8006,-40.2443],[-71.8183,-40.1767],[-71.7636,-40.0946],[-71.7044,-40.095],[-71.6598,-40.0208],[-71.6379,-39.8868],[-71.6721,-39.8333],[-71.7199,-39.6353],[-71.6543,-39.5943],[-71.5395,-39.6024],[-71.5258,-39.5232],[-71.42,-39.2872],[-71.4094,-39.2059],[-71.4256,-38.9857],[-71.4016,-38.935],[-71.2858,-38.8454],[-71.0871,-38.7575],[-70.9516,-38.7385],[-70.8969,-38.681],[-70.8477,-38.5416],[-70.968,-38.4459],[-71.0005,-38.3148],[-71.0282,-38.0412],[-71.1676,-37.7623],[-71.1867,-37.6311],[-71.1348,-37.4452],[-71.2004,-37.3003],[-71.1184,-37.1143],[-71.1594,-36.9202],[-71.1922,-36.8436],[-71.1594,-36.7616],[-71.0664,-36.6441],[-71.0555,-36.5237],[-70.9779,-36.4873],[-70.9051,-36.4199],[-70.7493,-36.3926],[-70.7219,-36.2832],[-70.6219,-36.2119],[-70.5634,-36.1464],[-70.4567,-36.1327],[-70.4048,-36.0617],[-70.4157,-35.8785],[-70.3802,-35.7718],[-70.4198,-35.6091],[-70.4157,-35.523],[-70.4567,-35.4519],[-70.4704,-35.3262],[-70.5323,-35.3079],[-70.5552,-35.2468],[-70.3932,-35.1468],[-70.3381,-34.9217],[-70.2868,-34.7745],[-70.2899,-34.7329],[-70.2107,-34.5812],[-70.1015,-34.4321],[-70.052,-34.3008],[-69.8798,-34.2544],[-69.8524,-34.2243],[-69.8943,-33.7313],[-69.8826,-33.6009],[-69.8388,-33.4697],[-69.7978,-33.3986],[-69.8196,-33.2838],[-69.8962,-33.2509],[-70.0198,-33.2715],[-70.0849,-33.2017],[-70.104,-33.1279],[-70.0931,-33.0268],[-70.0421,-32.9637],[-70.022,-32.8846],[-70.1162,-32.8075],[-70.1769,-32.6261],[-70.1696,-32.4717],[-70.2298,-32.4307],[-70.2578,-32.3099],[-70.32,-32.2667],[-70.3638,-32.0835],[-70.2909,-32.0311],[-70.2544,-31.9577],[-70.3309,-31.8811],[-70.3938,-31.8838],[-70.4501,-31.8419],[-70.5256,-31.6664],[-70.5852,-31.5694],[-70.5547,-31.3174],[-70.5196,-31.1484],[-70.4731,-31.1128],[-70.3884,-31.121],[-70.3091,-31.0226],[-70.3481,-30.9024],[-70.2694,-30.6772],[-70.1614,-30.4402],[-70.102,-30.3883],[-69.9564,-30.3582],[-69.888,-30.2133],[-69.8443,-30.175],[-69.8634,-30.1203],[-69.96,-30.0784],[-69.9241,-29.874],[-69.9276,-29.7692],[-69.9826,-29.5454],[-70.0268,-29.324],[-69.9956,-29.25],[-69.9003,-29.1489],[-69.8279,-29.1032],[-69.7432,-28.7839],[-69.7349,-28.6411],[-69.6879,-28.562],[-69.6569,-28.4136],[-69.5271,-28.2857],[-69.4889,-28.2009],[-69.4369,-28.1927],[-69.2512,-27.9736],[-69.1744,-27.9247],[-69.1185,-27.7436],[-68.9994,-27.449],[-68.942,-27.4052],[-68.8463,-27.1537],[-68.7096,-27.1045],[-68.6522,-27.1484],[-68.5921,-27.14],[-68.5374,-27.0853],[-68.346,-27.0279],[-68.3186,-26.9732],[-68.3186,-26.8775],[-68.4851,-26.6703],[-68.5812,-26.5183],[-68.5922,-26.4181],[-68.5298,-26.277],[-68.4145,-26.1538],[-68.4268,-26.0654],[-68.5109,-25.741],[-68.6003,-25.4857],[-68.5409,-25.2368],[-68.4964,-25.163],[-68.4307,-25.1493],[-68.3842,-25.0919],[-68.428,-25.0509],[-68.4663,-24.9251],[-68.5271,-24.8993],[-68.562,-24.8377],[-68.562,-24.7474],[-68.5073,-24.6298],[-68.4471,-24.597],[-68.4225,-24.5451],[-68.2995,-24.4603],[-68.2503,-24.3919],[-67.8862,-24.2434],[-67.3562,-24.0338],[-67.2191,-23.634],[-67.0088,-23.0013],[-67.1949,-22.8217]]}},
{"type":"Feature","properties":{"kind":"control","min_zoom":0},"geometry":{"type":"LineString","coordinates":[[75.3193,34.5824],[75.1875,34.639],[74.9519,34.6459],[74.5941,34.7158],[74.3004,34.7654],[73.9612,34.6535],[73.8121,34.4223],[73.8099,34.3253],[73.9246,34.2878],[73.9794,34.1913],[73.9039,34.108],[73.9499,34.0188],[74.2465,33.9902],[74.2156,33.8866],[74.0784,33.8387],[74.001,33.7882],[73.9765,33.7213],[74.004,33.6324],[74.1313,33.5451],[74.15,33.507],[74.1178,33.3841],[73.9942,33.2422],[74.0038,33.1894],[74.1263,33.0754],[74.3036,32.9918],[74.33,32.8608],[74.3055,32.8104]]}},
{"type":"Feature","properties":{"kind":"international","min_zoom":0},"geometry":{"type":"LineString","coordinates":[[23.6053,51.5179],[23.5396,51.6189],[23.5448,51.7102],[23.6257,51.8093],[23.6074,51.8798],[23.6511,51.973],[23.6524,52.0404],[23.598,52.1031],[23.4584,52.1695],[23.197,52.2569],[23.2041,52.3379],[23.4109,52.5162],[23.4796,52.5516],[23.8447,52.6642],[23.9013,52.7036],[23.9155,52.7702],[23.8871,53.0276],[23.7892,53.271],[23.5989,53.5992],[23.4846,53.9398]]}},
{"type":"Feature","properties":{"kind":"international","min_zoom":0},"geometry":{"type":"LineString","coordinates":[[34.0781,9.4607],[34.0793,9.5135],[34.1203,9.7297],[34.1852,9.9186],[34.2915,10.1248],[34.3148,10.2516],[34.2757,10.5281],[34.344,10.6586],[34.4314,10.7878],[34.5718,10.8802],[34.7712,10.7462],[34.8162,10.7592],[34.9314,10.8648],[34.9249,10.9621],[34.9692,11.1618],[34.9607,11.2768],[35.0079,11.4199],[35.0596,11.621],[35.0827,11.7483],[35.1124,11.8166],[35.2525,11.957],[35.3728,12.1556],[35.4496,12.3006],[35.5961,12.5373],[35.6702,12.6238],[35.7306,12.661],[35.8206,12.6849],[36.1075,12.7265],[36.1353,12.8053],[36.1371,12.9111],[36.1601,13.0933],[36.2122,13.2711],[36.2735,13.4057],[36.3463,13.5263],[36.3907,13.6261],[36.4471,13.842],[36.444,13.9884],[36.5243,14.2569]]}},
{"type":"Feature","properties":{"kind":"international","min_zoom":0},"geometry":{"type":"LineString","coordinates":[[2.3892,11.8971],[2.2872,11.6913],[2.2309,11.6292],[1.9804,11.4184],[1.8576,11.4433],[1.6,11.4006],[1.5614,11.4491],[1.4267,11.4471],[1.3997,11.4287],[1.3174,11.2953],[1.2347,11.261],[1.1458,11.2519],[1.1356,11.1744],[1.0975,11.1564],[1.0623,11.0582],[0.985,11.079],[0.958,11.0278],[0.9005,10.9933]]}},
{"type":"Feature","properties":{"kind":"international","min_zoom":0},"geometry":{"type":"LineString","coordinates":[[31.9483,-25.9576],[31.8715,-25.9816],[31.6405,-25.8673],[31.4151,-25.7465],[31.3352,-25.7556],[31.2073,-25.8433],[31.0881,-25.9807],[31.0333,-26.0977],[30.8034,-26.4134],[30.7891,-26.4554],[30.7943,-26.7643],[30.8833,-26.7924],[30.9381,-26.9158],[31.0634,-27.1123],[31.274,-27.2384],[31.4695,-27.2955],[31.7425,-27.31],[31.9584,-27.3059],[31.946,-27.1736],[31.9672,-26.9607],[31.9947,-26.8175],[32.1129,-26.8395]]}},
{"type":"Feature","properties":{"kind":"international","min_zoom":0},"geometry":{"type":"LineString","coordinates":[[32.1129,-26.8395],[32.106,-26.52],[32.0483,-26.3472],[32.0414,-26.2813],[32.0689,-26.1101],[32.0605,-26.0183],[31.9483,-25.9576]]}},
{"type":"Feature","properties":{"kind":"indefinite","min_zoom":0},"geometry":{"type":"LineString","coordinates":[[76.7669,35.6617],[76.5634,35.773],[76.5513,35.8871],[76.3858,35.8371],[76.2517,35.8109],[76.1478,35.829],[76.1033,35.9492],[76.0708,35.983],[75.9451,36.0176],[75.9049,36.0885],[75.9686,36.1689],[75.9744,36.3824]]}},
{"type":"Feature","properties":{"kind":"international","min_zoom":0},"geometry":{"type":"LineString","coordinates":[[27.3325,5.1864],[27.4033,5.1092],[27.491,4.9676],[27.6642,4.846],[27.7193,4.7783],[27.7881,4.6447],[27.8416,4.5978],[27.9807,4.5321],[28.0786,4.4248],[28.1921,4.3502],[28.4275,4.3242],[28.5248,4.3729],[28.7271,4.505],[28.9394,4.4871],[29.0574,4.4459],[29.1514,4.3882],[29.2249,4.3919],[29.3849,4.4984],[29.4697,4.6118],[29.5521,4.636],[29.6769,4.5869],[29.7799,4.481],[29.8702,4.3271],[30.0214,4.1777],[30.1949,3.9819],[30.4207,3.8839],[30.5083,3.8357],[30.5369,3.7872],[30.5594,3.6528],[30.5867,3.6242],[30.6999,3.6441],[30.7572,3.6242],[30.8386,3.4907]]}},
{"type":"Feature","properties":{"kind":"international","min_zoom":0},"geometry":{"type":"LineString","coordinates":[[22.8601,10.9197],[22.9644,10.7518],[23.2559,10.4578],[23.3124,10.3879],[23.4566,10.1743],[23.5451,10.0301],[23.6463,9.8229],[23.6562,9.7104],[23.6428,9.6139],[23.6227,9.3406],[23.5961,9.2619],[23.4683,9.1148],[23.4628,9.0485],[23.4891,8.9933],[23.5519,8.9432],[23.5373,8.8158],[23.5832,8.7658],[23.6793,8.7325],[23.9219,8.7097],[24.1474,8.6656]]}},
{"type":"Feature","properties":{"kind":"international","min_zoom":0},"geometry":{"type":"LineString","coordinates":[[46.1144,38.8778],[46.1701,38.869],[46.3177,38.9127],[46.4906,38.9067]]}},
{"type":"Feature","properties":{"kind":"international","min_zoom":0},"geometry":{"type":"MultiLineString","coordinates":[[[44.7833,39.6847],[44.8171,39.6504],[45.0002,39.4235],[45.0716,39.3629],[45.1413,39.2543],[45.2559,39.1947],[45.3892,39.0959],[45.4796,39.0063],[45.575,38.9728],[45.9219,38.9079],[46.1144,38.8778]],[[46.4906,38.9067],[46.5548,38.9044],[46.8526,39.1484],[46.9889,39.1802],[47.1884,39.341],[47.4762,39.4984],[47.5818,39.5434],[47.7729,39.6486],[47.8923,39.6851],[47.9959,39.6839],[48.2817,39.4483],[48.3221,39.3991],[48.2572,39.355],[48.136,39.3124],[48.1044,39.2411],[48.1255,39.1716],[48.2741,39.0991],[48.2921,39.0189],[48.242,38.9789],[48.0501,38.935],[47.9927,38.8843],[48.0233,38.8191],[48.2047,38.7241],[48.3056,38.6135],[48.4174,38.5863],[48.5927,38.4111],[48.6355,38.3987],[48.8687,38.4355]]]}},
{"type":"Feature","properties":{"kind":"international","min_zoom":0},"geometry":{"type":"LineString","coordinates":[[81.0102,30.1645],[80.9077,30.1719],[80.8199,30.1194],[80.6841,29.9943],[80.5491,29.8998],[80.4018,29.7303],[80.3169,29.5721],[80.2549,29.4233],[80.256,29.318],[80.233,29.1946],[80.1305,29.1004],[80.0846,28.9942],[80.0516,28.8703],[80.0707,28.8302],[80.2266,28.7234],[80.4186,28.612],[80.4792,28.6049],[80.5179,28.6652],[80.587,28.6496],[80.7508,28.5397],[81.1689,28.335],[81.239,28.2409],[81.3108,28.1764],[81.486,28.0622],[81.8526,27.8671],[81.9876,27.9137],[82.1119,27.865],[82.2877,27.7565],[82.4514,27.6718],[82.6299,27.6871],[82.6774,27.6735],[82.7334,27.519],[82.9328,27.4677],[83.064,27.4446],[83.2897,27.371],[83.4471,27.4654],[83.5516,27.4564],[83.8288,27.3778],[83.8972,27.4351],[84.0248,27.4617],[84.0911,27.4913],[84.2298,27.4278],[84.4808,27.3482],[84.6102,27.2987],[84.6548,27.2037],[84.6538,27.0917],[84.6854,27.041],[84.9372,26.9269],[85.0201,26.8785],[85.1515,26.8466],[85.1918,26.7665],[85.293,26.741],[85.5685,26.8398],[85.6484,26.829],[85.6999,26.7816],[85.7373,26.6397],[85.8557,26.6002],[86.0073,26.6494],[86.1294,26.6117],[86.3661,26.5744],[86.7014,26.4351],[86.7625,26.4419],[87.0164,26.5554],[87.0895,26.4332],[87.1668,26.3943],[87.2874,26.3603],[87.4136,26.423],[87.6333,26.3991],[87.7488,26.4293],[87.8492,26.4369],[87.9951,26.3824],[88.0549,26.43],[88.1616,26.7248],[88.1572,26.8073],[88.111,26.9285],[87.9932,27.0861],[87.9844,27.134],[88.0241,27.4089],[88.0679,27.5674],[88.147,27.7492],[88.1503,27.8433],[88.1098,27.8706]]}},
{"type":"Feature","properties":{"kind":"international","min_zoom":0},"geometry":{"type":"LineString","coordinates":[[75.9744,36.3824],[75.933,36.5216],[75.8403,36.6497],[75.6672,36.742],[75.5737,36.7593],[75.4602,36.725],[75.4242,36.7382],[75.3769,36.8837],[75.3466,36.9135],[75.1452,36.9732],[75.054,36.9871],[74.8893,36.9524],[74.6922,37.0357],[74.5414,37.0222]]}}
]}
