{"type":"FeatureCollection","features":[
{"type":"Feature","properties":{"name":"Kama","rank":6,"min_zoom":5},"geometry":{"type":"LineString","coordinates":[[51.9371,55.7011],[51.7476,55.6937],[51.6628,55.6082],[51.5134,55.5831],[51.4858,55.4964],[51.3691,55.468],[51.2131,55.5027],[51.0793,55.4676],[50.8345,55.4563],[50.6884,55.4201],[50.078,55.3811],[49.5322,55.2606],[49.2481,55.113]]}},
{"type":"Feature","properties":{"name":"Kama","rank":6,"min_zoom":5},"geometry":{"type":"LineString","coordinates":[[53.6938,58.2063],[53.6259,58.3571],[53.429,58.4349],[53.4918,58.5867],[53.2472,58.8252],[53.2012,58.9304],[53.2187,59.0995],[53.0032,59.2092],[52.8146,59.4938],[52.6147,59.6077],[52.6086,59.6798],[52.7671,59.7237],[52.8658,59.7984],[52.975,59.9562],[53.4509,60.0739],[53.8253,60.2099],[53.9863,60.3227],[54.2665,60.3613],[54.5205,60.239],[54.8492,60.2452],[55.1462,60.2032],[55.5712,60.3108],[55.7154,60.4854],[55.8727,60.5001],[56.1096,60.4238],[56.1646,60.3339],[56.1682,60.1549],[56.2769,60.1405],[56.311,59.9453],[56.5496,59.8115],[56.6835,59.5621],[56.6783,59.3888],[56.5753,59.3328],[56.2401,59.2496],[56.1793,59.0982],[56.2678,58.8095],[56.0888,58.6549],[56.1769,58.5545],[56.3928,58.4427],[56.3085,58.0585],[56.0659,58.0302],[55.8909,57.9493],[55.7256,58.0755],[55.4749,57.8958],[55.2466,57.8741],[55.2123,57.8325],[55.3467,57.7633],[55.4493,57.5899],[55.5437,57.5316],[55.4556,57.3304],[55.0426,57.3054],[54.9785,57.1144],[54.7815,57.0554],[54.5394,57.0552],[54.167,56.9419],[54.0884,56.7712],[53.9495,56.7398],[53.9102,56.8122],[53.7459,56.8054],[53.8001,56.5281],[53.8658,56.4007],[54.0346,56.3431],[54.1566,56.2401],[54.0468,56.0581],[53.9488,56.0223],[53.7737,56.0512],[53.5649,55.9696],[53.4993,55.8929],[53.2857,55.852],[53.0635,55.8698],[52.9166,55.9258],[52.7085,55.9652],[52.5295,55.8628],[52.3315,55.8714],[52.3518,55.7293],[52.2766,55.6957],[52.0941,55.6949],[52.0232,55.7221],[51.9357,55.7011]]}},
{"type":"Feature","properties":{"name":"Abay","rank":3,"min_zoom":3},"geometry":{"type":"LineString","coordinates":[[37.113,11.855],[37.1504,11.8938],[37.2643,11.9029],[37.3204,11.8343],[37.3872,11.6323]]}},
{"type":"Feature","properties":{"name":"Al Furat","rank":3,"min_zoom":3},"geometry":{"type":"LineString","coordinates":[[38.5612,35.8626],[38.3653,35.9033],[38.2462,35.9511],[38.0785,36.0741],[38.092,36.1667],[38.188,36.2843],[38.1839,36.3425]]}},
{"type":"Feature","properties":{"name":"Alabama","rank":6,"min_zoom":5},"geometry":{"type":"MultiLineString","coordinates":[[[-86.5218,33.0321],[-86.4454,32.8113]],[[-86.2003,33.5878],[-86.33,33.4445]]]}},
{"type":"Feature","properties":{"name":"Albany","rank":6,"min_zoom":5},"geometry":{"type":"MultiLineString","coordinates":[[[-91.3123,51.0627],[-91.075,50.9985],[-90.8753,51.0136],[-90.4894,51.1156],[-90.4175,51.0928]],[[-91.5979,51.162],[-91.4177,51.0678]],[[-91.7811,51.3348],[-91.8861,51.458]],[[-91.915,51.7616],[-91.8806,51.7225],[-91.9226,51.5341],[-91.893,51.4869]],[[-91.9293,51.8923],[-91.97,51.9875]]]}},
{"type":"Feature","properties":{"name":"Albert Nile","rank":1,"min_zoom":2},"geometry":{"type":"LineString","coordinates":[[31.3667,2.1934],[31.3826,2.3059],[31.4747,2.4004]]}},
{"type":"Feature","properties":{"name":"Amur","rank":3,"min_zoom":3},"geometry":{"type":"MultiLineString","coordinates":[[[137.0699,50.4541],[137.1014,50.2981],[137.0567,50.2157],[136.8721,50.0979],[136.7712,49.9146],[136.8105,49.7593]],[[140.1141,51.7636],[139.8577,51.5788]]]}},
{"type":"Feature","properties":{"name":"Angara","rank":2,"min_zoom":2.1},"geometry":{"type":"MultiLineString","coordinates":[[[106.4973,52.3831],[106.4378,52.4149],[106.2206,52.3601],[106.0687,52.2644],[105.8962,52.1167],[105.5558,51.9078],[105.3611,51.8473],[105.1413,51.8164],[104.9899,51.8186],[104.8657,51.8715]],[[103.3742,53.1073],[103.4035,53.2821],[103.3842,53.5943],[103.2789,53.7967],[103.0874,54.0323],[103.0578,54.2183],[103.19,54.3549],[103.2508,54.4815],[103.2402,54.5982],[103.1074,54.7738],[103.1327,54.8921],[103.2681,55.0503],[103.3293,55.1804],[103.3159,55.2821],[103.2153,55.4699],[103.1888,55.6925],[103.1506,55.7768],[103.0238,55.8952],[103.0086,55.9799],[102.8916,56.1273],[102.7515,56.1731],[102.5442,56.1946],[102.304,56.1676],[102.0308,56.0921],[101.8629,56.0718],[101.7774,56.1658],[101.8032,56.2908]],[[102.674,57.9431],[102.6739,57.8551],[102.6061,57.717],[102.4343,57.5512],[102.3713,57.4456],[102.338,57.1948],[102.358,57.0037]]]}},
{"type":"Feature","properties":{"name":"Atbara","rank":6,"min_zoom":5},"geometry":{"type":"LineString","coordinates":[[35.9241,14.9354],[35.9002,14.8635],[35.8954,14.6196]]}},
{"type":"Feature","properties":{"name":"Athabasca","rank":5,"min_zoom":4.7},"geometry":{"type":"MultiLineString","coordinates":[[[-111.0156,58.691],[-111.075,58.5048]],[[-111.2804,58.7885],[-111.2082,58.7199],[-111.0156,58.6911]]]}},
{"type":"Feature","properties":{"name":"Back","rank":6,"min_zoom":5},"geometry":{"type":"MultiLineString","coordinates":[[[-108.5333,64.5621],[-108.1803,64.6856]],[[-108.0895,64.7155],[-107.9789,64.7204]],[[-98.6565,65.9277],[-98.6766,66.0028],[-98.9921,66.0765],[-99.1274,66.0623],[-99.4675,65.9324],[-99.8519,65.8856],[-100.115,65.9087],[-100.3534,65.8756],[-100.8003,65.8951],[-101.3137,65.8888],[-101.7702,65.9468]],[[-97.2672,65.9742],[-96.9946,66.1515]]]}},
{"type":"Feature","properties":{"name":"Biya","rank":6,"min_zoom":5},"geometry":{"type":"LineString","coordinates":[[87.7557,51.3644],[87.6857,51.6359],[87.5948,51.7352],[87.392,51.7616]]}},
{"type":"Feature","properties":{"name":"Chattahoochee","rank":6,"min_zoom":5},"geometry":{"type":"MultiLineString","coordinates":[[[-84.9663,30.9226],[-84.8839,30.7209]],[[-85.0672,31.6354],[-85.1248,31.7768],[-85.1241,31.8805],[-85.0644,32.0505]],[[-83.8147,34.3638],[-84.0756,34.167]]]}},
{"type":"Feature","properties":{"name":"Churchill","rank":6,"min_zoom":5},"geometry":{"type":"LineString","coordinates":[[-64.6822,53.1252],[-64.7131,53.2747],[-64.6776,53.3822]]}},
{"type":"Feature","properties":{"name":"Colorado","rank":5,"min_zoom":4.7},"geometry":{"type":"MultiLineString","coordinates":[[[-114.3769,34.5397],[-114.308,34.4329],[-114.1588,34.3552],[-114.1635,34.2534]],[[-114.591,35.3528],[-114.6485,35.4759],[-114.6452,35.6305]],[[-114.7414,36.0135],[-114.7158,36.085],[-114.593,36.1476],[-114.4061,36.1483],[-114.2816,36.0603],[-114.1832,36.0303],[-114.0619,36.1752],[-114.0046,36.1951],[-113.7599,36.0066],[-113.6358,35.8309]],[[-110.3677,37.8979],[-110.3988,37.8826],[-110.4699,37.7015],[-110.6923,37.4832],[-110.7221,37.4055],[-110.9156,37.1566],[-111.3006,37.0541],[-111.4309,37.0035],[-111.4734,36.9321]],[[-105.8208,40.1846],[-105.8614,40.1647]]]}},
{"type":"Feature","properties":{"name":"Columbia","rank":3,"min_zoom":3},"geometry":{"type":"MultiLineString","coordinates":[[[-118.0722,48.6639],[-118.1745,48.5121],[-118.1985,48.4043],[-118.1682,48.2324]],[[-118.0925,49.8015],[-118.1304,49.664],[-118.0974,49.4838],[-117.9072,49.3416]],[[-117.9057,50.682],[-117.9165,50.4648],[-117.8273,50.159],[-117.8802,50.1031]],[[-117.5171,51.6592],[-117.8727,51.8702]],[[-118.5266,52.1021],[-118.3662,52.09]]]}},
{"type":"Feature","properties":{"name":"Coppermine","rank":6,"min_zoom":5},"geometry":{"type":"MultiLineString","coordinates":[[[-112.3434,64.8988],[-112.0504,64.7762],[-111.9662,64.6378]],[[-114.173,65.6389],[-114.3053,65.6403],[-114.3659,65.5443],[-114.1272,65.4648],[-114.0113,65.3782],[-113.7866,65.3357],[-113.0251,65.2521],[-112.7811,65.1986],[-112.4832,65.1861],[-112.3885,65.1378],[-112.3178,64.9602]]]}},
{"type":"Feature","properties":{"name":"Dalälven","rank":6,"min_zoom":5},"geometry":{"type":"MultiLineString","coordinates":[[[16.434,60.156],[16.3232,60.1217]],[[17.416,60.5096],[17.3889,60.461],[16.9779,60.3153],[16.721,60.1842],[16.4989,60.1633]],[[14.5515,60.9977],[14.6324,60.9221],[14.9463,60.8064],[14.9728,60.7283]],[[13.7174,61.4142],[13.6723,61.4685],[13.3475,61.5774],[13.2117,61.6635]]]}},
{"type":"Feature","properties":{"name":"Dniester","rank":6,"min_zoom":5},"geometry":{"type":"LineString","coordinates":[[30.4783,46.1012],[30.3112,46.2335],[30.2688,46.32]]}},
{"type":"Feature","properties":{"name":"Dnipro","rank":4,"min_zoom":4},"geometry":{"type":"MultiLineString","coordinates":[[[33.5399,46.8313],[33.6065,46.8688],[33.7387,47.0496],[33.8587,47.1492],[33.9758,47.3072],[33.9975,47.4112],[34.1549,47.4896],[34.4479,47.5422],[34.7115,47.5525],[34.9458,47.5207],[35.088,47.5275],[35.1488,47.6575],[35.1057,47.8416]],[[33.194,49.0939],[32.8845,49.2249],[32.6028,49.3022],[31.8865,49.5547]],[[31.4399,50.0001],[31.4865,49.8714],[31.4674,49.7542]],[[30.5076,51.2173],[30.4777,50.9043],[30.4795,50.7492],[30.5147,50.5966]]]}},
{"type":"Feature","properties":{"name":"Don","rank":6,"min_zoom":5},"geometry":{"type":"LineString","coordinates":[[42.1097,47.6018],[42.3034,47.6607],[42.663,47.7943],[42.8325,47.8376],[42.8814,47.8847],[43.0424,48.1861],[43.2368,48.3894],[43.4586,48.5394],[43.5275,48.6143],[43.4744,48.7692],[43.6064,48.892],[43.8959,48.9676],[43.9846,49.1358],[43.9048,49.2042],[43.7491,49.2072],[43.6024,49.4857],[43.5491,49.5066]]}},
{"type":"Feature","properties":{"name":"El Bahr el Azraq","rank":3,"min_zoom":3},"geometry":{"type":"LineString","coordinates":[[34.3796,11.7831],[34.4092,11.6389],[34.5087,11.5172],[34.7775,11.2964]]}},
{"type":"Feature","properties":{"name":"Ertis","rank":2,"min_zoom":2.1},"geometry":{"type":"LineString","coordinates":[[83.3637,49.6438],[83.6032,49.5199],[83.8256,49.4545],[83.9595,49.3794],[84.2041,49.162],[84.0124,49.07],[83.714,48.9841],[83.5327,48.8887],[83.4684,48.7838],[83.4504,48.6685],[83.4789,48.5425],[83.5868,48.4044],[83.5155,48.2218],[83.6425,48.1368],[83.8873,48.0176],[84.0725,47.9023],[84.2846,47.7342],[84.3568,47.7321]]}},
{"type":"Feature","properties":{"name":"Firat","rank":3,"min_zoom":3},"geometry":{"type":"LineString","coordinates":[[38.7678,38.8128],[38.8126,38.875],[38.7396,39.0784]]}},
{"type":"Feature","properties":{"name":"Gan","rank":6,"min_zoom":5},"geometry":{"type":"LineString","coordinates":[[115.9819,29.2792],[116.0344,29.3192],[116.0883,29.4372],[116.1976,29.7514]]}},
{"type":"Feature","properties":{"name":"Grande","rank":5,"min_zoom":4.7},"geometry":{"type":"MultiLineString","coordinates":[[[-44.3871,-21.4647],[-44.6162,-21.318]],[[-45.2046,-21.0926],[-45.4432,-21.011],[-45.577,-20.9175],[-45.7371,-20.754],[-45.8468,-20.6862],[-45.906,-20.714],[-46.0784,-20.6705],[-46.3259,-20.6675]],[[-47.0733,-20.2843],[-46.741,-20.4797],[-46.6195,-20.5644],[-46.5871,-20.6228]],[[-50.9941,-20.1017],[-50.5821,-19.8201]],[[-49.3849,-19.98],[-50.3647,-19.8583]]]}},
{"type":"Feature","properties":{"name":"Han","rank":6,"min_zoom":5},"geometry":{"type":"LineString","coordinates":[[111.4777,32.5678],[111.0001,32.7407]]}},
{"type":"Feature","properties":{"name":"Huang","rank":3,"min_zoom":3},"geometry":{"type":"MultiLineString","coordinates":[[[97.2883,34.8354],[97.1937,34.9131],[97.072,34.9306]],[[97.7629,35.0881],[97.7137,34.9619],[97.6594,34.9089],[97.5459,34.876]]]}},
{"type":"Feature","properties":{"name":"Indus","rank":3,"min_zoom":3},"geometry":{"type":"LineString","coordinates":[[72.7816,34.6225],[72.8476,34.258],[72.8016,34.1477],[72.707,34.0856]]}},
{"type":"Feature","properties":{"name":"Jordan","rank":6,"min_zoom":5},"geometry":{"type":"MultiLineString","coordinates":[[[35.4229,31.3254],[35.4655,31.5624],[35.559,31.7655]],[[35.5989,32.8997],[35.5769,32.7203]]]}},
{"type":"Feature","properties":{"name":"Kemijoki","rank":6,"min_zoom":5},"geometry":{"type":"LineString","coordinates":[[27.3848,66.7648],[27.5186,66.668],[27.3632,66.5498],[27.3595,66.467]]}},
{"type":"Feature","properties":{"name":"Klamath","rank":5,"min_zoom":4.7},"geometry":{"type":"LineString","coordinates":[[-121.9212,42.4751],[-121.9157,42.4189],[-121.8094,42.2512]]}},
{"type":"Feature","properties":{"name":"Krishna","rank":6,"min_zoom":5},"geometry":{"type":"LineString","coordinates":[[78.9972,16.2303],[79.1569,16.235],[79.2109,16.3007],[79.2385,16.5148],[79.3133,16.5794]]}},
{"type":"Feature","properties":{"name":"La Grande Rivière","rank":4,"min_zoom":4},"geometry":{"type":"MultiLineString","coordinates":[[[-70.8432,53.427],[-70.9484,53.4393],[-71.0405,53.555],[-71.1168,53.5908]],[[-72.0338,53.5979],[-71.8714,53.5836],[-71.8165,53.6459]],[[-74.4333,53.6845],[-74.6971,53.6315],[-75.6169,53.6741],[-75.8021,53.6642],[-75.8947,53.7105],[-76.6642,53.6684],[-77.0398,53.6772],[-77.3111,53.7318],[-77.4203,53.7979]]]}},
{"type":"Feature","properties":{"name":"Mackenzie","rank":2,"min_zoom":2.1},"geometry":{"type":"LineString","coordinates":[[-117.6681,61.3078],[-117.2212,61.1504],[-116.8265,61.0824],[-116.3349,61.0515],[-115.996,61.0484],[-115.8097,61.0732],[-115.5019,61.1568],[-115.0724,61.2992],[-114.5692,61.3393],[-113.7036,61.2461]]}},
{"type":"Feature","properties":{"name":"Madison","rank":1,"min_zoom":2},"geometry":{"type":"LineString","coordinates":[[-111.0997,44.7565],[-111.189,44.7712],[-111.3091,44.8684]]}},
{"type":"Feature","properties":{"name":"Mahäna Nadï","rank":6,"min_zoom":5},"geometry":{"type":"LineString","coordinates":[[83.8577,21.5201],[83.7132,21.6731],[83.636,21.7282],[83.5285,21.7167],[83.4252,21.6579],[83.2997,21.6952]]}},
{"type":"Feature","properties":{"name":"Mississippi","rank":5,"min_zoom":4.7},"geometry":{"type":"MultiLineString","coordinates":[[[-94.3265,47.4056],[-94.2017,47.4573],[-94.0941,47.4328]],[[-94.5068,47.4564],[-94.6371,47.44]]]}},
{"type":"Feature","properties":{"name":"Missouri","rank":1,"min_zoom":2},"geometry":{"type":"MultiLineString","coordinates":[[[-99.3649,43.9909],[-99.3276,43.894],[-99.4419,43.6745],[-99.3466,43.5995],[-99.3127,43.5149],[-99.1961,43.4148],[-98.9967,43.2994],[-98.7976,43.1462],[-98.5597,43.0599]],[[-111.5157,46.3625],[-111.54,46.4691],[-111.6973,46.6616]],[[-100.7772,46.7133],[-100.6255,46.6084],[-100.5685,46.5133],[-100.5709,46.2875],[-100.6137,46.1962],[-100.5566,46.0412],[-100.3995,45.8223],[-100.3686,45.6738],[-100.4331,45.6126],[-100.4331,45.5348],[-100.3419,45.4485],[-100.2972,45.3159],[-100.3208,45.0531],[-100.4025,44.9929],[-100.4098,44.9181],[-100.5046,44.8005],[-100.6966,44.7762],[-100.6333,44.62],[-100.5364,44.4763],[-100.3937,44.4344]],[[-101.4001,47.5058],[-101.4279,47.5517],[-101.7721,47.5333],[-101.9763,47.5472],[-102.1614,47.5977],[-102.2688,47.6687],[-102.3454,47.7994],[-102.491,47.7942],[-102.6199,47.881],[-102.5797,47.965],[-102.6145,48.038],[-102.7242,48.0997],[-102.8728,48.1374],[-103.1794,48.1362],[-103.3085,48.0592],[-103.414,48.0356],[-103.5552,48.1137],[-103.6313,48.115],[-103.7723,48.0273]],[[-106.4056,48.0203],[-106.5999,47.8219],[-106.8793,47.707],[-107.0405,47.6939],[-107.3846,47.6939],[-107.4732,47.6448],[-107.5755,47.6525],[-107.6887,47.6083],[-107.8128,47.5121],[-107.9402,47.5812],[-108.1963,47.6016]]]}},
{"type":"Feature","properties":{"name":"Mouhoun","rank":5,"min_zoom":4.7},"geometry":{"type":"LineString","coordinates":[[-1.7128,8.6306],[-1.5703,8.6818],[-1.4369,8.7561],[-1.376,8.7618],[-1.1766,8.6724],[-0.9762,8.6616]]}},
{"type":"Feature","properties":{"name":"Murray","rank":4,"min_zoom":4},"geometry":{"type":"MultiLineString","coordinates":[[[147.0431,-36.108],[147.1,-36.0503],[147.1571,-36.0355],[147.2718,-36.0491]],[[146.0281,-36.0145],[146.2159,-36.0559]]]}},
{"type":"Feature","properties":{"name":"Nakanbé","rank":6,"min_zoom":5},"geometry":{"type":"LineString","coordinates":[[-0.9742,8.6612],[-1.1111,8.8557],[-1.1555,8.9695],[-1.1517,9.1166]]}},
{"type":"Feature","properties":{"name":"Naryn","rank":5,"min_zoom":4.7},"geometry":{"type":"LineString","coordinates":[[73.3003,41.7762],[72.9324,41.7895],[72.7708,41.7624],[72.6537,41.6674]]}},
{"type":"Feature","properties":{"name":"Nelson","rank":6,"min_zoom":5},"geometry":{"type":"MultiLineString","coordinates":[[[-96.5976,50.9792],[-96.5953,51.3085],[-96.6307,51.4824],[-96.7032,51.6108],[-96.9519,51.86],[-97.3769,52.2302],[-97.6428,52.5322],[-97.7498,52.7659],[-97.8308,53.0417],[-97.9136,53.5186],[-97.8692,53.7141],[-98.0153,53.8862],[-97.9868,53.9884],[-97.7983,54.0257],[-97.7312,54.0817]],[[-97.9015,54.7046],[-97.7908,54.5708]],[[-97.9455,54.9482],[-97.2541,55.2356]],[[-96.5527,56.0628],[-96.5045,56.1074],[-96.2849,56.1411],[-96.0583,56.2546],[-95.8409,56.2912]],[[-95.4311,56.3392],[-94.7794,56.3938]]]}},
{"type":"Feature","properties":{"name":"Neva","rank":5,"min_zoom":4.7},"geometry":{"type":"LineString","coordinates":[[31.0428,59.951],[31.1809,59.983],[31.2737,60.0539],[31.414,60.2348]]}},
{"type":"Feature","properties":{"name":"Niger","rank":3,"min_zoom":3},"geometry":{"type":"MultiLineString","coordinates":[[[4.6257,9.8645],[4.5294,10.2385],[4.5371,10.4247],[4.6566,10.6093]],[[-3.9795,15.2812],[-4.1663,15.3651],[-4.2474,15.4215],[-4.3039,15.507]]]}},
{"type":"Feature","properties":{"name":"Nile","rank":1,"min_zoom":2},"geometry":{"type":"LineString","coordinates":[[32.8795,23.9877],[32.9087,23.8085],[32.8718,23.5914],[32.9141,23.3319],[32.8551,23.2077],[32.6799,23.0094],[32.5869,22.8757],[32.5761,22.8064],[32.4183,22.6715],[32.3263,22.6529],[32.2319,22.7181],[32.1371,22.7335],[32.0417,22.6991],[31.9607,22.6299],[31.8941,22.5258],[31.5444,22.2515],[31.4,22.0931],[31.3623,21.9798],[31.2802,21.8446],[31.0906,21.6092]]}},
{"type":"Feature","properties":{"name":"Ob","rank":4,"min_zoom":4},"geometry":{"type":"LineString","coordinates":[[83.0254,54.8452],[82.3124,54.4909],[82.004,54.3584],[81.7405,54.2689],[81.5221,54.1041],[81.3272,53.9911],[81.3341,53.8856]]}},
{"type":"Feature","properties":{"name":"Orange","rank":6,"min_zoom":5},"geometry":{"type":"MultiLineString","coordinates":[[[25.9718,-30.5454],[25.9023,-30.5475],[25.7637,-30.6476],[25.6704,-30.6635],[25.5061,-30.6121]],[[24.7308,-29.9792],[24.9778,-30.2631]]]}},
{"type":"Feature","properties":{"name":"Ord","rank":6,"min_zoom":5},"geometry":{"type":"LineString","coordinates":[[128.7368,-16.1334],[128.708,-16.4343],[128.7141,-16.5746],[128.7557,-16.6989],[128.7341,-16.7885]]}},
{"type":"Feature","properties":{"name":"Ottawa","rank":6,"min_zoom":5},"geometry":{"type":"LineString","coordinates":[[-79.1655,46.8272],[-79.3649,47.022],[-79.4349,47.1338],[-79.4419,47.2277],[-79.5467,47.4074],[-79.5593,47.483],[-79.4958,47.5769]]}},
{"type":"Feature","properties":{"name":"Panama Canal","rank":6,"min_zoom":5},"geometry":{"type":"LineString","coordinates":[[-79.6905,9.1036],[-79.8145,9.1527],[-79.9233,9.2674]]}},
{"type":"Feature","properties":{"name":"Paranaíba","rank":4,"min_zoom":4},"geometry":{"type":"MultiLineString","coordinates":[[[-50.4897,-19.0204],[-50.4991,-18.9531],[-50.3683,-18.7686],[-50.247,-18.6902],[-49.9601,-18.6164],[-49.7888,-18.6145]],[[-48.227,-18.3403],[-48.9525,-18.3264],[-49.1084,-18.3884]],[[-47.4465,-18.1707],[-47.7861,-18.3795],[-47.9288,-18.4454],[-48.0173,-18.4343]]]}},
{"type":"Feature","properties":{"name":"Paraná","rank":4,"min_zoom":4},"geometry":{"type":"MultiLineString","coordinates":[[[-54.6106,-25.4327],[-54.4732,-25.2202],[-54.4363,-25.1213],[-54.4541,-25.0652],[-54.413,-24.8675],[-54.3129,-24.5282],[-54.281,-24.3061],[-54.3183,-24.1281],[-54.2669,-24.0659]],[[-51.9364,-21.4228],[-52.0476,-21.511],[-52.065,-21.6228],[-52.1226,-21.7183],[-52.2456,-21.8403],[-52.4026,-22.0691],[-52.566,-22.2074],[-52.9608,-22.4548]],[[-50.9975,-19.6676],[-50.9941,-20.1017],[-51.0639,-20.223],[-51.1646,-20.308],[-51.3971,-20.4419]]]}},
{"type":"Feature","properties":{"name":"Peace","rank":2,"min_zoom":2.1},"geometry":{"type":"MultiLineString","coordinates":[[[-122.2217,56.0212],[-122.4822,56.1121],[-122.6907,56.1235],[-122.9341,56.0858],[-123.1516,56.0053],[-123.3226,55.9997],[-123.6006,56.0295],[-123.9124,56.0106],[-124.0831,56.0848],[-124.3093,56.2556],[-124.4541,56.3885],[-124.6207,56.5875],[-124.8356,56.7569]],[[-113.8234,58.7102],[-113.7135,58.6693]]]}},
{"type":"Feature","properties":{"name":"Pit","rank":6,"min_zoom":5},"geometry":{"type":"LineString","coordinates":[[-122.0947,40.7835],[-122.3692,40.7634]]}},
{"type":"Feature","properties":{"name":"R. des Outaouais","rank":6,"min_zoom":5},"geometry":{"type":"MultiLineString","coordinates":[[[-77.4568,47.5561],[-77.5445,47.6707]],[[-77.322,47.5735],[-77.0372,47.4782],[-76.9348,47.4876]],[[-78.7241,47.6837],[-78.8129,47.6564]],[[-77.5273,47.7443],[-77.5674,47.8298]]]}},
{"type":"Feature","properties":{"name":"Rainy","rank":6,"min_zoom":5},"geometry":{"type":"MultiLineString","coordinates":[[[-93.3816,48.6162],[-92.779,48.678]],[[-91.3191,48.8282],[-91.44,48.9027],[-91.5176,48.9119],[-91.6295,48.8652]]]}},
{"type":"Feature","properties":{"name":"Rhein","rank":4,"min_zoom":4},"geometry":{"type":"MultiLineString","coordinates":[[[9.1275,47.6707],[8.8811,47.6564]],[[9.1828,47.6707],[9.5544,47.5112]]]}},
{"type":"Feature","properties":{"name":"Rhône","rank":6,"min_zoom":5},"geometry":{"type":"LineString","coordinates":[[6.1333,46.2046],[6.2347,46.3326],[6.4289,46.4305],[6.5782,46.4374],[6.8661,46.4028]]}},
{"type":"Feature","properties":{"name":"Rio Grande","rank":4,"min_zoom":4},"geometry":{"type":"MultiLineString","coordinates":[[[-99.4565,27.0566],[-99.3025,26.8847],[-99.2299,26.7619],[-99.1721,26.5641]],[[-101.039,29.4604],[-101.3035,29.6341]],[[-107.2934,32.9104],[-107.2808,33.1143]],[[-107.1814,33.1732],[-107.17,33.3557]]]}},
{"type":"Feature","properties":{"name":"Rupert","rank":6,"min_zoom":5},"geometry":{"type":"MultiLineString","coordinates":[[[-76.8195,51.4158],[-76.7298,51.3378],[-76.5535,51.364]],[[-75.2037,51.4463],[-75.0858,51.4423],[-74.8955,51.367],[-74.8181,51.4122]]]}},
{"type":"Feature","properties":{"name":"Río Grande de Santiago","rank":6,"min_zoom":5},"geometry":{"type":"MultiLineString","coordinates":[[[-102.7805,20.3099],[-102.7696,20.1984]],[[-103.7087,20.9376],[-103.5944,20.9712]],[[-105.1041,21.8222],[-105.0338,21.7787]]]}},
{"type":"Feature","properties":{"name":"Sacramento","rank":5,"min_zoom":4.7},"geometry":{"type":"LineString","coordinates":[[-122.3692,40.7634],[-122.4106,40.7214]]}},
{"type":"Feature","properties":{"name":"San Joaquin","rank":6,"min_zoom":5},"geometry":{"type":"LineString","coordinates":[[-119.6979,37.0004],[-119.6008,37.0623]]}},
{"type":"Feature","properties":{"name":"San Juan","rank":5,"min_zoom":4.7},"geometry":{"type":"LineString","coordinates":[[-84.7698,11.1175],[-84.9778,11.2075],[-85.2532,11.4525],[-85.8714,12.0978]]}},
{"type":"Feature","properties":{"name":"Saskatchewan","rank":4,"min_zoom":4},"geometry":{"type":"MultiLineString","coordinates":[[[-99.2296,53.1851],[-98.4158,53.3541],[-98.0825,53.4364],[-97.9136,53.5186]],[[-100.3225,53.5925],[-100.1632,53.5032],[-99.9764,53.2682],[-99.8523,53.2123],[-99.6931,53.2375],[-99.5427,53.2274],[-99.3303,53.1594]],[[-103.4212,53.652],[-103.6971,53.5862],[-103.8909,53.4808]],[[-102.4371,53.9816],[-102.3806,53.9664]]]}},
{"type":"Feature","properties":{"name":"Sassandra","rank":6,"min_zoom":5},"geometry":{"type":"LineString","coordinates":[[-7.0435,7.0415],[-7.0574,6.9108],[-6.9931,6.7393],[-6.9887,6.5857],[-7.0256,6.3654],[-7.0077,6.2639]]}},
{"type":"Feature","properties":{"name":"Savannah","rank":6,"min_zoom":5},"geometry":{"type":"LineString","coordinates":[[-82.5893,34.0176],[-82.3519,33.8377],[-82.2566,33.7492],[-82.2084,33.6636]]}},
{"type":"Feature","properties":{"name":"Semliki","rank":6,"min_zoom":5},"geometry":{"type":"MultiLineString","coordinates":[[[29.4522,-0.6069],[29.5972,-0.1342]],[[31.3667,2.1934],[31.1588,1.922],[30.9425,1.6828],[30.4782,1.239]]]}},
{"type":"Feature","properties":{"name":"Shire","rank":3,"min_zoom":3},"geometry":{"type":"LineString","coordinates":[[35.2573,-14.5043],[35.2778,-14.7575]]}},
{"type":"Feature","properties":{"name":"Shishhid Gol","rank":4,"min_zoom":4},"geometry":{"type":"LineString","coordinates":[[99.4267,51.3487],[99.3098,51.4104]]}},
{"type":"Feature","properties":{"name":"Snake","rank":4,"min_zoom":4},"geometry":{"type":"MultiLineString","coordinates":[[[-113.3163,42.6536],[-113.4722,42.675]],[[-112.8637,42.813],[-112.6395,43.0235]],[[-111.0479,43.2065],[-111.1859,43.3383]]]}},
{"type":"Feature","properties":{"name":"South Saskatchewan","rank":6,"min_zoom":5},"geometry":{"type":"LineString","coordinates":[[-106.8531,51.2624],[-106.6899,51.1297],[-106.9008,50.9626],[-106.986,50.8235],[-107.1593,50.7228],[-107.4205,50.6603],[-107.6648,50.6363],[-108.0057,50.658]]}},
{"type":"Feature","properties":{"name":"Suez Canal","rank":6,"min_zoom":5},"geometry":{"type":"LineString","coordinates":[[32.5609,30.1807],[32.3595,30.4243]]}},
{"type":"Feature","properties":{"name":"Sukhona","rank":4,"min_zoom":4},"geometry":{"type":"LineString","coordinates":[[39.0535,59.8684],[39.5001,59.6158],[39.6864,59.53],[39.7986,59.5252]]}},
{"type":"Feature","properties":{"name":"Sutlej","rank":6,"min_zoom":5},"geometry":{"type":"MultiLineString","coordinates":[[[81.2947,30.7917],[81.1993,30.8521]],[[76.7646,31.4086],[76.7436,31.3336],[76.6713,31.278],[76.596,31.3064],[76.4351,31.4223]]]}},
{"type":"Feature","properties":{"name":"Svir’","rank":5,"min_zoom":4.7},"geometry":{"type":"LineString","coordinates":[[31.414,60.2348],[31.5946,60.4077],[31.7983,60.5197],[32.0855,60.6286],[32.3564,60.6546],[32.6111,60.5976],[32.8211,60.4833]]}},
{"type":"Feature","properties":{"name":"Syr Darya","rank":5,"min_zoom":4.7},"geometry":{"type":"MultiLineString","coordinates":[[[70.355,40.4354],[70.3185,40.3712],[70.1865,40.3305],[69.827,40.2727]],[[68.4558,41.1068],[68.1732,41.1295],[68.0505,41.1652],[67.9908,41.2547]],[[61.7602,46.0211],[61.5624,46.1095]]]}},
{"type":"Feature","properties":{"name":"São  Francisco","rank":4,"min_zoom":4},"geometry":{"type":"MultiLineString","coordinates":[[[-45.0887,-19.0509],[-45.1762,-18.8008],[-45.2025,-18.5913],[-45.2487,-18.5006],[-45.3235,-18.4591],[-45.3361,-18.3795],[-45.2616,-18.2033]],[[-43.1499,-11.143],[-43.0574,-10.9877],[-42.9448,-10.8877],[-42.7813,-10.791],[-42.6329,-10.6376],[-42.4998,-10.4275],[-42.4387,-10.2734],[-42.4497,-10.1753],[-42.4037,-10.0904],[-42.3007,-10.0185],[-42.2089,-9.9111],[-42.1284,-9.768],[-41.9102,-9.6956],[-41.5544,-9.6939],[-41.3353,-9.6764],[-41.2529,-9.643],[-41.175,-9.5685],[-41.1016,-9.4527],[-41.0032,-9.4057],[-40.8182,-9.4383]]]}},
{"type":"Feature","properties":{"name":"Tajo","rank":5,"min_zoom":4.7},"geometry":{"type":"MultiLineString","coordinates":[[[-5.9956,39.8519],[-5.8509,39.8072],[-5.6557,39.7973],[-5.2149,39.8123]],[[-2.7336,40.5283],[-2.5768,40.7244]]]}},
{"type":"Feature","properties":{"name":"Tennessee","rank":5,"min_zoom":4.7},"geometry":{"type":"MultiLineString","coordinates":[[[-86.8985,34.5748],[-87.2418,34.7541],[-87.3996,34.8186],[-87.5724,34.8181],[-87.7005,34.7734]],[[-87.9754,35.9452],[-87.9488,36.1],[-87.9594,36.2158],[-88.0235,36.3587],[-88.0567,36.5903],[-88.1137,36.7382],[-88.2833,37.0215]]]}},
{"type":"Feature","properties":{"name":"Teslin","rank":3,"min_zoom":3},"geometry":{"type":"LineString","coordinates":[[-132.0954,59.6071],[-132.3526,59.9207],[-132.5452,60.0689],[-132.9604,60.2623],[-133.2448,60.4486]]}},
{"type":"Feature","properties":{"name":"Thelon","rank":5,"min_zoom":4.7},"geometry":{"type":"MultiLineString","coordinates":[[[-104.8336,63.0715],[-104.6973,63.1777],[-104.7057,63.2697]],[[-96.2734,64.3014],[-95.4477,64.1579],[-95.0489,64.1581],[-94.8113,64.1261],[-94.4291,64.0414],[-94.225,64.0762]],[[-101.8111,64.4113],[-101.5362,64.4932]],[[-97.1033,64.7613],[-97.163,64.7148],[-97.5106,64.7505],[-97.7732,64.7405],[-98.3822,64.6517],[-98.4326,64.5849],[-98.8643,64.4868],[-99.2931,64.5828],[-99.5706,64.5843],[-99.9488,64.6391],[-100.3996,64.5731],[-100.7951,64.6041]]]}},
{"type":"Feature","properties":{"name":"Tocantins","rank":4,"min_zoom":4},"geometry":{"type":"LineString","coordinates":[[-49.6872,-3.8348],[-49.6393,-4.2111],[-49.5463,-4.5462],[-49.3924,-4.9656],[-49.2801,-5.2179],[-49.2096,-5.3031],[-49.1151,-5.3349],[-48.9372,-5.3029]]}},
{"type":"Feature","properties":{"name":"Tugaloo","rank":6,"min_zoom":5},"geometry":{"type":"LineString","coordinates":[[-83.1659,34.5985],[-83.0528,34.5109],[-82.8477,34.4369],[-82.8186,34.3661]]}},
{"type":"Feature","properties":{"name":"Ural","rank":4,"min_zoom":4},"geometry":{"type":"LineString","coordinates":[[58.8351,52.1968],[58.7817,52.0715],[58.7728,51.8697],[58.7395,51.786],[58.6309,51.6951]]}},
{"type":"Feature","properties":{"name":"Vaal","rank":4,"min_zoom":4},"geometry":{"type":"MultiLineString","coordinates":[[[26.0908,-27.6035],[26.0596,-27.6896],[25.8652,-27.5941],[25.7709,-27.6014],[25.6223,-27.6685]],[[28.4967,-26.9908],[28.4462,-26.9729],[28.1237,-26.8666]]]}},
{"type":"Feature","properties":{"name":"Verkhniy Yenisey","rank":4,"min_zoom":4},"geometry":{"type":"LineString","coordinates":[[91.5109,53.7354],[91.4544,53.8302],[91.5505,54.0788],[91.3575,54.3105],[91.2687,54.4792],[91.0158,54.6278],[90.9386,54.7217],[90.9472,54.8319],[91.0622,55.0035],[91.351,55.087],[91.8549,55.1762],[92.1823,55.2914],[92.4084,55.5031]]}},
{"type":"Feature","properties":{"name":"Victoria Nile","rank":1,"min_zoom":2},"geometry":{"type":"MultiLineString","coordinates":[[[33.1873,0.4282],[33.2589,0.3786],[33.2316,0.2943],[33.1294,0.1588],[33.0179,-0.0519],[32.8971,-0.3376],[32.7444,-0.5454],[32.5597,-0.6755],[32.2924,-0.7893],[31.7676,-0.9357]],[[32.5447,1.5218],[32.6143,1.4545],[32.8353,1.4047],[32.8931,1.3114]],[[32.241,1.6658],[32.4754,1.5516]]]}},
{"type":"Feature","properties":{"name":"Vilyuy","rank":6,"min_zoom":5},"geometry":{"type":"LineString","coordinates":[[109.5868,63.4555],[109.8136,63.426],[110.1425,63.4803],[110.3451,63.4226],[110.4485,63.3126],[110.4205,63.2266],[110.6438,63.1283],[110.5765,63.0726],[110.665,63.008],[110.909,62.9346],[111.0565,62.9353],[111.2338,63.0568],[111.4358,63.0756],[111.5765,63.1261],[111.7407,63.239],[111.8863,63.176],[111.9069,63.1117],[111.7715,63.0193],[111.8848,62.8958],[112.1073,62.8567],[112.3753,63.0484],[112.48,63.0205]]}},
{"type":"Feature","properties":{"name":"Vistula","rank":5,"min_zoom":4.7},"geometry":{"type":"LineString","coordinates":[[18.8105,49.925],[18.9369,49.9319]]}},
{"type":"Feature","properties":{"name":"Volga","rank":3,"min_zoom":3},"geometry":{"type":"MultiLineString","coordinates":[[[45.6636,50.2223],[45.8312,50.3573],[45.8358,50.4571],[45.7334,50.5668],[45.6752,50.6965],[45.8855,50.7825],[46.0299,50.8665],[46.0226,50.9997],[45.8795,51.1236],[45.8367,51.2596],[45.9793,51.4647],[46.1314,51.5472],[46.2938,51.7075],[46.4772,51.7732],[46.7746,51.7479]],[[49.0589,55.4827],[49.2851,55.2344],[49.2481,55.113],[49.0235,55.0358],[48.9002,54.9099],[48.8783,54.7356],[48.782,54.617],[48.5071,54.4891],[48.4533,54.3444],[48.4584,54.257],[48.5851,54.1349],[48.8334,53.9783],[48.9645,53.8269],[49.0062,53.5794],[49.1044,53.4827],[49.2094,53.4606],[49.567,53.4674],[49.9048,53.4567]],[[43.4324,56.675],[43.3439,56.7334],[43.0824,57.1558],[43.1778,57.329],[42.8743,57.4096],[42.5758,57.4155]],[[37.1511,56.7534],[36.8818,56.7829],[36.7361,56.7499],[36.6242,56.6643],[36.5198,56.6427],[36.3746,56.7064]],[[37.7609,57.2908],[37.9438,57.3117],[38.0788,57.3819],[38.3009,57.5716]],[[41.3425,57.4933],[41.2061,57.5171],[40.9763,57.7137],[40.8376,57.7995],[40.4944,57.7547],[40.2932,57.6946],[40.0071,57.5667]],[[38.4371,58.0175],[38.3259,58.0829],[38.3192,58.1497],[38.4077,58.2876],[38.704,58.1131]]]}},
{"type":"Feature","properties":{"name":"Volta","rank":5,"min_zoom":4.7},"geometry":{"type":"LineString","coordinates":[[-0.9762,8.6616],[-0.7257,8.3624],[-0.5264,8.1979],[-0.2948,8.0683],[-0.1531,7.9451],[-0.1012,7.8283],[-0.0115,7.7376],[0.0979,7.4903],[0.1546,7.3942],[0.2093,7.3597],[0.2306,7.2449],[0.2184,7.0498],[0.1602,6.863],[0.194,6.6879],[0.1343,6.6345],[0.1076,6.5507],[0.1034,6.3382]]}},
{"type":"Feature","properties":{"name":"Vorma","rank":6,"min_zoom":5},"geometry":{"type":"MultiLineString","coordinates":[[[11.1702,59.3886],[11.2029,59.4982]],[[11.1996,59.6702],[11.1569,59.9108]]]}},
{"type":"Feature","properties":{"name":"Vuoksi","rank":6,"min_zoom":5},"geometry":{"type":"MultiLineString","coordinates":[[[30.478,60.5742],[30.2978,60.6537],[30.1165,60.6763],[29.7137,60.6778],[29.5964,60.717]],[[30.5339,60.6301],[30.6583,60.649],[30.9793,60.5935],[31.1574,60.4886],[31.4121,60.2357]]]}},
{"type":"Feature","properties":{"name":"Waikato","rank":6,"min_zoom":5},"geometry":{"type":"LineString","coordinates":[[175.8019,-38.9391],[176.0331,-38.758],[176.0593,-38.6938]]}},
{"type":"Feature","properties":{"name":"Winnipeg","rank":6,"min_zoom":5},"geometry":{"type":"MultiLineString","coordinates":[[[-94.6145,49.9927],[-94.5077,49.7074],[-94.5489,49.5735],[-94.7027,49.496],[-94.8469,49.3606],[-94.8604,49.2586],[-94.8035,49.003],[-94.7128,48.8634]],[[-96.026,50.283],[-95.9888,50.4048]],[[-96.5976,50.9792],[-96.4673,50.7742],[-96.3915,50.6853],[-96.2944,50.6239]]]}},
{"type":"Feature","properties":{"name":"Yuan","rank":6,"min_zoom":5},"geometry":{"type":"MultiLineString","coordinates":[[[112.9049,29.0314],[112.8012,28.9272],[112.6926,28.8743],[112.5447,28.8379],[112.3513,28.861],[111.9929,28.9847]],[[112.9935,29.1474],[113.0708,29.3892]]]}},
{"type":"Feature","properties":{"name":"Zambezi","rank":3,"min_zoom":3},"geometry":{"type":"MultiLineString","coordinates":[[[27.0208,-17.9584],[27.1308,-17.8494],[27.2713,-17.6427],[27.4378,-17.512],[27.6367,-17.2621],[27.7565,-17.0604],[27.9322,-16.8962],[28.1638,-16.7697],[28.3998,-16.6628],[28.7607,-16.5319]],[[32.7084,-15.5792],[32.497,-15.5654],[32.3457,-15.5894],[32.1841,-15.6466],[31.9243,-15.6668],[31.5663,-15.6497],[31.3291,-15.6621],[31.2126,-15.7038],[31.0649,-15.704],[30.7964,-15.642]]]}},
{"type":"Feature","properties":{"name":"","rank":6,"min_zoom":5},"geometry":{"type":"MultiLineString","coordinates":[[[-103.7852,58.6909],[-103.6651,58.5444]],[[-111.0156,58.6911],[-110.8024,58.7441],[-110.6368,58.82],[-110.2568,59.0309],[-110.064,59.1028],[-109.3894,59.2718],[-109.1046,59.3049],[-108.9205,59.2823],[-108.5182,59.2976],[-107.8977,59.3508],[-107.511,59.3613],[-107.3581,59.3292],[-106.9658,59.3027],[-106.0183,59.2713]],[[-105.5498,59.1503],[-105.2494,59.1944],[-105.0123,59.1732]]]}},
{"type":"Feature","properties":{"name":"","rank":5,"min_zoom":4.7},"geometry":{"type":"MultiLineString","coordinates":[[[-103.2195,61.681],[-103.1922,61.643],[-103.3718,61.5005],[-103.4474,61.3656]],[[-102.9194,62.3185],[-102.7136,62.1818],[-103.0491,61.9785],[-103.1577,61.8362]],[[-100.552,62.3551],[-100.0744,62.227],[-99.8405,62.2133],[-99.6167,62.3004]],[[-101.1628,62.3667],[-100.7348,62.3555]],[[-101.831,62.52],[-101.8465,62.4507],[-101.7754,62.3139],[-101.654,62.2945],[-101.3663,62.3499]],[[-98.3497,62.6156],[-98.2399,62.7166],[-98.0824,62.7549],[-97.8407,62.7643],[-97.6974,62.8215],[-97.6302,62.9793]],[[-101.5294,62.664],[-101.5372,62.7909],[-101.66,62.9185],[-101.7834,62.9414],[-102.0347,62.9246]],[[-102.6604,62.7596],[-102.6344,62.5173],[-102.7355,62.4108]],[[-97.459,63.1575],[-97.2872,63.5141]],[[-95.8783,63.6565],[-96.3011,63.613],[-96.5694,63.608],[-96.9519,63.6366]],[[-95.4975,64.0507],[-95.4474,64.158]]]}},
{"type":"Feature","properties":{"name":"Abay","rank":3,"min_zoom":3},"geometry":{"type":"LineString","coordinates":[[37.179,11.0358],[37.022,11.1919],[36.9809,11.287],[37.0498,11.5801],[37.18,11.7549],[37.113,11.8551]]}},
{"type":"Feature","properties":{"name":"Abay","rank":3,"min_zoom":3},"geometry":{"type":"LineString","coordinates":[[37.3867,11.634],[37.3934,11.5708],[37.5599,11.5036],[37.6804,11.4214],[37.812,11.2876],[38.0191,11.1857],[38.3019,11.1155],[38.4622,11.0368],[38.5001,10.9494],[38.5138,10.7721],[38.5032,10.5047],[38.4781,10.3138],[38.4386,10.1993],[38.3757,10.1357],[38.2894,10.1229],[38.1104,10.0481],[37.8387,9.9112],[37.66,9.8838],[37.5743,9.9657],[37.4086,10.0486],[37.3083,10.0401],[37.1887,10.1645],[37.1588,10.2664],[37.0461,10.3027],[36.6773,10.3602],[36.4496,10.4541],[36.3203,10.2323],[36.207,10.1551],[36.0552,10.1435],[35.957,10.111],[35.8493,10.0356],[35.7682,10.0445],[35.7057,9.9961],[35.6279,10.0168],[35.3534,10.1551]]}},
{"type":"Feature","properties":{"name":"Al Furat","rank":3,"min_zoom":3},"geometry":{"type":"MultiLineString","coordinates":[[[38.56,35.8633],[38.9157,35.9127],[39.2271,35.8808],[39.6126,35.7837],[39.8332,35.6832],[39.8889,35.5794],[40.0043,35.4726],[40.1793,35.3627],[40.2943,35.253],[40.4244,35.1674],[40.4748,35.0158],[40.5839,34.9182],[40.6201,34.8373],[40.7105,34.7522],[40.8549,34.6631],[40.928,34.581],[40.9461,34.4584],[40.9926,34.4285]],[[38.0257,36.8356],[38.0564,36.7411],[38.2311,36.6181],[38.2658,36.4816],[38.1839,36.3425]]]}},
{"type":"Feature","properties":{"name":"Alabama","rank":6,"min_zoom":5},"geometry":{"type":"MultiLineString","coordinates":[[[-86.4462,32.812],[-86.2682,32.6225],[-86.2425,32.5269],[-86.3395,32.4093],[-86.4824,32.3679],[-86.6045,32.3944],[-86.8244,32.3619],[-86.8713,32.4202],[-86.9498,32.373],[-87.0245,32.4036],[-87.0496,32.317],[-87.1186,32.2965],[-87.1328,32.1765],[-87.2075,32.1673],[-87.2853,32.0856],[-87.4095,32.1103],[-87.4528,32.0356],[-87.4179,31.9162],[-87.4941,31.868],[-87.4559,31.7648],[-87.543,31.6603],[-87.5349,31.5593],[-87.6016,31.4986],[-87.6295,31.4125],[-87.7909,31.3164],[-87.8478,31.2139],[-87.9455,31.1175],[-87.9514,30.9193],[-88.0053,30.7995],[-88.0113,30.6942]],[[-86.33,33.4445],[-86.3727,33.327],[-86.4843,33.1891],[-86.4757,33.1147],[-86.5218,33.0324]],[[-85.1826,34.2595],[-85.5013,34.2092],[-85.7028,34.2027],[-85.734,34.1124],[-85.8129,34.1126],[-85.9497,34.0098],[-86.0548,33.8851],[-86.0815,33.753],[-86.1607,33.712],[-86.2003,33.5879]]]}},
{"type":"Feature","properties":{"name":"Albany","rank":6,"min_zoom":5},"geometry":{"type":"MultiLineString","coordinates":[[[-91.4176,51.0688],[-91.3123,51.0627]],[[-90.4165,51.0923],[-89.8623,51.1975],[-89.5927,51.2776],[-89.4228,51.3677],[-89.2047,51.4302],[-89.1035,51.5103],[-88.9119,51.4826],[-88.7988,51.5414],[-88.5828,51.5696],[-88.4692,51.5113],[-88.0882,51.4936],[-87.8533,51.4342],[-87.6239,51.3144],[-87.4477,51.2597],[-87.1977,51.3093],[-86.9414,51.4125],[-86.7018,51.4422],[-86.4386,51.5817],[-86.3523,51.7499],[-86.2471,51.7753],[-86.0949,51.7306],[-86.0008,51.6685],[-85.8411,51.646],[-85.6158,51.663],[-85.4001,51.6048],[-85.0784,51.378],[-85.0532,51.325],[-84.9064,51.2515],[-84.6381,51.1576],[-84.4552,51.1398],[-84.3578,51.1981],[-84.0776,51.2956],[-83.6149,51.4325],[-83.3143,51.5718],[-83.0354,51.8215],[-82.893,51.8958],[-82.6308,51.9431],[-82.505,51.9854],[-82.2526,52.1112],[-82.0547,52.1384],[-81.8279,52.2242]],[[-91.7818,51.3364],[-91.5977,51.1615]],[[-91.893,51.4869],[-91.8861,51.458]],[[-91.9292,51.892],[-91.9149,51.7616]],[[-92.2991,51.9739],[-92.155,51.9512],[-91.9702,51.9875]]]}},
{"type":"Feature","properties":{"name":"Albert Nile","rank":1,"min_zoom":2},"geometry":{"type":"LineString","coordinates":[[32.0159,3.6137],[31.9353,3.528],[31.7847,3.523],[31.7238,3.4986],[31.6238,3.3633],[31.4848,3.117],[31.4043,2.9507],[31.3876,2.804],[31.4338,2.7187],[31.4499,2.5883],[31.5153,2.4759],[31.4748,2.4007]]}},
{"type":"Feature","properties":{"name":"Aldan","rank":4,"min_zoom":4},"geometry":{"type":"LineString","coordinates":[[123.5661,56.5277],[123.0657,56.58],[123.1926,56.9533],[123.2941,57.0906],[123.5554,57.3413],[123.5981,57.4542],[123.5053,57.539],[123.5799,57.6823],[123.6973,57.6577],[123.81,57.7181],[123.7192,57.9771],[123.7456,58.0745],[123.9553,58.2143],[123.9889,58.2912],[124.2984,58.3655],[124.3476,58.5033],[124.4446,58.6283],[124.5784,58.7204],[124.7587,58.7613],[124.8445,58.8241],[125.0318,58.8599],[125.1517,58.9878],[125.3389,59.0655],[125.3094,59.1421],[125.3351,59.3158],[125.5266,59.2806],[125.7346,59.1496],[126.0637,59.0532],[126.2654,58.9547],[126.4708,58.8961],[126.809,58.8315],[127.1395,58.7473],[127.2214,58.7949],[127.4359,58.7945],[127.6567,58.8499],[127.815,58.7921],[127.8555,58.7155],[128.0035,58.7119],[128.1571,58.8177],[128.3775,58.7657],[128.4778,58.8174],[128.5693,58.6941],[128.6879,58.6484],[128.8157,58.545],[128.9995,58.5181],[129.3262,58.5445],[129.6581,58.4996],[129.8372,58.5241],[130.0265,58.6119],[130.2344,58.6446],[130.5856,58.6281],[130.5881,58.7848],[130.6497,58.8654],[130.9979,58.9376],[131.5263,58.9465],[131.7684,59.0097],[132.0029,59.1716],[132.2093,59.1768],[132.6382,59.372],[132.8059,59.4121],[132.9598,59.4057],[133.0582,59.4593],[133.1011,59.5728],[133.2913,59.6455],[133.5304,59.7902],[133.8962,60.069],[134.1977,60.2673],[134.5538,60.4438],[134.7049,60.4599],[135.0075,60.3895],[135.1044,60.3916],[135.0895,60.5058],[134.9818,60.5697],[134.9243,60.6848],[135.2113,60.8363],[135.3623,60.9463],[135.4724,61.0837],[135.5057,61.1869],[135.4624,61.256],[135.504,61.3567],[135.3834,61.424],[135.5334,61.6144],[135.2928,61.6618],[135.2635,61.761],[135.4377,61.7907],[135.5392,61.9174],[135.7094,62.0363],[135.7146,62.2119],[135.8343,62.3152],[135.6514,62.4734],[135.4891,62.6767],[135.1097,62.6172],[134.8977,62.6471],[134.6385,62.7179],[134.332,62.8295],[134.184,62.9108],[134.1459,62.9887],[133.972,63.0073],[133.9462,63.0744],[133.8029,63.1318],[133.4408,63.0906],[133.2236,63.0917],[133.1464,63.1773],[133.2297,63.3445],[132.974,63.3563],[132.4693,63.3098],[132.0176,63.3184],[131.6188,63.3819],[131.3428,63.3861],[131.1898,63.3308],[131.007,63.3126],[130.6886,63.341],[130.4311,63.3395],[130.105,63.3767],[129.3837,63.4899]]}},
{"type":"Feature","properties":{"name":"Allegheny","rank":3,"min_zoom":3},"geometry":{"type":"LineString","coordinates":[[-77.86,41.8319],[-77.9989,41.7811],[-78.1966,41.7903],[-78.3301,41.8778],[-78.3512,42.0128],[-78.4198,42.0592],[-78.5726,42.0814],[-78.723,42.1437],[-78.8945,42.0609],[-78.9769,41.899],[-79.0588,41.8488],[-79.2005,41.8342],[-79.3079,41.7892],[-79.417,41.6499],[-79.4524,41.5059],[-79.6992,41.4471],[-79.8102,41.3735],[-79.8164,41.2642],[-79.6815,41.1547],[-79.5875,40.9659],[-79.5228,40.9385],[-79.5426,40.8238],[-79.6983,40.6368],[-79.8298,40.5194],[-79.9909,40.4477]]}},
{"type":"Feature","properties":{"name":"Amazonas","rank":1,"min_zoom":2},"geometry":{"type":"LineString","coordinates":[[-52.6642,-1.5518],[-52.8736,-1.6111],[-53,-1.6681],[-53.1449,-1.7639],[-53.3578,-1.8384],[-53.6389,-1.8915],[-53.8433,-1.9581],[-53.9711,-2.0383],[-54.0447,-2.1412],[-54.0642,-2.267],[-54.1867,-2.3575],[-54.4677,-2.4402],[-54.639,-2.4193],[-54.6762,-2.3593],[-54.6938,-2.1841],[-54.8726,-2.0886],[-54.9566,-2.1042],[-55.0456,-2.1667],[-55.1497,-2.1803],[-55.269,-2.1448],[-55.3752,-2.0827],[-55.4581,-1.9868],[-55.5548,-1.924],[-55.6694,-1.9265],[-55.8397,-1.99],[-55.9813,-2.0057],[-56.1295,-2.0795],[-56.2841,-2.2116],[-56.4009,-2.3363],[-56.4797,-2.4536],[-56.6072,-2.5564],[-56.7558,-2.582],[-56.951,-2.5282],[-57.0497,-2.5232],[-57.1433,-2.5514],[-57.2444,-2.5264],[-57.353,-2.4483],[-57.5055,-2.3957],[-57.6054,-2.4813],[-57.7398,-2.6618],[-57.8828,-2.784],[-58.0347,-2.8476],[-58.135,-2.9586],[-58.1837,-3.1169],[-58.2681,-3.2143],[-58.4526,-3.1815],[-58.5493,-3.2052],[-58.689,-3.3423],[-58.8051,-3.3471],[-58.9822,-3.2705],[-59.2173,-3.2278],[-59.3815,-3.1842],[-59.5836,-3.1086],[-59.7354,-3.0779],[-59.8968,-3.1276],[-59.9575,-3.2374],[-60.105,-3.3056],[-60.2031,-3.3252],[-60.4106,-3.2998],[-60.5978,-3.3186],[-60.747,-3.3981],[-60.8582,-3.5383],[-61.0359,-3.6104],[-61.2802,-3.6141],[-61.4675,-3.676],[-61.717,-3.883],[-61.8927,-3.9468],[-62.3674,-3.7181],[-62.4494,-3.8019],[-62.5431,-3.8511],[-62.7046,-3.8781],[-62.8629,-3.9383],[-63.0968,-4.0785],[-63.1522,-4.0715],[-63.2163,-3.9745],[-63.2829,-3.9229],[-63.4496,-3.8709],[-63.5732,-3.8539],[-63.7474,-3.8684],[-63.8542,-3.8434],[-64.0355,-3.7646],[-64.2913,-3.6319],[-64.4583,-3.5237],[-64.5756,-3.3982],[-64.7903,-3.2224],[-65.0697,-2.9705],[-65.1795,-2.8345],[-65.2878,-2.7468],[-65.3946,-2.7073],[-65.48,-2.6155],[-65.5582,-2.5943],[-65.761,-2.603],[-65.9006,-2.4931],[-65.9773,-2.4662],[-66.0962,-2.4774],[-66.2103,-2.46],[-66.2689,-2.5317],[-66.334,-2.5367],[-66.4054,-2.4751],[-66.5307,-2.4285],[-66.5725,-2.4781],[-66.5964,-2.5879],[-66.641,-2.6592],[-66.8007,-2.7145],[-66.9245,-2.7273],[-67.077,-2.6954],[-67.258,-2.6188],[-67.384,-2.6228],[-67.4551,-2.7074],[-67.5724,-2.7792],[-67.7359,-2.8382],[-67.8463,-2.9278],[-67.9324,-3.108],[-67.9265,-3.2233],[-67.9879,-3.3259],[-68.0946,-3.3339],[-68.2658,-3.3069],[-68.5957,-3.3454],[-69.0842,-3.4493],[-69.3519,-3.5527],[-69.3988,-3.6554],[-69.4163,-3.7641],[-69.4044,-3.8785],[-69.425,-3.9735],[-69.478,-4.0491],[-69.4337,-4.1606],[-69.4588,-4.2231],[-69.556,-4.2988],[-69.6853,-4.3347],[-69.8465,-4.3305],[-69.9481,-4.2852],[-70.0172,-4.162],[-70.1675,-4.0502],[-70.2403,-3.8827],[-70.3395,-3.8143],[-70.4858,-3.8694],[-70.5574,-3.87],[-70.9005,-3.9601],[-71.0579,-3.9854],[-71.138,-3.9634],[-71.1933,-3.9028],[-71.2833,-3.869],[-71.4082,-3.8622],[-71.5214,-3.8264],[-71.623,-3.7615],[-71.6887,-3.6499],[-71.7184,-3.4917],[-71.7894,-3.3592],[-71.914,-3.3837],[-72.1258,-3.4685],[-72.2927,-3.5034],[-72.7468,-3.4567],[-72.8905,-3.467],[-72.9973,-3.5037],[-73.1796,-3.6426],[-73.2114,-3.783],[-73.189,-3.9836],[-73.1922,-4.0992],[-73.2685,-4.1359],[-73.3657,-4.1325],[-73.3854,-4.2309],[-73.463,-4.3363],[-73.4886,-4.4448]]}},
{"type":"Feature","properties":{"name":"Amu  Darya","rank":5,"min_zoom":4.7},"geometry":{"type":"MultiLineString","coordinates":[[[68.2121,37.0215],[68.0678,36.9498],[67.958,36.972],[67.8344,37.0642],[67.7,37.2273],[67.6074,37.2225],[67.5173,37.2667],[67.3197,37.2096],[67.1955,37.2352],[67.0689,37.3348],[66.8277,37.3713],[66.4718,37.3447],[66.1085,37.4148],[65.7374,37.5815],[65.4802,37.6805],[65.3368,37.7117],[65.2204,37.7974],[65.131,37.9376],[64.9074,38.0876],[64.5495,38.2474],[64.2723,38.4322],[64.076,38.6421],[63.9532,38.7995],[63.9039,38.9045],[63.7237,39.0486],[63.4127,39.232],[63.1984,39.3303],[63.0811,39.3435],[63.0144,39.4002],[62.9984,39.5002],[62.897,39.6079],[62.7102,39.7232],[62.5731,39.8447],[62.4416,40.0362],[62.375,40.3321],[62.298,40.4675],[62.1885,40.5412],[62.095,40.6833],[61.9536,41.0306],[61.7999,41.1634],[61.6445,41.2399],[61.4969,41.2761],[61.3571,41.2721],[61.0306,41.4868],[60.71,41.6804],[60.527,41.8246],[60.4201,41.9775],[60.2911,42.0403],[60.2026,42.1635],[60.1022,42.232],[59.9496,42.2914],[59.7448,42.3415],[59.5867,42.4163],[59.4752,42.5158],[59.2996,42.6322],[59.298,42.744],[59.2103,42.8079],[59.2038,42.9041],[59.139,43.0256],[59.1406,43.1524],[59.0967,43.2944]],[[59.0985,43.2917],[59.0967,43.2944]],[[59.0967,43.2944],[59.0983,43.3786],[59.0496,43.5334],[59.2039,43.5813],[59.2601,43.7162],[59.2107,43.8055],[59.1073,43.9007],[59.0816,43.971],[59.2551,44.0663],[59.541,44.1483]],[[59.0967,43.2944],[59.0046,43.4231],[58.993,43.5257],[59.0324,43.6432],[59.0189,43.732],[58.8311,43.8387],[58.6555,43.8718],[58.5701,43.9481],[58.5752,44.0675],[58.5122,44.202],[58.3157,44.4263]]]}},
{"type":"Feature","properties":{"name":"Amur","rank":3,"min_zoom":3},"geometry":{"type":"MultiLineString","coordinates":[[[136.8105,49.7593],[136.8253,49.5949],[136.7208,49.5197],[136.5304,49.4523],[136.3938,49.3673],[136.2712,49.1711],[136.2748,49.0861],[136.1618,48.987],[135.8177,48.8172],[135.7447,48.7642],[135.4448,48.7679],[135.1849,48.7045],[135.0771,48.6448],[135.0262,48.5705],[135.0324,48.4818],[134.9645,48.421],[134.8225,48.3881],[134.4867,48.4034],[134.2059,48.3599],[133.8422,48.2737],[133.6718,48.2077],[133.4684,48.0972],[133.144,48.1056],[132.8771,47.9791],[132.7072,47.9473],[132.5619,47.7685],[132.4763,47.715],[132.3802,47.7295],[131.7853,47.6805],[131.5568,47.682],[131.4643,47.7226],[131.3194,47.7278],[131.0028,47.6915],[130.9329,47.7598],[130.8486,47.9294],[130.7326,48.0192],[130.7121,48.1277],[130.8042,48.3415],[130.5521,48.6025],[130.6172,48.7732],[130.5531,48.8612],[130.196,48.8916],[130.0371,48.9723],[129.7925,49.1989],[129.6711,49.2785],[129.5337,49.3234],[129.4982,49.3888],[129.1201,49.3621],[128.9383,49.4489],[128.8194,49.4638],[128.791,49.5418],[128.704,49.6001],[128.2371,49.5593],[127.9996,49.5686],[127.7112,49.6715],[127.5024,49.8734],[127.5124,50.0717],[127.5903,50.209]],[[139.8577,51.5788],[139.6024,51.5443],[139.4946,51.5049],[139.3784,51.4054],[139.1593,51.3635],[138.9181,51.3505],[138.825,51.2475],[138.6746,51.2071],[138.0681,50.856],[137.7077,50.7143],[137.3914,50.6649],[137.1871,50.6067],[137.054,50.4933],[137.0699,50.4541]],[[140.1141,51.7637],[140.206,51.814],[140.182,51.9645],[140.2147,52.0465],[140.3167,52.1213],[140.3853,52.2265],[140.4204,52.3619],[140.4045,52.468],[140.3376,52.5446],[140.1775,52.6099],[140.1041,52.7341],[139.9962,52.8224],[139.8011,52.9219],[139.7566,53.032],[139.8627,53.1527],[140.0025,53.2152],[140.1763,53.2196],[140.3433,53.1876],[140.6144,53.0914],[140.8397,53.0879]]]}},
{"type":"Feature","properties":{"name":"Anadyr’","rank":6,"min_zoom":5},"geometry":{"type":"LineString","coordinates":[[170.9657,67.0989],[171.3451,66.9741],[171.448,66.8256],[171.5591,66.7453],[170.9618,66.587],[170.6587,66.4861],[170.4678,66.383],[170.2475,66.3041],[169.9978,66.2492],[169.8239,66.1754],[169.8148,65.8927],[169.7658,65.7915],[169.1232,65.6466],[168.9347,65.5823],[168.7861,65.4747],[168.5744,65.3704],[168.654,65.2454],[168.8136,65.1404],[168.6182,64.9311],[168.9021,64.8005],[169.1457,64.7811],[169.4343,64.8081],[169.7548,64.7952],[170.1074,64.7424],[170.3998,64.7204],[170.6323,64.7292],[170.7334,64.7767],[170.7876,64.9122],[171.0905,65.0262],[171.0889,65.2401],[171.2608,65.2806],[171.5829,65.2838],[171.7934,65.2524],[171.892,65.1865],[172.1848,65.148],[172.4975,65.2664],[172.7324,65.3255],[172.9682,65.4667],[173.1448,65.5397],[173.3216,65.529],[173.4561,65.4145],[173.6758,65.3099],[173.5499,65.1237],[173.5671,65.0482],[173.7869,65.0068],[174.1635,64.7776],[174.5489,64.6839]]}},
{"type":"Feature","properties":{"name":"Angara","rank":2,"min_zoom":2.1},"geometry":{"type":"MultiLineString","coordinates":[[[104.8669,51.8702],[104.437,52.1651],[104.2896,52.2886],[104.2046,52.3994],[104.0594,52.4695],[103.9449,52.6096],[103.7699,52.7328],[103.6976,52.8726],[103.6172,52.9336],[103.3896,53.0316],[103.3742,53.1073]],[[101.8032,56.2908],[101.8172,56.5606],[101.7705,56.687],[101.6676,56.7601],[101.3915,56.8478],[101.4609,56.9699],[101.6117,57.0017],[101.7778,56.9882],[101.959,56.9293],[102.2393,56.8935],[102.3164,56.9195],[102.3581,57.004]],[[102.674,57.9431],[102.7951,58.1219],[102.8396,58.3729],[102.7803,58.5237],[102.6591,58.6978],[102.4622,58.8364]],[[102.4891,58.8292],[102.4622,58.8364]],[[102.4622,58.8364],[102.1009,58.9325]],[[102.4622,58.8364],[102.2432,58.9194],[102.1009,58.9325]],[[102.1009,58.9325],[101.8417,58.9564],[101.2755,58.9407],[100.9797,58.8987],[100.9543,58.8303],[100.817,58.7576],[100.4371,58.6272],[100.4654,58.5],[100.3615,58.3711],[100.2509,58.3463],[99.9865,58.4115],[99.7536,58.5362],[99.4721,58.5944],[99.361,58.6597],[99.1127,58.7173],[98.7877,58.6516],[98.5647,58.4764],[97.8991,58.413],[97.5716,58.4084],[97.1707,58.4304],[96.9231,58.3993],[96.7646,58.491],[96.5139,58.5273],[96.0979,58.5407],[95.7765,58.5221],[95.4184,58.4246],[95.2347,58.3073],[94.9749,58.2025],[94.5992,58.14],[94.1076,58.1195],[93.7301,58.1288],[93.4669,58.1677],[93.2788,58.1614],[93.0797,58.0863],[92.9981,58.1001]],[[102.1009,58.9325],[101.9478,58.9732]]]}},
{"type":"Feature","properties":{"name":"Araguaia","rank":4,"min_zoom":4},"geometry":{"type":"LineString","coordinates":[[-53.1151,-17.8548],[-53.2113,-17.4092],[-53.2016,-17.3016],[-53.0779,-17.0947],[-53.0241,-16.9103],[-52.9427,-16.8136],[-52.7891,-16.705],[-52.6799,-16.576],[-52.615,-16.4265],[-52.4344,-16.2178],[-52.4167,-16.0824],[-52.3084,-16.0093],[-52.2566,-15.9356],[-52.141,-15.8723],[-51.9615,-15.8191],[-51.8473,-15.7471],[-51.7985,-15.6561],[-51.7727,-15.5228],[-51.696,-15.4032],[-51.6647,-15.2612],[-51.5898,-15.1415],[-51.4714,-15.0441],[-51.1887,-14.9766],[-51.1143,-14.8378],[-50.9775,-14.4634],[-50.9412,-14.2008],[-50.8676,-14.0952],[-50.8519,-13.9951],[-50.8614,-13.807],[-50.7996,-13.6118],[-50.6666,-13.4097],[-50.5984,-13.2494],[-50.566,-13.0148],[-50.4842,-12.8436],[-50.566,-12.8197],[-50.6554,-12.667],[-50.6605,-12.5583],[-50.6293,-12.4374],[-50.6317,-12.2886],[-50.6675,-12.1121],[-50.6614,-11.8536],[-50.7174,-11.7491],[-50.6658,-11.6518],[-50.7166,-11.4827],[-50.7079,-11.3457],[-50.6451,-11.1628],[-50.6103,-11.0009],[-50.5992,-10.6898],[-50.5508,-10.5673],[-50.4546,-10.3885],[-50.4028,-10.2583],[-50.3953,-10.1767],[-50.3375,-10.0345],[-50.1753,-9.7302],[-50.0842,-9.4219],[-49.9791,-9.2202],[-49.8299,-9.022],[-49.7079,-8.8951],[-49.613,-8.8391],[-49.5019,-8.704],[-49.3744,-8.4895],[-49.2827,-8.3014],[-49.19,-7.9949],[-49.1723,-7.8674],[-49.2203,-7.7521],[-49.334,-7.6491],[-49.3404,-7.51],[-49.2396,-7.3348],[-49.1961,-7.1667],[-49.2098,-7.0056],[-49.0796,-6.8562],[-48.8054,-6.7183],[-48.6529,-6.5958],[-48.6219,-6.4886],[-48.5273,-6.3722],[-48.4102,-6.3575],[-48.4138,-6.2074],[-48.3898,-6.1419],[-48.3194,-6.1124],[-48.3212,-6.0066],[-48.2543,-5.9452],[-48.28,-5.7959],[-48.2587,-5.7237],[-48.1812,-5.672],[-48.1927,-5.5655],[-48.2754,-5.5225],[-48.3571,-5.4244],[-48.4217,-5.3984],[-48.5976,-5.3986],[-48.7231,-5.3554],[-48.9372,-5.3029]]}},
{"type":"Feature","properties":{"name":"Argun’","rank":3,"min_zoom":3},"geometry":{"type":"LineString","coordinates":[[121.4054,53.3171],[120.9855,53.2846],[120.7041,53.1718],[120.4213,52.9681],[120.2181,52.8399],[120.0945,52.7872],[120.0443,52.7182],[120.0675,52.6329],[120.1727,52.6025],[120.36,52.627],[120.5212,52.615],[120.6561,52.5667],[120.6992,52.4936],[120.6503,52.3959],[120.6654,52.2999],[120.7445,52.2055],[120.7498,52.0965],[120.6815,51.9731],[120.5105,51.8485],[120.237,51.723],[120.0669,51.6007],[119.967,51.4221],[119.8132,51.2671],[119.746,51.1077],[119.5734,50.9468],[119.4457,50.7028],[119.2807,50.561],[119.1919,50.3798],[119.3016,50.3539],[119.3462,50.2789],[119.3261,50.1549],[119.2598,50.0664],[119.1475,50.0134],[118.9795,49.9789],[118.756,49.9628],[118.4515,49.8445],[117.8735,49.5135]]}},
{"type":"Feature","properties":{"name":"Arkansas","rank":4,"min_zoom":4},"geometry":{"type":"LineString","coordinates":[[-91.0771,33.7967],[-91.167,33.9219],[-91.2986,33.9616],[-91.4875,34.091],[-91.6825,34.1531],[-91.8436,34.2495],[-91.973,34.2749],[-92.109,34.4475],[-92.1551,34.5664],[-92.1551,34.6725],[-92.2252,34.7564],[-92.3655,34.8179],[-92.4694,34.9336],[-92.5581,34.9934],[-92.5945,35.1188],[-92.7133,35.0949],[-92.8311,35.1614],[-93.0503,35.1847],[-93.1928,35.2445],[-93.3581,35.3633],[-93.5214,35.415],[-93.6825,35.3994],[-93.7966,35.4207],[-93.8636,35.4788],[-93.9575,35.4942],[-94.0782,35.4669],[-94.2024,35.3665],[-94.3576,35.4296],[-94.4297,35.4151],[-94.5293,35.3137],[-94.694,35.3335],[-94.9587,35.4252],[-95.0743,35.4883],[-95.2446,35.6369],[-95.2904,35.7805],[-95.5447,35.7896],[-95.6297,35.8162],[-95.7215,35.9249],[-95.864,35.9673],[-95.9582,36.029],[-96.0041,36.1101],[-96.0844,36.1516],[-96.2598,36.1739],[-96.3156,36.2561],[-96.5417,36.3319],[-96.578,36.4149],[-96.8065,36.5318],[-96.9207,36.4689],[-96.9436,36.5665],[-97.0406,36.6191],[-96.9933,36.7064],[-96.8617,36.7448],[-96.9322,36.9811],[-96.9858,37.0584],[-97.0743,37.098],[-97.1346,37.1893],[-97.1669,37.3322],[-97.2367,37.4992],[-97.3441,37.6902],[-97.6948,37.9254],[-98.2889,38.2046],[-98.6331,38.346],[-98.7276,38.3493],[-98.8536,38.3082],[-99.0112,38.2225],[-99.2179,38.0548],[-99.4736,37.8049],[-99.6978,37.6969],[-99.987,37.7477],[-100.7761,37.935],[-101.1274,37.971],[-101.3039,37.9182],[-101.6266,37.9498],[-102.0954,38.0659],[-102.5589,38.1181],[-103.0171,38.1065],[-103.3199,38.081],[-103.4675,38.0418],[-103.5939,38.0476],[-103.8326,38.1365],[-104.0751,38.174],[-104.2372,38.238],[-104.4106,38.2598],[-104.6492,38.2607],[-104.8258,38.2979],[-104.9404,38.3715],[-105.0928,38.4252],[-105.2831,38.4591],[-105.4702,38.4506],[-105.6541,38.3997],[-105.8322,38.4251],[-106.0046,38.5267],[-106.0894,38.6106],[-106.1354,38.8018],[-106.2858,39.0777],[-106.3808,39.2224]]}},
{"type":"Feature","properties":{"name":"Atbara","rank":6,"min_zoom":5},"geometry":{"type":"MultiLineString","coordinates":[[[35.5834,16],[35.3523,16.3125],[35.273,16.4453],[35.2685,16.5026],[35.1896,16.632],[35.0364,16.8335],[34.9551,16.9628],[34.9454,17.0198],[34.7673,17.1384],[34.4206,17.3186],[34.2275,17.4529],[34.1225,17.6056],[33.9519,17.6985]],[[35.5857,16.0038],[35.6128,15.7157],[35.7144,15.4694],[35.8995,15.1689],[35.9584,14.9987],[35.9241,14.9354]]]}},
{"type":"Feature","properties":{"name":"Athabasca","rank":5,"min_zoom":4.7},"geometry":{"type":"MultiLineString","coordinates":[[[-117.5745,52.1706],[-117.5516,52.2712],[-117.6736,52.5371],[-117.864,52.6473],[-117.9258,52.7569],[-118.0074,52.8149],[-118.0845,53.0179],[-117.9065,53.2632],[-117.6792,53.4153],[-117.3541,53.5697],[-117.1843,53.6764],[-117.193,53.7957],[-117.1083,53.9065],[-116.9235,54.0102],[-116.4143,54.2283],[-116.1326,54.2244],[-115.8676,54.1719],[-115.6145,54.1487],[-115.3734,54.1548],[-115.1755,54.2001],[-115.0209,54.2846],[-114.8587,54.3314],[-114.689,54.3404],[-114.5358,54.3904],[-114.3989,54.4813],[-114.2653,54.8036],[-114.0493,55.1742]],[[-114.0425,55.168],[-113.7599,55.2285],[-113.599,55.1717],[-113.4655,55.0178],[-113.4126,54.9012],[-113.4105,54.7708],[-113.2585,54.7729],[-113.2148,54.8463],[-113.0774,54.9089],[-112.7335,55.0005],[-112.8336,55.0664],[-112.8202,55.198],[-112.7121,55.2913],[-112.7076,55.385],[-112.7607,55.5375],[-112.7397,55.6477],[-112.6445,55.7156],[-112.6447,56.0254],[-112.5555,56.1649],[-112.5795,56.2557],[-112.6825,56.3706],[-112.65,56.464],[-112.4818,56.536],[-112.2565,56.5728],[-111.9742,56.5745],[-111.728,56.6149],[-111.5179,56.6941],[-111.4226,56.7979],[-111.4421,56.9261],[-111.5592,57.0902],[-111.6466,57.2606],[-111.6444,57.3973],[-111.4352,57.6836],[-111.3808,57.8076],[-111.3991,57.9505],[-111.3476,58.0478],[-111.3653,58.1669],[-111.4969,58.2936],[-111.4865,58.4345],[-111.1697,58.4537],[-111.075,58.5048]],[[-111.2804,58.7885],[-111.2,58.892],[-111.2326,58.9461],[-111.4108,59.0051]]]}},
{"type":"Feature","properties":{"name":"Ayeyarwady","rank":2,"min_zoom":3},"geometry":{"type":"LineString","coordinates":[[97.519,25.701],[97.5057,25.5898],[97.449,25.4167],[97.3938,25.337],[97.2921,25.31],[97.2493,25.2157],[97.2932,25.1204],[97.2161,25.0641],[97.1956,24.981],[97.117,24.933],[97.0555,24.8353],[97.0551,24.7549],[97.1171,24.5517],[97.1201,24.4322],[97.1841,24.2959],[97.1834,24.2137],[96.9909,24.1448],[96.8924,24.1687],[96.7371,24.3072],[96.6473,24.3408],[96.4791,24.3167],[96.4022,24.2513],[96.2914,24.0586],[96.2804,23.9461],[96.0852,23.6528],[96.0064,23.3585],[95.9787,22.9656],[95.9235,22.6628],[95.968,22.5738],[95.9704,22.4267],[96.0199,22.2298],[96.0342,22.0256],[96.0094,21.9067],[95.8795,21.875],[95.7104,21.928],[95.5781,21.921],[95.4807,21.8714],[95.3729,21.6658],[95.3149,21.4576],[95.1735,21.345],[94.8999,21.2317],[94.8196,21.1464],[94.8201,21.0303],[94.7399,20.8535],[94.7611,20.7016],[94.8571,20.4771],[94.9075,20.3047],[94.9121,20.1845],[94.9561,20.0708],[95.1404,19.8449],[95.1694,19.7103],[95.1879,19.4849],[95.1768,19.2771],[95.1357,19.0869],[95.1398,18.9452],[95.1886,18.8521],[95.1798,18.7709],[95.1131,18.7016],[95.0673,18.5881],[95.143,18.479],[95.3029,18.3135],[95.3997,18.1813],[95.4335,18.0825],[95.4549,17.8561],[95.4725,17.7437],[95.5611,17.5857],[95.5801,17.4798],[95.6447,17.4392],[95.6032,17.2544],[95.6251,17.0862],[95.5738,16.9772],[95.5996,16.9017],[95.4814,16.8139],[95.3306,16.721],[95.322,16.6471],[95.2363,16.5203],[94.9522,16.2098],[94.8932,16.1828]]}},
{"type":"Feature","properties":{"name":"Back","rank":6,"min_zoom":5},"geometry":{"type":"MultiLineString","coordinates":[[[-108.828,64.5621],[-108.5332,64.5621]],[[-108.1803,64.6856],[-108.0896,64.7154]],[[-107.9792,64.7204],[-107.8494,64.7546],[-107.6047,64.9529],[-107.3739,65.1076],[-107.4078,65.2984],[-107.2394,65.4471],[-107.1035,65.4777],[-106.8023,65.3991],[-106.6484,65.301],[-106.4622,65.2493],[-106.2437,65.2438],[-105.8967,65.1637],[-105.2753,65.0767],[-105.0052,65.0711],[-104.6476,65.1118],[-104.1125,65.197],[-103.7087,65.2829],[-103.4363,65.3694],[-103.2312,65.5093],[-103.0612,65.5844],[-102.4127,65.6049],[-102.1778,65.6301],[-102.1075,65.6763],[-102.1436,65.7719],[-102.0681,65.8337],[-101.7701,65.9468]],[[-98.6564,65.927],[-98.5998,65.8841],[-98.3559,65.9293],[-98.2252,65.9136],[-97.9793,66.0245],[-97.5298,65.9485],[-97.2672,65.9742]],[[-96.9955,66.1517],[-96.6542,66.0916],[-96.475,66.0933],[-96.1917,66.2064],[-95.896,66.389],[-95.7991,66.5266],[-95.7974,66.6166]]]}},
{"type":"Feature","properties":{"name":"Bafing","rank":4,"min_zoom":4},"geometry":{"type":"LineString","coordinates":[[-12.0882,10.5901],[-12.0059,10.5287],[-11.8345,10.5491],[-11.7751,10.6188],[-11.7281,10.7925],[-11.6212,10.812],[-11.6114,10.9647],[-11.5801,11.0727],[-11.4435,11.2511],[-11.3029,11.3169],[-11.1984,11.4125],[-11.0921,11.5739],[-10.8692,11.5954],[-10.7438,11.7343],[-10.5895,11.9903],[-10.4658,12.1387],[-10.3728,12.1795],[-10.3454,12.395],[-10.2668,12.5398],[-10.2601,12.6835],[-10.2155,12.759],[-10.2738,12.8381],[-10.2822,12.9316],[-10.3519,13.0208],[-10.3787,13.1385],[-10.4298,13.212],[-10.6091,13.2557],[-10.7417,13.2552],[-10.804,13.2975],[-10.796,13.3824],[-10.7344,13.4541],[-10.8924,13.7779]]}},
{"type":"Feature","properties":{"name":"Bahr el  Zeraf","rank":6,"min_zoom":5},"geometry":{"type":"LineString","coordinates":[[30.5357,7.7672],[30.6208,8.0307],[30.6464,8.2123],[30.6409,8.3997],[30.6691,8.5158],[30.784,8.6412],[30.8285,8.7579],[30.8402,8.8727],[30.819,8.9857],[30.8911,9.1381],[31.139,9.4257]]}},
{"type":"Feature","properties":{"name":"Bahr el Jebel","rank":1,"min_zoom":2},"geometry":{"type":"LineString","coordinates":[[32.0159,3.6137],[31.7112,3.9445],[31.5878,4.1014],[31.5439,4.1945],[31.5172,4.326],[31.5075,4.496],[31.5252,4.606],[31.5704,4.6563],[31.6352,4.8166],[31.7194,5.0869],[31.7703,5.2998],[31.789,5.5895],[31.7434,5.8016],[31.4604,6.3566],[31.3293,6.5815],[31.1483,6.8297]]}},
{"type":"Feature","properties":{"name":"Bahr el Jebel","rank":1,"min_zoom":2},"geometry":{"type":"LineString","coordinates":[[31.1483,6.8297],[30.9218,6.9828],[30.7697,7.1526],[30.6166,7.39],[30.5467,7.5207],[30.5079,7.6934],[30.5355,7.7654],[30.5081,7.88],[30.4255,8.0374],[30.3292,8.1412],[30.3476,8.3825],[30.3387,8.4848],[30.2963,8.534],[30.3007,8.6536],[30.2182,8.8178],[30.2001,8.9328],[30.2328,9.0427],[30.3164,9.1474],[30.3498,9.2367],[30.3331,9.3108],[30.3697,9.3949],[30.4597,9.4891],[30.6185,9.5308],[30.846,9.5199],[31.0009,9.494],[31.1247,9.4325]]}},
{"type":"Feature","properties":{"name":"Bamingui","rank":6,"min_zoom":5},"geometry":{"type":"LineString","coordinates":[[19.7329,7.5377],[19.627,7.5604],[19.5917,7.6662],[19.5241,7.7253],[19.3888,7.7781],[19.3306,7.8859],[19.3495,8.0489],[19.2852,8.2475],[19.0639,8.5988],[19.1087,8.6561],[19.0642,8.7154],[18.886,8.8361]]}},
{"type":"Feature","properties":{"name":"Barito","rank":6,"min_zoom":5},"geometry":{"type":"LineString","coordinates":[[114.8377,0.5648],[114.8715,0.4584],[114.7362,0.3549],[114.5924,0.1421],[114.3493,0.1741],[114.2587,0.1429],[114.1916,0.0407],[114.2757,-0.0448],[114.2485,-0.1096],[114.1391,-0.1982],[114.0787,-0.2873],[114.0674,-0.3768],[114.14,-0.5026],[114.2965,-0.6643],[114.4275,-0.7369],[114.5328,-0.7201],[114.6386,-0.618],[114.7407,-0.619],[114.8236,-0.6621],[114.8873,-0.7471],[114.9298,-0.8944],[114.8463,-0.9753],[114.8639,-1.1628],[114.8062,-1.2312],[114.8861,-1.3856],[114.8612,-1.5661],[114.7964,-1.7709],[114.7913,-1.8433],[114.8529,-1.8913],[114.8759,-2.037],[114.8481,-2.1164],[114.8527,-2.2217],[114.8893,-2.3531],[114.865,-2.5051],[114.7794,-2.6778],[114.7516,-2.8031],[114.7865,-2.9458],[114.716,-3.0521],[114.6355,-3.1089],[114.584,-3.1899],[114.5255,-3.3767]]}},
{"type":"Feature","properties":{"name":"Barwon","rank":3,"min_zoom":3},"geometry":{"type":"LineString","coordinates":[[150.4696,-28.6504],[150.3408,-28.5639],[150.1495,-28.5581],[149.8526,-28.6044],[149.6769,-28.6119],[149.5949,-28.5654],[149.5118,-28.5793],[149.3353,-28.7227],[149.0815,-28.8748],[148.9932,-28.9861],[148.8872,-29.05],[148.7962,-29.1881],[148.7203,-29.4003],[148.641,-29.5279],[148.5584,-29.5709],[148.4293,-29.6881],[148.2539,-29.8795],[147.9783,-30.0126],[147.4145,-30.1246]]}},
{"type":"Feature","properties":{"name":"Benue","rank":4,"min_zoom":4},"geometry":{"type":"LineString","coordinates":[[11.9241,9.4906],[11.7835,9.4965],[11.5741,9.4091],[11.2488,9.2302],[11.0379,9.0607],[10.9412,8.9007],[10.8578,8.7953],[10.7876,8.7447],[10.6355,8.7074],[10.4014,8.6835],[10.2182,8.5901],[10.0858,8.4271],[9.9765,8.3272],[9.53,8.1206],[9.3952,8.0387],[9.337,7.9761],[9.141,7.8925],[8.807,7.7881],[8.4373,7.7993],[7.8288,7.99],[7.4215,8.0186],[7.1562,7.9675],[6.776,7.793]]}},
{"type":"Feature","properties":{"name":"Biya","rank":6,"min_zoom":5},"geometry":{"type":"LineString","coordinates":[[87.392,51.7616],[87.1765,51.8487],[87.1071,51.9756],[87.112,52.1713],[87.0704,52.2932],[86.9113,52.429],[86.6881,52.5073],[86.4311,52.6325],[86.2471,52.5396],[86.0192,52.6166],[85.8549,52.5737],[85.6039,52.6003],[85.3917,52.5782],[85.2283,52.5338],[85.0562,52.4336]]}},
{"type":"Feature","properties":{"name":"Borcea","rank":2,"min_zoom":2.1},"geometry":{"type":"LineString","coordinates":[[27.2666,44.1378],[27.7688,44.3627],[27.93,44.4862],[27.9218,44.67],[27.8767,44.7441]]}},
{"type":"Feature","properties":{"name":"Braco Menor","rank":4,"min_zoom":4},"geometry":{"type":"LineString","coordinates":[[-50.484,-12.8458],[-50.3922,-12.6172],[-50.2957,-12.4899],[-50.1637,-12.3877],[-50.1052,-12.3131],[-50.1137,-12.2085],[-50.0598,-12.0925],[-49.914,-12.0338],[-49.8974,-11.9455],[-49.9345,-11.816],[-49.9305,-11.6931],[-49.8924,-11.5043],[-49.889,-11.3986],[-49.9326,-11.3155],[-49.9394,-11.1108],[-49.9735,-10.9976],[-49.9785,-10.7722],[-49.9543,-10.4347],[-49.9634,-10.1906],[-50.0481,-9.9605],[-50.1265,-9.9225],[-50.1742,-9.8189],[-50.1753,-9.7302]]}},
{"type":"Feature","properties":{"name":"Brahmaputra","rank":2,"min_zoom":2.1},"geometry":{"type":"MultiLineString","coordinates":[[[89.7393,24.3302],[89.7079,23.9624],[89.7444,23.8587],[89.8675,23.7203],[90.0744,23.5734],[90.267,23.4594]],[[89.7393,24.3302],[89.8087,24.1718],[89.9229,24.0821],[90.1157,23.9711],[90.2141,23.8691],[90.2181,23.7759],[90.3554,23.7087],[90.4763,23.583],[90.5616,23.5371]],[[95.3965,28.0029],[95.4438,27.8836],[95.3692,27.8057],[95.1165,27.6983],[95.1385,27.644],[94.878,27.5432],[94.8006,27.4866],[94.6517,27.3221],[94.5177,27.0723],[94.335,26.9519],[94.1927,26.8854],[94.023,26.8674],[93.7516,26.732],[93.4033,26.7387],[93.2452,26.7175],[93.1612,26.6708],[93.0085,26.6356],[92.787,26.612],[92.6559,26.5796],[92.5438,26.5214],[92.4421,26.5293],[92.3124,26.4949],[92.1547,26.4184],[92.0617,26.3225],[91.9658,26.2705],[91.6438,26.1639],[91.4363,26.1507],[91.1524,26.2047],[90.9172,26.1508],[90.7598,26.155],[90.5799,26.2043],[90.3561,26.1743],[90.0882,26.0652],[89.8901,25.9013],[89.7618,25.6824],[89.6989,25.4901],[89.7014,25.3246],[89.6801,25.1684],[89.6212,25.0263],[89.6196,24.8949],[89.7291,24.6493],[89.7499,24.4114],[89.7393,24.3302]]]}},
{"type":"Feature","properties":{"name":"Branco","rank":6,"min_zoom":5},"geometry":{"type":"LineString","coordinates":[[-63.7803,2.8464],[-63.7035,3.001],[-63.6989,3.0748],[-63.7609,3.1632],[-63.779,3.4642],[-63.7434,3.5972],[-63.6578,3.7051],[-63.5406,3.7172],[-63.392,3.6336],[-63.2889,3.6146],[-63.1886,3.6352],[-63.1111,3.4585],[-63.0396,3.3925],[-62.8646,3.3044],[-62.5861,3.1941],[-62.3833,3.1421],[-62.1649,3.1766],[-62.047,3.2508],[-61.9014,3.2689],[-61.8254,3.3162],[-61.72,3.3335],[-61.4999,3.3245],[-61.353,3.3594],[-61.2528,3.4247],[-61.095,3.4523],[-60.8255,3.4652],[-60.6657,3.4546],[-60.6156,3.4207],[-60.5687,3.3176],[-60.5248,3.1455],[-60.5758,2.9468],[-60.7216,2.7215],[-60.8007,2.5405],[-60.8133,2.4037],[-60.8712,2.2841],[-61.0304,2.1132],[-60.9826,1.9671],[-61.026,1.8642],[-61.1537,1.7216],[-61.2564,1.4714],[-61.334,1.1136],[-61.4598,0.8149],[-61.6338,0.5755],[-61.7554,0.2501],[-61.8247,-0.1613],[-61.8475,-0.4192],[-61.8116,-0.5761],[-61.8679,-0.7918],[-61.8782,-0.9563],[-61.8611,-1.1414],[-61.8809,-1.3892]]}},
{"type":"Feature","properties":{"name":"Bratul Chillia","rank":2,"min_zoom":2.1},"geometry":{"type":"LineString","coordinates":[[29.7059,45.2599],[29.5677,45.3708],[29.4037,45.4197],[29.2236,45.4029],[29.0274,45.3205],[28.7607,45.2341],[28.8831,45.18]]}},
{"type":"Feature","properties":{"name":"Bratul Sfintu Gheorghe","rank":2,"min_zoom":2.1},"geometry":{"type":"LineString","coordinates":[[28.8831,45.18],[29.0754,45.0999],[29.2047,45.0801],[29.2765,45.0069],[29.6055,44.9155]]}},
{"type":"Feature","properties":{"name":"Bratul Sulina","rank":2,"min_zoom":2.1},"geometry":{"type":"LineString","coordinates":[[28.8827,45.1798],[29.6786,45.1516]]}},
{"type":"Feature","properties":{"name":"Brazos","rank":6,"min_zoom":5},"geometry":{"type":"LineString","coordinates":[[-100.5014,32.9047],[-100.4413,32.9568],[-100.1146,33.0343],[-99.9976,33.0911],[-99.9642,33.2475],[-99.9866,33.3399],[-99.8914,33.4348],[-99.6786,33.532],[-99.4938,33.5817],[-99.3371,33.5837],[-99.2474,33.5557],[-99.1844,33.4675],[-99.0813,33.4376],[-98.9729,33.3545],[-98.882,33.2463],[-98.6996,33.136],[-98.7124,33.082],[-98.6465,32.9898],[-98.5187,33.0334],[-98.4332,32.9917],[-98.3992,32.8459],[-98.2584,32.8532],[-98.1687,32.7844],[-98.1863,32.7192],[-97.9732,32.6486],[-97.8504,32.5736],[-97.7875,32.4788],[-97.6365,32.384],[-97.6955,32.3035],[-97.6324,32.2126],[-97.4615,32.1524],[-97.4174,32.0031],[-97.3149,31.8923],[-97.2611,31.7522],[-97.1935,31.6628],[-97.06,31.5406],[-96.971,31.4206],[-96.9039,31.2441],[-96.6543,30.7907],[-96.5119,30.6101],[-96.3936,30.5514],[-96.2879,30.4116],[-96.0926,30.3245],[-96.1492,30.1637],[-96.0781,29.9312],[-96.0303,29.6657],[-95.758,29.601],[-95.5991,29.5052],[-95.5732,29.2979],[-95.6193,29.1414],[-95.5698,29.0743],[-95.3775,28.9471],[-95.3876,28.8984]]}},
{"type":"Feature","properties":{"name":"Busira","rank":6,"min_zoom":5},"geometry":{"type":"LineString","coordinates":[[20.7537,-0.2816],[20.6122,-0.2944],[20.3802,-0.2423],[20.2207,-0.2272],[20.1963,-0.1539],[20.0275,-0.1468],[19.937,-0.1047],[19.8088,-0.1476],[19.7132,-0.15],[19.5772,-0.1121],[19.4108,-0.1136],[19.2141,-0.1547],[19.0985,-0.1992],[19.0231,-0.2582],[18.9512,-0.2192]]}},
{"type":"Feature","properties":{"name":"Bykovskaya Protoka","rank":1,"min_zoom":2},"geometry":{"type":"LineString","coordinates":[[126.6897,72.2944],[126.657,72.4227],[126.7292,72.524],[126.9841,72.5152],[127.7261,72.4132]]}},
{"type":"Feature","properties":{"name":"Bénoué","rank":4,"min_zoom":4},"geometry":{"type":"LineString","coordinates":[[13.5242,7.7775],[13.6735,7.8545],[13.7171,7.9223],[13.7046,8.0063],[13.7362,8.0709],[13.85,8.1385],[13.9599,8.2404],[13.9995,8.3884],[13.9301,8.5063],[13.9266,8.5974],[13.9664,8.7264],[13.9245,8.8331],[13.801,8.9174],[13.6812,9.0545],[13.565,9.2442],[13.4752,9.3142],[13.3191,9.226],[13.1974,9.199],[13.0842,9.2228],[12.9269,9.3347],[12.8208,9.375],[12.7172,9.3513],[12.5809,9.2767],[12.4558,9.3073],[12.3418,9.443],[12.1946,9.5058],[11.9241,9.4906]]}},
{"type":"Feature","properties":{"name":"Bío-Bío","rank":5,"min_zoom":4.7},"geometry":{"type":"LineString","coordinates":[[-71.2405,-38.7695],[-71.1272,-38.691],[-71.1272,-38.602],[-71.2405,-38.4133],[-71.3042,-38.3533],[-71.3357,-38.1724],[-71.4012,-38.0814],[-71.62,-37.9196],[-71.7541,-37.7536],[-71.9182,-37.714],[-72.0902,-37.7192],[-72.2559,-37.5934],[-72.4824,-37.5574],[-72.6361,-37.4889],[-72.7409,-37.2808],[-72.8073,-37.205],[-72.9406,-37.1152],[-72.9988,-36.9265],[-73.1335,-36.7948]]}},
{"type":"Feature","properties":{"name":"Caquetá","rank":5,"min_zoom":4.7},"geometry":{"type":"LineString","coordinates":[[-76.5332,1.3298],[-76.5358,1.1391],[-76.508,1.0571],[-76.4216,1.0017],[-76.2629,0.9795],[-76.0149,1.0191],[-75.9195,0.996],[-75.8586,0.9182],[-75.6897,0.8436],[-75.4126,0.772],[-75.2522,0.6762],[-75.2086,0.5562],[-75.1392,0.4896],[-75.0439,0.4765],[-74.9878,0.4201],[-74.971,0.3205],[-74.8927,0.2408],[-74.7529,0.1809],[-74.6783,0.0996],[-74.6377,-0.0698],[-74.5267,-0.1083],[-74.4042,-0.093],[-74.3059,-0.1492],[-74.1659,-0.2634],[-74.0165,-0.3343],[-73.8848,-0.374],[-73.6927,-0.4058],[-73.5167,-0.5153],[-73.356,-0.5178],[-73.2329,-0.5818],[-73.1536,-0.5852],[-72.9694,-0.5454],[-72.8512,-0.5911],[-72.7036,-0.5907],[-72.6109,-0.6536],[-72.5289,-0.6529],[-72.3976,-0.5748],[-72.2862,-0.6072],[-72.2093,-0.5632],[-72.1391,-0.5931],[-72.0757,-0.6972],[-71.9903,-0.7653],[-71.883,-0.7976],[-71.7505,-0.9143],[-71.5432,-0.9776],[-71.5498,-1.0865],[-71.4769,-1.111],[-71.2274,-1.0615],[-71.1298,-1.0954],[-71.0358,-1.1843],[-70.8578,-1.2631],[-70.706,-1.3666],[-70.5294,-1.4353],[-70.3556,-1.419],[-70.2559,-1.4406],[-70.141,-1.503],[-70.0334,-1.5202],[-69.8931,-1.2748],[-69.8011,-1.2146],[-69.6997,-1.2545],[-69.4616,-1.2307]]}},
{"type":"Feature","properties":{"name":"Chang Jiang","rank":1,"min_zoom":2},"geometry":{"type":"LineString","coordinates":[[103.8507,28.668],[103.9423,28.6268],[104.0937,28.6207],[104.3355,28.6359],[104.4922,28.6787],[104.6204,28.7794],[104.7528,28.8174],[104.9854,28.7905],[105.0913,28.7244],[105.2086,28.7865],[105.351,28.8051],[105.4238,28.8771],[105.5765,28.9219],[105.7847,28.9061],[105.8343,28.98],[105.9458,29.0581],[106.0759,29.0797],[106.1463,29.1252],[106.157,29.1947],[106.253,29.2741],[106.4342,29.3635],[106.5181,29.4262],[106.5227,29.5165],[106.6175,29.6116],[106.7211,29.5778],[106.8018,29.5882],[106.8943,29.65],[106.9984,29.7632],[107.0837,29.7871],[107.1501,29.7215],[107.2373,29.6986],[107.3451,29.7183],[107.4188,29.7709],[107.4583,29.8564],[107.5301,29.8905],[107.6342,29.8733],[107.8417,30.0434],[108.3081,30.5795],[108.3912,30.6918],[108.4431,30.8534],[108.4958,30.8924],[108.7567,30.9365],[109.46,31.01],[109.5455,31.0345],[109.6464,31.0085],[109.9841,31.0614],[110.1427,31.0319],[110.2847,31.0455],[110.4737,31.0197],[110.8276,30.9217],[110.9709,30.8522],[111.1589,30.8286],[111.3086,30.6732],[111.3992,30.5066],[111.5205,30.3843],[111.5708,30.2872],[111.8183,30.426],[111.9687,30.3234],[112.0581,30.2927],[112.2469,30.2775],[112.215,30.1251],[112.2518,30.0677],[112.3625,30.0184],[112.4056,29.9269],[112.381,29.7933],[112.4097,29.7385],[112.5437,29.7923],[112.6045,29.7524],[112.7065,29.7994],[112.8188,29.7374],[112.8846,29.7603],[112.9551,29.6907],[112.9241,29.53],[113.0527,29.4691],[113.1277,29.4628]]}},
{"type":"Feature","properties":{"name":"Chari","rank":6,"min_zoom":5},"geometry":{"type":"MultiLineString","coordinates":[[[18.886,8.8361],[18.8423,8.8156],[18.6247,8.9137],[18.4756,9.0413],[18.2315,9.3193],[17.7911,9.7221],[17.6234,9.9128],[17.5205,10.1289],[17.3721,10.2962],[17.2483,10.3876],[17.1044,10.4557],[17.0511,10.5252],[16.9633,10.5731],[16.7419,10.4894],[16.6109,10.4808],[16.4833,10.5222],[16.3397,10.5979],[16.1802,10.7077],[16.0166,10.7727],[15.8488,10.7929],[15.7108,10.8337],[15.6026,10.8952],[15.4657,11.0191],[15.3862,11.3444],[15.3222,11.4955],[15.3008,11.6382],[15.3219,11.7725],[15.2829,11.8953],[15.1838,12.0067],[15.0751,12.085]],[[15.0751,12.085],[14.9498,12.0427],[14.6917,12.1439],[14.5835,12.2188],[14.5189,12.2983],[14.4154,12.3441],[14.1975,12.3838],[14.1761,12.4712]],[[15.0751,12.085],[14.9567,12.1303],[14.8807,12.2694],[14.8471,12.5021],[14.7612,12.6556],[14.6233,12.7299],[14.5448,12.8202],[14.5163,12.9798]]]}},
{"type":"Feature","properties":{"name":"Chattahoochee","rank":6,"min_zoom":5},"geometry":{"type":"MultiLineString","coordinates":[[[-84.8859,30.7207],[-84.9606,30.5736],[-85.1168,30.1698],[-85.1133,30.08],[-85.043,29.995],[-85.0161,29.9091],[-85.0241,29.7719],[-84.9692,29.7453]],[[-85.067,31.6352],[-85.0549,31.5727],[-85.0926,31.2957],[-85.0674,31.1176],[-84.9663,30.9226]],[[-84.0756,34.167],[-84.105,34.0909],[-84.2297,33.995],[-84.3389,33.9979],[-84.4302,33.9263],[-84.5658,33.7654],[-84.7295,33.6219],[-84.9212,33.4958],[-85.0371,33.3963],[-85.0889,33.2525],[-85.0963,33.1074],[-85.1845,32.9372],[-85.1565,32.8043],[-85.015,32.5262],[-84.9297,32.2466],[-85.0346,32.1474],[-85.0646,32.051]],[[-83.7463,34.7157],[-83.6914,34.7002],[-83.6361,34.5867],[-83.6721,34.5038],[-83.817,34.3637]]]}},
{"type":"Feature","properties":{"name":"Chattooga","rank":6,"min_zoom":5},"geometry":{"type":"LineString","coordinates":[[-83.1206,35.0763],[-83.1704,34.9329],[-83.3167,34.8057],[-83.3556,34.7083]]}},
{"type":"Feature","properties":{"name":"Chenab","rank":6,"min_zoom":5},"geometry":{"type":"MultiLineString","coordinates":[[[72.1388,31.1833],[72.1031,31.0478],[71.7715,30.6142],[71.6786,30.5829],[71.4348,30.3803],[71.3163,30.2062],[71.2211,29.986],[71.173,29.8292],[71.1721,29.7355],[71.1306,29.6495],[71.0172,29.505],[71.0141,29.3262],[70.9551,29.2378],[70.8574,29.2233],[70.6838,29.0374],[70.6116,29.0231]],[[77.4356,32.2931],[77.1339,32.457],[76.9398,32.5933],[76.7674,32.6711],[76.5521,32.7359],[76.4373,32.8417],[76.4234,32.9886],[76.3381,33.1224],[76.1815,33.243],[76.0202,33.3232],[75.7594,33.3709],[75.746,33.3053],[75.7879,33.1713],[75.4679,33.1439],[75.3083,33.1735],[75.1979,33.2407],[75.122,33.2464],[74.9992,33.1703],[74.8786,33.1857],[74.8087,33.123],[74.7895,32.9823],[74.5828,32.7888],[74.1885,32.5425],[73.8437,32.3713],[73.5482,32.2754],[73.3352,32.146],[73.1391,31.9021],[72.9743,31.7582],[72.8536,31.6993],[72.7218,31.6772],[72.5823,31.6217],[72.3339,31.4572],[72.2788,31.3954],[72.2103,31.211],[72.1386,31.1833]]]}},
{"type":"Feature","properties":{"name":"Chixoy","rank":5,"min_zoom":4.7},"geometry":{"type":"LineString","coordinates":[[-91.2782,15.0175],[-91.2639,15.1574],[-91.3026,15.2366],[-91.2566,15.2846],[-91.0469,15.3081],[-90.8813,15.2876],[-90.6768,15.2358],[-90.5552,15.2251],[-90.4826,15.3158],[-90.6465,15.3784],[-90.6764,15.4271],[-90.6235,15.4929],[-90.6401,15.6222],[-90.7492,15.6727],[-90.8089,15.7326],[-90.7317,15.9507],[-90.6372,16.0192],[-90.506,16.0229],[-90.4469,16.0706],[-90.4599,16.1624],[-90.417,16.391]]}},
{"type":"Feature","properties":{"name":"Chubut","rank":6,"min_zoom":5},"geometry":{"type":"MultiLineString","coordinates":[[[-71.22,-43.5816],[-71.092,-43.6081],[-71.0134,-43.5617],[-70.9058,-43.3962]],[[-70.8991,-43.3928],[-70.811,-43.0959],[-70.7442,-42.9822],[-70.626,-42.9037],[-70.5788,-42.7661],[-70.4078,-42.6253],[-69.9702,-42.6276],[-69.6857,-42.6637],[-69.5082,-42.8208],[-69.2516,-43.1144],[-69.1337,-43.3045],[-69.1531,-43.4473],[-68.9759,-43.5824],[-68.8438,-43.7742],[-68.7654,-43.8175],[-68.5468,-43.8062],[-68.4103,-43.8425],[-68.1022,-43.8239],[-67.3578,-43.7139],[-67.2637,-43.7418],[-67.1597,-43.8315],[-66.8786,-43.8377],[-66.523,-43.8],[-66.4583,-43.7676],[-66.4441,-43.6771],[-66.2774,-43.577],[-66.1073,-43.5211],[-65.902,-43.3917],[-65.656,-43.3439],[-65.4793,-43.2875],[-65.3441,-43.2861],[-65.0466,-43.3334]]]}},
{"type":"Feature","properties":{"name":"Chulyshman","rank":6,"min_zoom":5},"geometry":{"type":"LineString","coordinates":[[89.6564,50.5045],[89.4025,50.5981],[89.1938,50.6223],[88.9457,50.6083],[88.7598,50.6556],[88.6363,50.7641],[88.512,50.8312],[88.2198,50.9292],[87.8605,51.151],[87.7352,51.3025],[87.7557,51.3644]]}},
{"type":"Feature","properties":{"name":"Churchill","rank":6,"min_zoom":5},"geometry":{"type":"MultiLineString","coordinates":[[[-64.6216,52.8909],[-64.6821,53.1253]],[[-64.6777,53.3822],[-64.5765,53.4897],[-64.4487,53.5325],[-64.2604,53.5463],[-63.8673,53.5075],[-63.6377,53.4253],[-63.378,53.2913],[-63.0341,53.2098],[-62.606,53.1806],[-62.352,53.1451],[-62.2145,53.0423],[-62.1791,52.9626],[-62.0361,52.9106],[-61.7852,52.8864],[-61.6501,52.9055],[-61.5776,52.9958],[-61.4479,52.9862],[-60.9808,53.1978],[-60.724,53.2684],[-60.5583,53.25],[-60.3375,53.2774]]]}},
{"type":"Feature","properties":{"name":"Coco","rank":6,"min_zoom":5},"geometry":{"type":"LineString","coordinates":[[-86.844,13.4204],[-86.6392,13.5129],[-86.4923,13.6104],[-86.4111,13.6359],[-86.2816,13.5721],[-86.2165,13.4871],[-86.1477,13.4607],[-86.0752,13.4929],[-85.9346,13.4961],[-85.8563,13.5809],[-85.7694,13.7591],[-85.6819,13.9826],[-85.5798,14.0282],[-85.4771,14.1087],[-85.3738,14.2239],[-85.1795,14.3433],[-85.1915,14.4466],[-85.1613,14.5252],[-85.0365,14.6077],[-85.0373,14.6856],[-84.9851,14.7524],[-84.8604,14.8097],[-84.7892,14.7904],[-84.7298,14.7134],[-84.646,14.6611],[-84.5377,14.6334],[-84.4535,14.6437],[-84.3937,14.6918],[-84.2667,14.6981],[-84.1144,14.731],[-84.0658,14.7861],[-83.9723,14.7711],[-83.8673,14.7945],[-83.7509,14.8563],[-83.5897,14.9076],[-83.5365,14.977],[-83.415,15.0081],[-83.1575,14.9931]]}},
{"type":"Feature","properties":{"name":"Colorado","rank":5,"min_zoom":4.7},"geometry":{"type":"MultiLineString","coordinates":[[[-64.9703,-38.8037],[-64.5963,-38.8413],[-64.3903,-38.8777],[-64.2277,-38.9254],[-63.989,-39.0385],[-63.674,-39.2169],[-63.4564,-39.3157],[-63.3362,-39.3349],[-63.0909,-39.451],[-62.9184,-39.4991],[-62.6967,-39.5244],[-62.5166,-39.6083],[-62.254,-39.8805]],[[-70.302,-35.2881],[-70.223,-35.5905],[-70.1656,-35.7218],[-70.0724,-35.8132],[-69.8653,-35.8601],[-69.7624,-35.9638],[-69.6944,-36.1398],[-69.6709,-36.2597],[-69.6934,-36.4065],[-69.6942,-36.5961],[-69.7848,-36.7796],[-69.7966,-37.0198],[-69.6209,-37.1457],[-69.463,-37.1737],[-69.2255,-37.1902],[-69.0764,-37.2399],[-69.0156,-37.3226],[-68.8704,-37.3833],[-68.6409,-37.422],[-68.5015,-37.4654],[-68.4523,-37.5137],[-68.2726,-37.558],[-67.9625,-37.5981],[-67.7832,-37.6586],[-67.7349,-37.7396],[-67.7505,-37.8205],[-67.8303,-37.9014],[-67.8584,-38.0222],[-67.6895,-38.1224],[-67.5993,-38.2153],[-67.4598,-38.252],[-67.2711,-38.2324],[-67.15,-38.2692],[-67.0966,-38.3625],[-66.9931,-38.4359],[-66.6533,-38.5637],[-66.5758,-38.6711],[-66.4345,-38.7261],[-66.0682,-38.7402],[-65.658,-38.8074],[-65.5142,-38.7915],[-65.2701,-38.8297],[-64.9777,-38.8037]],[[-114.721,32.7245],[-114.788,32.5648],[-114.9591,32.4198],[-115.0246,32.2943],[-115.1643,32.1757],[-115.1959,32.0585],[-115.0928,31.9646],[-114.9336,31.9007]],[[-114.1635,34.2534],[-114.3293,34.142],[-114.4183,34.0512],[-114.5091,33.9039],[-114.4993,33.6859],[-114.6026,33.4699],[-114.7017,33.4178],[-114.7194,33.3309],[-114.7044,33.1698],[-114.6481,33.0718],[-114.4909,32.9836],[-114.4775,32.842],[-114.5822,32.7347],[-114.7209,32.7245]],[[-114.591,35.3528],[-114.6109,34.9074],[-114.5575,34.7946],[-114.398,34.5897],[-114.3789,34.5406]],[[-114.7414,36.0135],[-114.6871,35.9173],[-114.6771,35.7298],[-114.6452,35.6305]],[[-112.8764,36.2804],[-113.2063,36.1242],[-113.3248,35.9947],[-113.3231,35.8354],[-113.422,35.7624],[-113.6357,35.8308]],[[-111.4734,36.9321],[-111.5908,36.8495],[-111.6828,36.7477],[-111.852,36.488],[-111.8648,36.32],[-111.8258,36.2056],[-111.8908,36.0808],[-111.995,36.0728],[-112.1472,36.102],[-112.2562,36.1514],[-112.3221,36.2211],[-112.4954,36.2536],[-112.4674,36.3659],[-112.5326,36.4006],[-112.693,36.3716],[-112.8814,36.2804]],[[-105.8614,40.1647],[-106.1258,40.0927],[-106.2846,40.091],[-106.4821,40.0185],[-106.5948,39.9227],[-106.6762,39.8899],[-106.7931,39.9244],[-106.9694,39.8281],[-107.132,39.6437],[-107.2354,39.6024],[-107.5408,39.5789],[-107.7337,39.5792],[-107.9441,39.5117],[-108.2423,39.3146],[-108.314,39.1783],[-108.4336,39.0994],[-108.5579,39.0899],[-108.8011,39.184],[-108.952,39.1984],[-109.1956,39.0329],[-109.2647,38.9351],[-109.3629,38.7342],[-109.6345,38.5462],[-109.7845,38.2794],[-110.1309,37.9618],[-110.2485,37.8949],[-110.3676,37.8979]],[[-105.8456,40.4041],[-105.8206,40.1849]]]}},
{"type":"Feature","properties":{"name":"Columbia","rank":3,"min_zoom":3},"geometry":{"type":"MultiLineString","coordinates":[[[-122.1499,45.5938],[-122.6498,45.6274],[-122.7259,45.6738],[-122.8434,45.9781],[-122.942,46.1149],[-123.1209,46.1788],[-123.2206,46.1536]],[[-118.1682,48.2324],[-118.232,48.0856],[-118.3677,47.9958],[-118.3753,47.8492],[-118.6654,47.9269],[-118.8536,47.9304],[-118.9826,47.9819],[-119.0523,48.0816],[-119.2283,48.1009],[-119.5105,48.0397],[-119.6811,48.0305],[-119.801,48.0847],[-119.8866,48.0289],[-119.8936,47.8912],[-119.9692,47.8131],[-120.1399,47.7628],[-120.2138,47.6935],[-120.2735,47.4869],[-120.194,47.3817],[-120.0684,47.3288],[-120.0101,47.2186],[-119.9917,46.9853],[-119.9394,46.7805],[-119.8379,46.6742],[-119.6872,46.6667],[-119.506,46.716],[-119.4175,46.6788],[-119.3111,46.5688],[-119.2561,46.4562],[-119.2526,46.341],[-119.2011,46.2685],[-119.0361,46.2065],[-118.9249,46.0798],[-119.0499,45.9815],[-119.1773,45.9451],[-119.4291,45.9342],[-119.9343,45.8379],[-120.156,45.7622],[-120.3514,45.7252],[-120.7158,45.6898],[-121.0452,45.639],[-121.1843,45.6438],[-121.2427,45.687],[-121.4021,45.7118],[-121.6625,45.7181],[-121.882,45.6895],[-122.1499,45.5939]],[[-117.9071,49.3416],[-117.7213,49.331],[-117.6764,49.2755],[-117.7106,49.1716],[-117.6818,49.0152],[-118.021,48.7656],[-118.0736,48.6635]],[[-117.8802,50.1031],[-117.9495,49.9707],[-118.0743,49.8813],[-118.0925,49.8015]],[[-115.8654,50.2875],[-116.0814,50.5915],[-116.3652,50.8896],[-116.5446,51.01],[-116.7623,51.1197],[-116.9315,51.2442],[-117.0521,51.3835],[-117.1828,51.471],[-117.4249,51.5581],[-117.5171,51.6592]],[[-117.8727,51.8702],[-118.3662,52.09]],[[-118.5266,52.1021],[-118.5813,52.0519],[-118.589,51.925],[-118.6607,51.7963],[-118.6723,51.6956],[-118.4626,51.4255],[-118.2373,51.2138],[-118.2084,51.0002],[-118.1379,50.9028],[-117.9064,50.6829]]]}},
{"type":"Feature","properties":{"name":"Congo","rank":2,"min_zoom":2.1},"geometry":{"type":"MultiLineString","coordinates":[[[26.4413,-8.272],[26.7424,-8.193],[26.8383,-8.0109],[26.9277,-7.9492],[26.9733,-7.8638],[26.8385,-7.7203],[26.8654,-7.5288],[27.0091,-7.2292],[27.0487,-6.9913],[26.9841,-6.8151],[26.9613,-6.6636],[26.9802,-6.5367],[26.9702,-6.4219],[26.9311,-6.3191],[26.9061,-6.1726],[26.8999,-5.8178],[26.9305,-5.6103]],[[24.2923,0.7817],[24.1782,0.9237],[24.0049,1.0216],[23.7344,1.1227],[23.4607,1.3418],[23.1838,1.679],[22.9678,1.8732],[22.7349,1.95],[22.557,2.1012],[22.3965,2.1606],[22.194,2.1785],[21.9688,2.1776],[21.7208,2.1579],[21.4993,2.1125],[21.3043,2.0414],[20.9438,1.9947],[20.4179,1.9725],[19.9019,1.8644],[19.1428,1.5736],[18.7141,1.2232],[18.5261,1.0522],[18.4359,0.9437],[18.3429,0.692],[18.1992,0.0998],[18.1843,0.0631],[18.1085,-0.1241],[17.8998,-0.3908],[17.7529,-0.5491],[17.5428,-0.775],[17.2788,-0.9996],[17.1076,-1.0645],[16.9747,-1.1399],[16.8491,-1.2725],[16.7801,-1.3764],[16.6225,-1.699],[16.5407,-1.8401],[16.4336,-1.9609],[16.2154,-2.1778],[16.1916,-2.2791],[16.2173,-3.0303],[16.1906,-3.1944],[16.1467,-3.4641],[15.9901,-3.7662],[15.8724,-3.9343],[15.6001,-4.0309],[15.526,-4.088],[15.4809,-4.1718],[15.3946,-4.245],[15.2672,-4.3076],[15.1063,-4.4611],[14.9121,-4.7056],[14.7793,-4.8457],[14.634,-4.8851],[14.4939,-4.8516],[14.4177,-4.8831],[14.2339,-4.9124],[14.0539,-4.9906],[14.0046,-5.052],[13.9379,-5.2046],[13.8628,-5.2782],[13.6919,-5.3099],[13.6234,-5.2997],[13.543,-5.3585],[13.5948,-5.4816],[13.5531,-5.576],[13.5635,-5.655],[13.5121,-5.7434],[13.3987,-5.8414],[13.3026,-5.8819],[13.1843,-5.8563],[13.0682,-5.8649]]]}},
{"type":"Feature","properties":{"name":"Copper","rank":6,"min_zoom":5},"geometry":{"type":"LineString","coordinates":[[-143.6584,62.4736],[-143.6752,62.5574],[-143.7762,62.6458],[-144.2034,62.699],[-144.4582,62.663],[-144.7334,62.5683],[-145.1137,62.4027],[-145.3355,62.2863],[-145.4188,62.1573],[-145.3839,62.073],[-145.166,61.9164],[-144.9361,61.8099],[-144.6214,61.7015],[-144.4548,61.617],[-144.4272,61.5263],[-144.4863,61.4528],[-144.729,61.3656],[-144.8772,61.238],[-144.815,61.0488],[-144.5338,60.8333],[-144.5319,60.7882],[-144.6911,60.6691]]}},
{"type":"Feature","properties":{"name":"Coppermine","rank":6,"min_zoom":5},"geometry":{"type":"MultiLineString","coordinates":[[[-111.2121,64.5826],[-111.3513,64.5518],[-111.7146,64.6276],[-111.9662,64.6378]],[[-112.3178,64.9602],[-112.3434,64.8988]],[[-114.1734,65.6384],[-114.1679,65.6839],[-114.3604,65.7871],[-114.4393,65.9577],[-114.3215,66.0964],[-114.3736,66.2327],[-114.5595,66.4443],[-114.7512,66.586],[-114.9484,66.6576],[-115.2654,66.7277],[-115.9206,66.8307],[-116.1566,66.8098],[-116.326,66.8896],[-116.0739,67.2243],[-115.6005,67.2361],[-115.7235,67.3889],[-115.5983,67.5632],[-115.4576,67.6906],[-115.1332,67.8192]]]}},
{"type":"Feature","properties":{"name":"Cubango","rank":6,"min_zoom":5},"geometry":{"type":"LineString","coordinates":[[16.1451,-12.6541],[16.1916,-12.6336],[16.2882,-12.7251],[16.3276,-12.821],[16.3648,-13.0103],[16.4313,-13.4362],[16.4141,-13.7112],[16.3353,-13.977],[16.2879,-14.1959],[16.2719,-14.3679],[16.294,-14.4934],[16.4456,-14.6412],[16.5683,-14.6994],[16.6461,-14.8206],[16.6792,-15.0051],[16.75,-15.1665],[16.8585,-15.3047],[17.005,-15.4363],[17.2877,-15.5083],[17.3787,-15.5552],[17.4621,-15.7141],[17.5858,-15.853],[17.6638,-16.019],[17.6959,-16.2121],[17.7668,-16.4182],[17.8764,-16.6372],[18.0954,-16.9526],[18.5881,-17.57],[18.7181,-17.7033],[18.826,-17.7663],[19.0765,-17.8177],[19.1895,-17.8085],[19.3771,-17.8255],[19.6393,-17.8686],[19.9118,-17.8813],[20.1944,-17.8637],[20.393,-17.8874],[20.6251,-17.9967],[20.7455,-18.0198],[20.9083,-18.0061],[21.1135,-17.9558],[21.2879,-17.963],[21.5034,-18.0602]]}},
{"type":"Feature","properties":{"name":"Culuene","rank":5,"min_zoom":4.7},"geometry":{"type":"LineString","coordinates":[[-54.6091,-14.9841],[-54.3573,-14.8966],[-54.2512,-14.8366],[-54.2068,-14.7748],[-54.1363,-14.7579],[-53.9669,-14.7902],[-53.8938,-14.7608],[-53.6594,-14.5915],[-53.5122,-14.3459],[-53.3739,-13.9676],[-53.2687,-13.7361],[-53.1966,-13.6511],[-53.08,-13.3437],[-52.9219,-13.0186],[-52.8768,-12.8073],[-52.9446,-12.7097],[-52.9527,-12.6111],[-53.0043,-12.5169],[-53.1248,-12.3615],[-53.3291,-12.1615],[-53.3912,-12.0472],[-53.5323,-11.9182],[-53.5987,-11.7495],[-53.5674,-11.6369],[-53.4441,-11.4437]]}},
{"type":"Feature","properties":{"name":"Dadu","rank":6,"min_zoom":5},"geometry":{"type":"LineString","coordinates":[[100.0702,33.0057],[100.2404,32.8391],[100.3713,32.7791],[100.5087,32.6272],[100.8008,32.4269],[100.8425,32.3261],[100.921,32.2953],[100.9698,32.2121],[100.9988,32.0088],[101.2143,31.8366],[101.4223,31.7997],[101.6944,31.8406],[101.8795,31.8235],[101.9774,31.7482],[102.039,31.6464],[102.0642,31.518],[102.0108,31.3892],[102.0096,31.2576],[101.8874,31.1049],[101.8824,30.9247],[102.0127,30.7481],[102.0584,30.6555],[102.1023,30.4463],[102.1694,30.2911],[102.1949,30.1748],[102.1787,30.0974],[102.2139,29.979],[102.2129,29.8396],[102.1821,29.6138],[102.2062,29.4392],[102.2851,29.3157],[102.3973,29.2778],[102.6157,29.3495],[102.7597,29.313],[102.8768,29.2371],[102.9311,29.2813],[103.0221,29.2581],[103.1508,29.2892],[103.2779,29.2613],[103.3589,29.3108],[103.5059,29.2915],[103.5945,29.237],[103.6392,29.3212],[103.5692,29.3596],[103.5946,29.4548],[103.7192,29.537]]}},
{"type":"Feature","properties":{"name":"Daly","rank":6,"min_zoom":5},"geometry":{"type":"LineString","coordinates":[[131.8437,-14.7057],[131.7495,-14.6686],[131.6807,-14.4906],[131.5655,-14.3448],[131.2573,-14.0729],[131.2004,-13.9815],[131.174,-13.8489],[131.0371,-13.8547],[130.9161,-13.9041],[130.8274,-13.9135],[130.7213,-13.8188],[130.6783,-13.7213],[130.5462,-13.6176],[130.482,-13.5161],[130.4091,-13.4563],[130.3274,-13.4379],[130.3249,-13.33],[130.2598,-13.3022]]}},
{"type":"Feature","properties":{"name":"Dalälven","rank":6,"min_zoom":5},"geometry":{"type":"MultiLineString","coordinates":[[[16.433,60.1558],[16.4987,60.1633]],[[17.4173,60.5096],[17.4571,60.6418]],[[14.9731,60.7281],[15.1068,60.5566],[15.3426,60.5413],[15.6114,60.432],[15.7537,60.4006],[16.006,60.3898],[16.1115,60.1728],[16.3232,60.1217]],[[13.7181,61.4133],[13.7683,61.2843],[13.9486,61.2676],[14.2307,61.1162],[14.5522,60.9975]],[[12.0951,62.1501],[12.2908,62.1195],[12.4103,61.9993],[13.2117,61.6635]]]}},
{"type":"Feature","properties":{"name":"Damietta Branch","rank":1,"min_zoom":2},"geometry":{"type":"LineString","coordinates":[[31.1633,30.1513],[31.0781,30.3248],[31.1073,30.4189],[31.2104,30.5077],[31.2498,30.6232],[31.2257,30.7657],[31.2447,30.9319],[31.4199,31.1284],[31.5788,31.1924],[31.6712,31.2779],[31.8392,31.5263]]}},
{"type":"Feature","properties":{"name":"Danube","rank":2,"min_zoom":2.1},"geometry":{"type":"LineString","coordinates":[[17.2064,48.0611],[17.4806,47.8876],[17.7619,47.7702],[18.1456,47.7634],[18.7536,47.7884],[19.0002,47.8192],[19.1035,47.7792],[19.1239,47.7091],[19.06,47.481],[18.9588,47.3647],[18.8836,47.1512],[18.9353,47.033],[18.9659,46.6851],[18.8736,46.5859],[18.9188,46.4229],[18.9162,46.2712],[18.8591,46.1511],[18.7475,46.0627],[18.7593,45.9347],[18.8391,45.8358],[18.9473,45.6558],[18.9537,45.558],[19.0551,45.5272],[19.0047,45.3995],[19.0931,45.3369],[19.2728,45.278],[19.4747,45.2433],[19.6988,45.2331],[19.907,45.2592],[20.0448,45.1862],[20.1631,45.1791],[20.2823,45.1258],[20.3391,45.0384],[20.3256,44.9691],[20.421,44.8638],[20.6356,44.8284],[20.7311,44.6926],[20.9128,44.708],[21.3601,44.8267],[21.5232,44.7901],[21.6361,44.7105],[21.9093,44.6661],[22.0269,44.6199],[22.0931,44.5419],[22.201,44.5607],[22.3507,44.6761],[22.4977,44.7063],[22.7209,44.6055],[22.7008,44.5555],[22.554,44.5403],[22.4946,44.4354],[22.648,44.3165],[22.6878,44.2483],[23.0285,44.078],[22.8683,43.9479],[22.919,43.8345],[23.2246,43.8739],[23.5346,43.8536],[23.9508,43.7867],[24.2268,43.7635],[24.4306,43.7944],[25.1596,43.6863],[25.4971,43.6708],[25.6861,43.7118],[25.8188,43.7668],[25.9334,43.8706],[26.2158,44.0073],[26.4892,44.084],[26.8477,44.1462],[27.0869,44.1674],[27.2666,44.1378],[27.4125,44.1377],[27.8602,44.2626],[28.0221,44.3426],[28.0799,44.4193],[27.9921,44.6637],[27.8767,44.7441],[27.8302,44.7956],[27.8946,44.9676],[27.9648,45.2687],[28.0789,45.4141],[28.2125,45.4505],[28.3177,45.3471],[28.4513,45.2922],[28.7607,45.2341]]}},
{"type":"Feature","properties":{"name":"Darling","rank":3,"min_zoom":3},"geometry":{"type":"LineString","coordinates":[[147.4145,-30.1246],[147.2617,-30.1222],[147.0481,-30.0268],[146.7995,-29.953],[146.6555,-29.9275],[146.4602,-29.9624],[146.1877,-29.9633],[146.043,-29.9835],[145.909,-30.103],[145.6918,-30.2239],[145.4672,-30.4095],[145.3382,-30.4095],[145.272,-30.4638],[145.1575,-30.4788],[145.0077,-30.6262],[144.9063,-30.6625],[144.8133,-30.733],[144.7285,-30.838],[144.6221,-30.9005],[144.4943,-30.9205],[144.4108,-30.9647],[144.3716,-31.0327],[144.2703,-31.1023],[144.1068,-31.1733],[144.0224,-31.2504],[144.0171,-31.3334],[143.9038,-31.4027],[143.6826,-31.4583],[143.548,-31.5139],[143.5,-31.5697],[143.411,-31.5754],[143.2978,-31.7369],[143.1974,-31.7792],[143.1562,-31.8392],[143.0404,-31.9032],[142.9785,-32.0897],[142.5382,-32.3328],[142.4036,-32.5048],[142.3881,-32.8039],[142.3965,-32.9511],[142.326,-33.1433],[142.3679,-33.239],[142.5696,-33.4001],[142.5346,-33.512],[142.4489,-33.6318],[142.3122,-33.7234],[142.1244,-33.7866],[142.0016,-33.8668],[141.9176,-34.0385],[141.9264,-34.1168]]}},
{"type":"Feature","properties":{"name":"Daugava","rank":5,"min_zoom":4.7},"geometry":{"type":"LineString","coordinates":[[32.0776,56.9077],[32.3177,56.7501],[32.2729,56.6093],[32.1349,56.4783],[32.0726,56.3151],[32.0678,56.1939],[31.8753,56.0689],[31.6414,56.0655],[31.3896,55.989],[31.3795,55.8888],[31.449,55.7384],[31.4153,55.6551],[31.1714,55.6006],[31.0558,55.5093],[30.6432,55.4361],[30.4086,55.3694],[30.2144,55.2847],[30.1479,55.1947],[29.7568,55.1867],[29.722,55.1289],[29.4382,55.1115],[29.3156,55.1553],[29.2021,55.2577],[29.0571,55.3292],[28.9187,55.4547],[28.7235,55.5236],[28.5039,55.566],[28.2599,55.5818],[28.0872,55.6202],[27.9858,55.6814],[27.8552,55.8192],[27.4591,55.8035],[27.0148,55.8985],[26.8092,55.9072],[26.6208,55.8799],[26.4892,55.8991],[26.4141,55.9649],[26.3402,56.1213],[26.1842,56.2645],[26.1659,56.3416],[26.0643,56.4177],[25.8794,56.4928],[25.7098,56.6093],[25.5341,56.5898],[25.4436,56.6171],[25.1745,56.5943],[24.8907,56.6683],[24.5054,56.8274],[24.2203,56.8939],[24.0914,56.9853],[24.0543,57.0661]]}},
{"type":"Feature","properties":{"name":"Desaguadero","rank":6,"min_zoom":5},"geometry":{"type":"LineString","coordinates":[[-67.3618,-32.3969],[-67.2346,-32.6701],[-67.201,-32.7999],[-67.2083,-33.0444],[-67.1708,-33.3009],[-67.0508,-33.5879],[-66.8484,-33.9055],[-66.7502,-34.0943],[-66.806,-34.2181],[-66.8149,-34.3459],[-66.7568,-34.5578],[-66.6136,-34.7936],[-66.522,-35.0564],[-66.5343,-35.3462],[-66.5923,-35.7901],[-66.6785,-36.0776],[-66.7931,-36.2088],[-66.8325,-36.3946],[-66.7968,-36.6351],[-66.7953,-36.7998],[-66.8276,-36.9895],[-66.7841,-37.2513],[-66.6509,-37.3248],[-66.4585,-37.4976],[-66.2792,-37.5467],[-66.2115,-37.6059],[-66.1676,-37.7219],[-66.0671,-37.7992],[-65.9101,-37.8379],[-65.8218,-37.9146],[-65.8183,-38.0966],[-65.9122,-38.1609],[-65.9122,-38.2825],[-65.8097,-38.3237],[-65.6296,-38.4887],[-65.3128,-38.6603],[-64.9703,-38.8037]]}},
{"type":"Feature","properties":{"name":"Dicle","rank":4,"min_zoom":4},"geometry":{"type":"LineString","coordinates":[[39.6431,38.4156],[40.0185,38.3477],[40.0244,38.3056],[40.1499,38.223],[40.1714,38.1063],[40.2619,38.0233],[40.2519,37.9028],[40.4274,37.832],[40.9686,37.8005],[41.1553,37.7573],[41.3583,37.7441],[41.6397,37.7464],[41.8005,37.7088],[41.8823,37.4408],[42.0937,37.3952],[42.2257,37.3219],[42.3128,37.2296],[42.3766,37.0625]]}},
{"type":"Feature","properties":{"name":"Digul","rank":6,"min_zoom":5},"geometry":{"type":"LineString","coordinates":[[140.6828,-4.8557],[140.7307,-4.9152],[140.7343,-5.0298],[140.5968,-5.253],[140.3189,-5.536],[140.223,-5.673],[140.2165,-5.7584],[140.2889,-5.8826],[140.3094,-5.9613],[140.2952,-6.1163],[140.264,-6.1526],[140.2895,-6.3195],[140.346,-6.4271],[140.3372,-6.51],[140.3818,-6.6162],[140.3211,-6.7505],[140.2054,-6.8307],[140.1112,-6.9465],[140.0919,-7.0661],[139.9992,-7.1529],[139.8498,-7.1045],[139.7397,-7.1375],[139.7067,-7.2036],[139.5894,-7.1999],[139.5212,-7.2518],[139.4207,-7.1596],[139.3545,-7.2038],[139.2372,-7.1768],[139.1769,-7.1904]]}},
{"type":"Feature","properties":{"name":"Dihang","rank":2,"min_zoom":2.1},"geometry":{"type":"LineString","coordinates":[[94.356,29.3095],[94.5257,29.4387],[94.641,29.4843],[94.7585,29.4893],[94.8974,29.5801],[94.9087,29.6894],[95.0693,29.7522],[95.1708,29.876],[95.2945,29.8502],[95.3951,29.6911],[95.4176,29.531],[95.3852,29.4104],[95.1911,29.2584],[95.0643,29.1983],[94.944,29.0898],[94.8303,28.9329],[94.8089,28.8461],[94.8799,28.8294],[94.961,28.7506],[95.0966,28.506],[95.0676,28.3759],[95.0179,28.3163],[95.0222,28.2018],[95.1994,28.1694],[95.2905,28.1268],[95.3965,28.0029]]}},
{"type":"Feature","properties":{"name":"Dnepre","rank":4,"min_zoom":4},"geometry":{"type":"LineString","coordinates":[[33.7353,55.8737],[33.803,55.7641],[33.891,55.713],[33.7679,55.5698],[33.6219,55.556],[33.5845,55.4982],[33.5699,55.2872],[33.4733,55.1448],[33.3907,54.9172]]}},
{"type":"Feature","properties":{"name":"Dniester","rank":6,"min_zoom":5},"geometry":{"type":"MultiLineString","coordinates":[[[30.4783,46.1012],[30.493,46.0902]],[[22.8466,49.2671],[23.0823,49.4607],[23.3884,49.554],[23.6074,49.5648],[24.0186,49.481],[24.2266,49.3724],[24.2807,49.2904],[24.5943,49.1819],[24.8512,49.0279],[24.9869,48.9982],[25.2507,48.8419],[25.3977,48.8453],[25.5205,48.8089],[25.6682,48.6894],[25.8941,48.6075],[26.0366,48.6172],[26.0719,48.5723],[26.2531,48.5294],[26.3979,48.5351],[26.5548,48.4741],[26.8038,48.5791],[26.9967,48.5603],[27.2719,48.6005],[27.433,48.5837],[27.5737,48.4649],[27.7144,48.4495],[27.8906,48.3652],[28.0384,48.3213],[28.0885,48.2571],[28.291,48.2386],[28.327,48.1614],[28.5392,48.1041],[28.5718,48.028],[28.7656,47.9866],[28.9339,47.8979],[29.0102,47.7957],[28.9944,47.6801],[29.0795,47.5036],[29.1539,47.2348],[29.137,47.1356],[29.265,47.146],[29.3592,47.0664],[29.3106,46.9671],[29.4236,46.9547],[29.5373,46.8006],[29.6352,46.8126],[29.6934,46.6645],[30.131,46.4231],[30.2541,46.4005],[30.2688,46.32]]]}},
{"type":"Feature","properties":{"name":"Dnipro","rank":4,"min_zoom":4},"geometry":{"type":"MultiLineString","coordinates":[[[32.578,46.6156],[32.6455,46.6496],[33.0666,46.7587],[33.3569,46.7859],[33.5399,46.8313]],[[35.1053,47.8401],[35.1299,47.972],[35.0766,48.0809],[35.1849,48.15],[35.1696,48.2798],[35.1126,48.3937],[34.9588,48.4771],[34.8186,48.4922],[34.4101,48.6402],[34.0646,48.8078],[33.3631,49.0654],[33.194,49.0939]],[[31.888,49.5544],[31.6907,49.6361],[31.4624,49.7567]],[[31.4399,50.0001],[31.2443,49.9789],[31.0712,50.0232],[30.8555,50.1258],[30.7067,50.222],[30.5666,50.4167],[30.5147,50.5966]],[[33.3907,54.9172],[32.9779,55.0011],[32.7381,54.9163],[32.6113,54.7629],[32.5115,54.6941],[32.3816,54.6949],[32.2214,54.7654],[32.0056,54.7771],[31.5983,54.7067],[30.9737,54.6551],[30.7176,54.6134],[30.4626,54.5366],[30.3035,54.326],[30.3184,54.1847],[30.4049,54.0008],[30.4067,53.899],[30.2751,53.8015],[30.2837,53.5228],[30.3712,53.2966],[30.279,53.2505],[30.2842,53.1476],[30.0908,53.1006],[30.0343,52.954],[30.1434,52.7102],[30.2581,52.6062],[30.3511,52.4093],[30.5031,52.3418],[30.5839,52.1966],[30.7962,51.9957],[30.7729,51.8939],[30.6986,51.8444],[30.5513,51.6579],[30.5473,51.5449],[30.6125,51.4268],[30.6107,51.3301],[30.5076,51.2173]]]}},
{"type":"Feature","properties":{"name":"Don","rank":6,"min_zoom":5},"geometry":{"type":"MultiLineString","coordinates":[[[42.1097,47.6018],[42.0147,47.5603],[41.7547,47.5901],[41.4068,47.5987],[41.2953,47.5639],[41.0728,47.549],[40.926,47.5859],[40.5885,47.4914],[40.4116,47.4014],[40.2831,47.2843],[40.1124,47.2225],[39.8996,47.2159],[39.6893,47.1872],[39.3779,47.1108],[39.2934,47.1058]],[[43.5491,49.5066],[43.3792,49.4866],[43.2519,49.3655],[43.1654,49.3289],[43.0421,49.3508],[43.017,49.4117],[42.8348,49.4715],[42.7699,49.5725],[42.6471,49.5666],[42.2967,49.5995],[42.0063,49.6103],[41.8326,49.5965],[41.7129,49.6158],[41.2695,49.6092],[41.2793,49.6831],[41.1404,49.7703],[40.921,49.8273],[40.849,49.9562],[40.6766,49.9445],[40.5015,50.1204],[40.4316,50.1392],[40.3218,50.0651],[40.0397,50.1034],[39.9896,50.289],[40.0636,50.4082],[40.0363,50.4754],[39.9203,50.5471],[39.8794,50.6498],[39.7572,50.7334],[39.8142,50.8331],[39.7448,50.9621],[39.5129,50.9597],[39.2662,50.987],[39.1431,51.0241],[39.1989,51.2031],[39.1311,51.364],[39.0518,51.4296],[39.0119,51.5972],[39.122,51.8587],[39.1329,52.0117]],[[39.1329,52.0186],[39.1638,52.0842],[39.0965,52.1793],[38.99,52.2477],[38.9049,52.4377],[38.9307,52.5762],[38.9109,52.7029],[39.0929,52.9384],[39.1554,53.1178],[39.1515,53.3326],[39.1116,53.4486],[38.9981,53.5762],[38.641,53.6868],[38.531,53.7537],[38.5293,53.8609],[38.3061,54.0638]]]}},
{"type":"Feature","properties":{"name":"Donau","rank":2,"min_zoom":2.1},"geometry":{"type":"MultiLineString","coordinates":[[[8.2198,48.0468],[8.4901,47.9307],[8.6958,47.9363],[8.8359,47.9763],[8.9787,48.0527],[9.1319,48.0864],[9.2954,48.0775],[9.4211,48.1161],[9.5088,48.2023],[9.784,48.2891],[9.9588,48.3883],[10.1272,48.4529],[10.385,48.5162],[10.5236,48.6067],[10.7116,48.6794],[11.0251,48.7353],[11.6836,48.7941],[11.7659,48.8709],[12.0242,48.9577],[12.033,49.0275],[12.2424,49.0181],[12.5066,48.9238]],[[17.2064,48.0611],[17.1655,48.1174],[17.0287,48.1671],[16.6591,48.1606],[16.4865,48.2125],[16.3605,48.3275],[16.2095,48.3796],[15.8614,48.3794],[15.6927,48.4113],[15.5023,48.4167],[15.2647,48.2288],[15.0358,48.1979],[14.8288,48.2272],[14.7265,48.1973],[14.5834,48.2187],[14.3997,48.2915],[14.1138,48.3289],[13.8716,48.4618],[13.4867,48.5818],[13.3163,48.6023],[13.0809,48.691],[12.9088,48.8357],[12.7042,48.8596],[12.5066,48.9313]]]}},
{"type":"Feature","properties":{"name":"Double Mountain Fork Brazos","rank":6,"min_zoom":5},"geometry":{"type":"LineString","coordinates":[[-101.6665,33.5401],[-101.4263,33.4001],[-101.2525,33.2007],[-101.1065,33.1399],[-100.9954,33.1395],[-100.8322,33.1029],[-100.7087,33.0442],[-100.5014,32.9047]]}},
{"type":"Feature","properties":{"name":"Drava","rank":6,"min_zoom":5},"geometry":{"type":"LineString","coordinates":[[13.8218,47.0905],[14.3673,47.1474],[14.507,47.2091],[14.7518,47.2138],[14.8606,47.2453],[14.9461,47.3189],[15.1452,47.4002],[15.303,47.3937],[15.3457,47.3474],[15.3289,47.1737],[15.4759,46.9969],[15.5817,46.7674],[15.6302,46.7365],[16.0421,46.6627],[16.2115,46.5705],[16.57,46.485],[16.7481,46.4164],[16.8715,46.3393],[17.0327,46.1873],[17.1496,46.1403],[17.3106,45.9962],[17.4063,45.9511],[17.607,45.9138],[17.7064,45.8273],[17.9638,45.7703],[18.2827,45.7652],[18.5508,45.6267],[18.7121,45.5737],[18.9537,45.558]]}},
{"type":"Feature","properties":{"name":"Duero","rank":6,"min_zoom":5},"geometry":{"type":"LineString","coordinates":[[-2.8375,41.9281],[-2.5419,41.85],[-2.444,41.7968],[-2.4237,41.6879],[-2.3571,41.6053],[-2.4983,41.5214],[-2.6168,41.505],[-2.7595,41.5281],[-2.9349,41.508],[-3.411,41.6328],[-3.7435,41.6877],[-3.9406,41.693],[-4.0022,41.6486],[-4.1461,41.6308],[-4.3723,41.6396],[-4.6819,41.5923],[-5.0748,41.489],[-5.3069,41.4635],[-5.3783,41.516],[-5.518,41.5275],[-5.8878,41.4736],[-6.0919,41.5428],[-6.178,41.5496],[-6.4031,41.3754],[-6.5659,41.3037],[-6.6902,41.2145],[-6.7758,41.1077],[-6.8828,41.0624],[-7.0113,41.0785],[-7.1035,41.1658],[-7.2444,41.1894],[-7.6512,41.1812],[-8.2348,41.0918],[-8.4255,41.0842],[-8.6746,41.1545]]}},
{"type":"Feature","properties":{"name":"Ebro","rank":5,"min_zoom":4.7},"geometry":{"type":"LineString","coordinates":[[-4.1889,43.0112],[-4.1023,43.0015],[-4.0174,42.8611],[-3.7574,42.8173],[-3.6268,42.898],[-3.4512,42.8069],[-3.1547,42.7874],[-3.0109,42.7552],[-2.9054,42.6953],[-2.8231,42.6018],[-2.641,42.5176],[-2.3954,42.5138],[-2.1829,42.4662],[-1.9944,42.3909],[-1.7476,42.2359],[-1.4052,41.9783],[-1.1102,41.8021],[-0.7484,41.6215],[-0.5264,41.4789],[-0.4442,41.3743],[-0.3011,41.3094],[-0.0971,41.2842],[0.0403,41.3061],[0.1671,41.4107],[0.2628,41.3989],[0.3622,41.3284],[0.3643,41.2557],[0.5254,41.2489],[0.6317,41.1647],[0.652,41.0831],[0.5379,40.9824],[0.5171,40.9039],[0.5513,40.802],[0.6506,40.7446],[0.8911,40.7223]]}},
{"type":"Feature","properties":{"name":"El Bahr el Abyad","rank":1,"min_zoom":2},"geometry":{"type":"LineString","coordinates":[[31.1247,9.4325],[31.3459,9.3655],[31.5184,9.3757],[31.5808,9.4449],[31.6397,9.5617],[31.7458,9.6569],[31.8991,9.7306],[32.0364,9.8343],[32.1578,9.9678],[32.2668,10.1477],[32.2444,10.3686],[32.1059,10.5103],[32.2404,10.6559],[32.5113,10.908],[32.6453,11.1028],[32.6423,11.2403],[32.6728,11.4139],[32.7366,11.6236],[32.7637,11.7951],[32.7295,12.19],[32.7431,12.3329],[32.7835,12.489],[32.7908,12.6519],[32.7651,12.8219],[32.7667,12.9393],[32.7957,13.0043],[32.7517,13.1168],[32.6349,13.277],[32.5855,13.4244],[32.6036,13.5591],[32.5868,13.6382],[32.5,13.7038],[32.4388,13.8247],[32.373,13.8858],[32.295,14.0321],[32.2046,14.2637],[32.1717,14.4652],[32.1962,14.6369],[32.2622,14.7826],[32.3698,14.9023],[32.4402,15.1303],[32.4901,15.6346]]}},
{"type":"Feature","properties":{"name":"El Bahr el Azraq","rank":3,"min_zoom":3},"geometry":{"type":"MultiLineString","coordinates":[[[35.3534,10.1551],[35.2932,10.4111],[35.2423,10.5171],[35.1474,10.5728],[35.1817,10.9744],[35.161,11.1396],[35.0971,11.2022],[34.9932,11.2492],[34.7775,11.2964]],[[34.3796,11.7831],[34.324,12.0482],[34.3172,12.1938],[34.3406,12.3081],[34.3011,12.4028],[34.1571,12.5343],[34.1752,12.6367],[34.1535,12.7288],[34.0652,12.8634],[34,12.9018],[33.9304,13.258],[33.8276,13.3255],[33.7438,13.3342],[33.692,13.3809],[33.6723,13.4657],[33.5932,13.5725],[33.6091,14.0113],[33.6572,14.1092],[33.5664,14.3442],[33.3366,14.7161],[33.2107,14.9559],[33.1886,15.0636],[33.1338,15.1595],[33.0465,15.2437],[32.842,15.3394],[32.735,15.4226],[32.5535,15.622],[32.4901,15.6346]]]}},
{"type":"Feature","properties":{"name":"Elbe","rank":5,"min_zoom":4.7},"geometry":{"type":"MultiLineString","coordinates":[[[15.5827,50.6928],[15.615,50.6139],[15.736,50.4844],[15.8642,50.3941],[15.889,50.3275],[15.8194,50.1966],[15.8172,50.107],[15.6774,50.0519],[15.2356,50.0347],[15.0881,50.1524],[14.7789,50.1809],[14.631,50.2221],[14.4729,50.3427],[14.3882,50.4381],[14.0394,50.5671],[14.084,50.6607],[14.2029,50.7497],[14.2116,50.851],[14.1362,50.9179],[13.8738,50.9914],[13.7438,51.0787],[13.6225,51.1045],[13.443,51.1895],[13.345,51.3124],[13.2262,51.3824],[13.1843,51.4736]],[[13.1912,51.4736],[12.9342,51.6226],[12.842,51.7114],[12.8289,51.7897],[12.7416,51.8428],[12.5799,51.8706],[12.147,51.8738],[11.9948,51.9087],[11.8433,52.0313],[11.6908,52.0716],[11.6682,52.1553],[11.7572,52.2728],[11.9779,52.4377],[12.0138,52.7703],[11.9205,52.9185],[11.7239,53.0063],[11.5551,53.0542],[11.4143,53.0622],[11.203,53.1468],[11.1059,53.1515],[10.6824,53.3691],[10.413,53.4168],[10.2148,53.4128],[10.082,53.4399]]]}},
{"type":"Feature","properties":{"name":"Ertis","rank":2,"min_zoom":2.1},"geometry":{"type":"MultiLineString","coordinates":[[[85.2671,47.9944],[84.9986,47.9277],[84.7285,47.7827],[84.4909,47.7265],[84.3568,47.7321]],[[83.3637,49.6438],[83.1283,49.6819],[82.9907,49.7483],[82.8723,49.8558],[82.6963,49.9467],[82.4624,50.0212],[82.3212,50.1007],[82.2727,50.1852],[82.1501,50.219],[81.9532,50.2023],[81.7746,50.2276],[81.4824,50.3252],[81.2483,50.3378],[80.9629,50.3922],[80.691,50.3604],[80.4259,50.3725],[80.2419,50.4099],[80.1387,50.4727],[80.0187,50.4958],[79.8819,50.4791],[79.7019,50.5167],[79.3128,50.6621],[79.2034,50.6776],[79.0503,50.6303],[78.8995,50.6509],[78.5453,50.7673],[78.3482,50.8576],[78.1715,50.9929],[78.0496,51.2253],[77.9598,51.3353],[77.8368,51.4237],[77.521,51.5603],[77.4412,51.651],[77.4511,51.7708],[77.3336,51.8862],[77.0885,51.9972],[76.9601,52.1083],[76.9482,52.2193],[76.8143,52.3604],[76.7746,52.5522],[76.673,52.6119],[76.659,52.7358],[76.4937,52.8301],[76.4609,52.8987],[76.3143,52.9052],[76.2419,52.9799],[75.9675,53.0341],[75.8546,53.0777],[75.7272,53.2019],[75.6192,53.2464],[75.5033,53.344],[75.4574,53.4555],[75.2031,53.5904],[75.0502,53.7102],[75.062,53.9529],[74.9936,53.9856]]]}},
{"type":"Feature","properties":{"name":"Ertix","rank":2,"min_zoom":2.1},"geometry":{"type":"LineString","coordinates":[[90.3254,47.6502],[90.2526,47.4304],[90.1324,47.4012],[89.9725,47.2693],[89.6545,47.1259],[89.5461,47.0304],[89.4055,46.9902],[89.233,47.0052],[89.0324,47.0615],[88.8038,47.159],[88.515,47.233],[88.166,47.2837],[87.8473,47.3482],[87.559,47.4266],[87.387,47.4954],[87.2657,47.5802],[87.1002,47.5908],[86.6073,47.8324],[86.4334,47.8776],[86.3101,47.8533],[86.1542,47.8757],[85.9656,47.9446],[85.7923,47.9802],[85.6341,47.9823],[85.4489,48.0192],[85.2671,47.9944]]}},
{"type":"Feature","properties":{"name":"Euphrates","rank":3,"min_zoom":3},"geometry":{"type":"MultiLineString","coordinates":[[[45.4631,31.3052],[45.5408,31.2287],[45.6851,31.184],[45.9221,31.1455],[46.1211,31.0861],[46.4833,30.9026],[46.5796,30.9017],[46.6921,30.9418],[46.8855,30.9588],[47.1602,30.9529],[47.4685,30.9685]],[[40.9926,34.4285],[41.1191,34.3877],[41.2759,34.4429],[41.3799,34.4303],[41.5907,34.4483],[41.7171,34.4971],[41.8272,34.5091],[41.9896,34.4461],[42.1222,34.3017],[42.2862,34.2922],[42.3833,34.1654],[42.4172,34.059],[42.5097,34.0006],[42.5414,33.8878],[42.6729,33.8896],[42.7476,33.8196],[42.7241,33.752],[42.7673,33.6711],[42.8772,33.5769],[43.0323,33.5028],[43.1055,33.5262],[43.2282,33.4711],[43.4543,33.4424],[43.6497,33.3837],[43.7758,33.3114],[43.8325,33.2257],[44.0291,33.1597],[44.122,33.0529],[44.2537,32.8282],[44.2636,32.727],[44.2366,32.624],[44.2555,32.4964],[44.3213,32.3485],[44.3873,32.0725],[44.4769,31.8779],[44.4751,31.7623],[44.5481,31.6481],[44.7698,31.4789],[45.0419,31.4407],[45.1582,31.4027],[45.2929,31.3213],[45.4669,31.3052]]]}},
{"type":"Feature","properties":{"name":"Ferenc Csatorna","rank":6,"min_zoom":5},"geometry":{"type":"LineString","coordinates":[[18.9199,46.2668],[18.9086,45.9499],[18.8391,45.8358]]}},
{"type":"Feature","properties":{"name":"Finlay","rank":6,"min_zoom":5},"geometry":{"type":"LineString","coordinates":[[-127.2354,56.8146],[-126.9263,56.9155],[-126.915,57.0819],[-126.8224,57.1903],[-126.6447,57.296],[-126.5513,57.4147],[-126.5176,57.6275],[-126.294,57.6743],[-126.0221,57.5164],[-125.8446,57.4395],[-125.6343,57.3907],[-125.3927,57.2605],[-124.9464,56.8966],[-124.8356,56.7569]]}},
{"type":"Feature","properties":{"name":"Firat","rank":3,"min_zoom":3},"geometry":{"type":"MultiLineString","coordinates":[[[38.7678,38.8128],[38.5546,38.768],[38.4499,38.7137],[38.3826,38.635],[38.3674,38.5513],[38.6101,38.4497],[38.8472,38.4129],[38.9206,38.358],[39.0755,38.3403],[39.1149,38.2305],[39.2182,38.183],[39.2391,38.102],[38.9782,37.8871],[38.9237,37.7453],[38.8415,37.7131],[38.8128,37.6447],[38.7013,37.631],[38.5326,37.5316],[38.3277,37.4825],[38.2073,37.4288],[37.9663,37.4246],[37.8546,37.2919],[37.8622,37.1159],[37.9905,36.9965],[38.0257,36.8356]],[[41.4555,40.1802],[41.3283,40.0163],[40.9847,39.9437],[40.7698,39.9281],[40.3962,39.9422],[40.1694,39.8949],[40.2296,39.7602],[40.2026,39.6265],[40.1222,39.5682],[39.939,39.5954],[39.6134,39.6658],[39.4146,39.6834],[39.1963,39.6185],[38.9761,39.5943],[38.7398,39.5365],[38.4875,39.4451],[38.426,39.3425],[38.5553,39.2286],[38.7185,39.1441],[38.7396,39.0785]]]}},
{"type":"Feature","properties":{"name":"Fitzroy","rank":6,"min_zoom":5},"geometry":{"type":"LineString","coordinates":[[127.1521,-17.3831],[126.9034,-17.4781],[126.3997,-17.4576],[126.2369,-17.4797],[126.1618,-17.5378],[126.0978,-17.6328],[125.9847,-17.707],[125.9184,-17.8301],[125.7916,-17.9879],[125.5107,-18.2766],[125.1394,-18.4517],[124.9225,-18.492],[124.7364,-18.4558],[124.5809,-18.3527],[124.4559,-18.183],[124.3512,-18.0904],[124.1785,-18.0845],[124.087,-18.1188],[123.9178,-18.0745],[123.8173,-17.9671],[123.6984,-17.7931],[123.5697,-17.6611],[123.5631,-17.5209]]}},
{"type":"Feature","properties":{"name":"Fraser","rank":5,"min_zoom":4.7},"geometry":{"type":"LineString","coordinates":[[-118.319,52.522],[-118.5723,52.7622],[-118.601,52.8246],[-118.9407,52.9832],[-119.1755,53.0226],[-119.425,53.0095],[-119.6687,53.0556],[-119.9065,53.1609],[-120.2439,53.3455],[-120.6811,53.6093],[-121.0238,53.7781],[-121.3965,53.8889],[-121.5843,53.9299],[-121.7384,54.0612],[-122.0885,54.2012],[-122.4351,54.2451],[-122.551,54.174],[-122.6109,54.0455],[-122.7037,53.9468],[-122.7444,53.8157],[-122.733,53.6523],[-122.6697,53.4613],[-122.8271,53.3476],[-122.804,53.2657],[-122.64,53.1534],[-122.5305,53.0421],[-122.4754,52.9318],[-122.457,52.7983],[-122.4753,52.6419],[-122.4363,52.5075],[-122.3401,52.3954],[-122.2846,52.2586],[-122.2698,52.0972],[-122.2901,51.9368],[-122.3922,51.8461],[-122.4077,51.7582],[-122.268,51.5185],[-122.2325,51.3445],[-122.1426,51.2214],[-121.9555,51.0378],[-121.8578,50.9014],[-121.8655,50.766],[-121.9199,50.6983],[-121.7444,50.4911],[-121.6276,50.3018],[-121.5097,50.0473],[-121.4489,49.7909],[-121.4452,49.5325],[-121.4896,49.3869],[-121.6516,49.3071],[-121.698,49.2457],[-121.8737,49.1895],[-122.1785,49.1387],[-122.4449,49.1413],[-122.6728,49.1974],[-122.8502,49.2069],[-123.0796,49.1306]]}},
{"type":"Feature","properties":{"name":"Gan","rank":6,"min_zoom":5},"geometry":{"type":"LineString","coordinates":[[114.4125,24.707],[114.5299,24.7354],[114.6137,24.8156],[114.7301,24.8819],[114.762,24.9532],[114.7483,25.0514],[114.7826,25.1126],[114.8648,25.1367],[114.8991,25.1959],[114.8854,25.2904],[114.9299,25.4299],[115.0895,25.7463],[115.0684,25.8637],[114.9399,25.8815],[114.9088,25.9919],[114.9462,26.2374],[114.8619,26.3693],[114.7381,26.4967],[114.7166,26.6144],[114.7973,26.7224],[114.9615,26.8127],[115.0207,26.985],[114.9903,27.083],[115.076,27.1983],[115.0982,27.2841],[115.0751,27.3957],[115.1303,27.5124],[115.2637,27.6342],[115.3686,27.7853],[115.445,27.9658],[115.577,28.1099],[115.7646,28.2178],[115.8483,28.3167],[115.8178,28.4517],[115.8164,28.585],[115.8688,28.7156],[115.9745,28.888],[116.016,29.0504],[115.9819,29.2792]]}},
{"type":"Feature","properties":{"name":"Ganges","rank":3,"min_zoom":3},"geometry":{"type":"MultiLineString","coordinates":[[[89.4831,22.2755],[89.4253,22.4955],[89.3721,22.5812],[89.2997,22.6189]],[[89.2997,22.6189],[89.2608,22.5736],[89.2555,22.4453],[89.2865,22.3076],[89.3786,22.0581],[89.3522,21.9723],[89.3358,21.7884],[89.3538,21.7211]],[[88.4397,22.9865],[88.3467,22.7353],[88.3438,22.6293],[88.29,22.5494],[88.1853,22.4956],[88.1175,22.4102],[88.0871,22.2177]],[[88.4397,22.9865],[88.6822,22.9538],[88.8204,22.8584],[88.8453,22.7002],[88.9096,22.6585],[89.0499,22.2746],[89.0514,22.0932]],[[90.0744,23.5734],[90.096,23.3403],[90.1272,23.2519],[90.2284,23.1785],[90.3616,22.9611],[90.3943,22.7748],[90.435,22.7519]],[[89.1094,23.9919],[89.2186,23.8085],[89.3018,23.7325],[89.4472,23.6402],[89.5269,23.4834],[89.5983,23.4431],[89.6376,23.2525],[89.7095,23.1923],[89.7654,23.0201],[89.9263,22.8402],[90.0076,22.6852],[90.0136,22.5635],[89.9851,22.4664]],[[89.1094,23.9919],[89.1998,23.9326],[89.3799,23.9011],[89.497,23.8436],[89.604,23.8231],[89.7493,23.8481]],[[88.397,24.3893],[88.5101,24.2614],[88.5542,24.1289],[88.6157,24.0985],[88.6362,24.0116],[88.8053,23.9279],[88.8644,23.8559],[88.8678,23.7517],[88.8372,23.6658],[88.7724,23.5981],[88.7637,23.5307],[88.811,23.4635],[88.9889,23.3328],[89.0275,23.1861],[89.1129,23.0405],[89.1135,22.8926],[89.1539,22.8091],[89.2755,22.7027],[89.2997,22.6189]],[[88.397,24.3893],[88.4986,24.3466],[88.6423,24.326],[88.7235,24.2749],[88.7698,24.1443],[88.926,24.1551],[89.0096,24.1087],[89.1094,23.9919]],[[87.9198,24.825],[87.9402,24.666],[88.0188,24.5425],[88.1746,24.3888],[88.2381,24.2343],[88.209,24.079],[88.227,23.8314],[88.1834,23.7001],[88.2137,23.6367],[88.3607,23.4606],[88.3522,23.3334],[88.4861,23.1335],[88.4397,22.9865]],[[87.9198,24.825],[87.9994,24.6614],[88.1455,24.4858],[88.2871,24.4797],[88.397,24.3893]],[[79.8407,30.8885],[79.8203,30.8368],[79.8646,30.679],[79.7449,30.5432],[79.6671,30.5221],[79.5708,30.55],[79.4702,30.516],[79.2321,30.3009],[78.9393,30.2918],[78.7772,30.2601],[78.6687,30.2014],[78.6138,30.1157],[78.5198,30.0898],[78.3866,30.1236],[78.281,30.0929],[78.2031,29.9976],[78.1704,29.8891],[78.1829,29.7675],[78.1394,29.6731],[78.0401,29.6057],[78.0222,29.4918],[78.0855,29.3315],[78.106,29.1809],[78.0836,29.0398],[78.0983,28.8821],[78.176,28.6205],[78.2425,28.5217],[78.2837,28.3524],[78.3369,28.2534],[78.4304,28.1464],[78.6031,28.0264],[78.8552,27.8935],[79.0248,27.8248],[79.1119,27.8202],[79.2551,27.6802],[79.3584,27.6578],[79.5186,27.5678],[79.5906,27.4665],[79.662,27.3165],[79.7328,27.2174],[79.8381,27.1452],[79.9225,27.1256],[79.9984,27.0249],[80.0939,26.8366],[80.2377,26.648],[80.4299,26.4593],[80.5439,26.3173],[80.5798,26.2222],[80.6517,26.1384],[80.76,26.066],[80.8687,26.0375],[80.9781,26.0532],[81.1228,25.9888],[81.3028,25.8444],[81.4575,25.6459],[81.5726,25.6063],[81.6861,25.5177],[81.9068,25.4869],[81.9032,25.4128],[82.0421,25.3124],[82.1831,25.2962],[82.2259,25.2435],[82.4356,25.235],[82.5126,25.1836],[82.6196,25.2197],[82.7859,25.144],[82.8788,25.1416],[82.9651,25.1877],[83.074,25.3301],[83.1389,25.3442],[83.17,25.5102],[83.3535,25.4976],[83.4893,25.4442],[83.5181,25.5338],[83.6697,25.607],[83.8034,25.5189],[83.9591,25.577],[84.082,25.6832],[84.171,25.7221],[84.2835,25.701],[84.4285,25.7472],[84.6341,25.7083],[84.8267,25.747],[84.9814,25.7344],[85.119,25.6826],[85.3385,25.544],[85.5551,25.5436],[85.6966,25.4738],[85.786,25.4946],[85.8801,25.4622],[85.979,25.3767],[86.0978,25.3236],[86.2367,25.303],[86.3707,25.3408],[86.4998,25.4371],[86.6681,25.2761],[86.8409,25.3266],[86.965,25.3201],[87.1151,25.2602],[87.2186,25.267],[87.2753,25.3404],[87.4439,25.394],[87.5176,25.3664],[87.6437,25.257],[87.7337,25.2374],[87.8243,25.0644],[87.9424,24.9559],[87.9198,24.825]]]}},
{"type":"Feature","properties":{"name":"Ariège","rank":6,"min_zoom":5},"geometry":{"type":"LineString","coordinates":[[1.809,42.627],[1.7914,42.7322],[1.675,42.7835],[1.6163,42.8565],[1.5872,43.1486],[1.5404,43.2976],[1.4545,43.4153]]}},
{"type":"Feature","properties":{"name":"Genala","rank":6,"min_zoom":5},"geometry":{"type":"LineString","coordinates":[[38.7741,6.6048],[38.7237,6.5409],[38.76,6.453],[38.9196,6.2532],[38.9906,6.1257],[39.1104,6.0545],[39.3569,5.9809],[39.4073,5.9517],[39.478,5.7953],[39.5595,5.7242],[39.6541,5.7087],[39.7008,5.6579],[39.7359,5.5264],[39.8803,5.4878],[40.031,5.3853],[40.1353,5.3648],[40.2728,5.3699],[40.4435,5.4003],[40.6272,5.4866],[40.8241,5.6285],[40.9537,5.7022],[41.073,5.6934],[41.1243,5.6595],[41.1959,5.5256],[41.2875,5.2915],[41.3939,5.0903],[41.5149,4.9219],[41.5794,4.801],[41.5873,4.7275],[41.6848,4.599],[41.9658,4.3237]]}},
{"type":"Feature","properties":{"name":"Gharraf Canal","rank":4,"min_zoom":4},"geometry":{"type":"LineString","coordinates":[[45.8091,32.5022],[45.9007,32.4307],[45.9229,32.3164],[45.9885,32.2192],[45.9698,32.0051],[45.986,31.9217],[46.046,31.8826],[46.0893,31.7727],[46.116,31.5921],[46.2033,31.3674],[46.3708,31.2021],[46.4054,31.1123],[46.3662,30.9636]]}},
{"type":"Feature","properties":{"name":"Gila","rank":6,"min_zoom":5},"geometry":{"type":"MultiLineString","coordinates":[[[-111.2494,33.1043],[-111.4548,33.0398],[-111.6483,33.0542],[-111.8986,33.1259],[-112.1223,33.2218],[-112.3196,33.342],[-112.5112,33.3716],[-112.6972,33.3105],[-112.7669,33.2379],[-112.7202,33.1538],[-112.7169,33.0363],[-112.8092,33.0298],[-112.9803,33.0673],[-113.0837,33.0675],[-113.1972,33.0009],[-113.3166,32.9791],[-113.5254,32.906],[-113.8236,32.7816],[-114.0047,32.7245],[-114.1901,32.6959],[-114.4282,32.776],[-114.5822,32.7347]],[[-108.2036,33.5769],[-108.1142,33.4127],[-108.2458,33.1761],[-108.3479,33.0913],[-108.4643,33.0794],[-108.5552,32.9917],[-108.6204,32.8284],[-108.7102,32.7176],[-108.8245,32.6593],[-108.9436,32.6572],[-109.0673,32.7111],[-109.1559,32.7859],[-109.2092,32.8814],[-109.3208,32.9622],[-109.5913,32.8529],[-109.6953,32.8504],[-109.8456,32.9325],[-110.0422,33.0991],[-110.2263,33.1858],[-110.3978,33.1927],[-110.5536,33.1495],[-110.6936,33.0562],[-110.8145,33.0381],[-110.9163,33.0953],[-111.0393,33.1209],[-111.2556,33.1117]]]}},
{"type":"Feature","properties":{"name":"Glomma","rank":6,"min_zoom":5},"geometry":{"type":"LineString","coordinates":[[11.4836,62.687],[11.1878,62.4957],[10.6554,62.2452],[10.6337,62.112],[10.8882,61.95],[10.8633,61.6996],[11.0335,61.5258],[11.0722,61.4228],[11.2467,61.3174],[11.3179,61.2329],[11.4023,61.0294],[11.5788,60.8487],[11.7366,60.7634],[12.0276,60.5248]]}},
{"type":"Feature","properties":{"name":"Godävari","rank":5,"min_zoom":4.7},"geometry":{"type":"MultiLineString","coordinates":[[[81.7388,16.9422],[81.8326,16.6692],[81.8557,16.5529],[81.7997,16.4653],[81.7064,16.4],[81.7117,16.3345]],[[81.7388,16.9422],[81.8882,16.7765],[82.0341,16.713],[82.3387,16.7065]],[[73.6525,20.0128],[73.8886,19.9902],[74.0836,20.0363],[74.4225,19.9177],[74.589,19.8349],[74.749,19.726],[74.9169,19.6521],[75.1974,19.5787],[75.2469,19.5329],[75.4728,19.4253],[75.6775,19.3615],[75.8455,19.3758],[76.0918,19.291],[76.319,19.2572],[76.3373,19.1403],[76.4268,19.0769],[76.5346,19.0988],[76.7102,18.9855],[76.8556,19.0704],[77.0047,19.1049],[77.1955,19.0893],[77.3191,19.1339],[77.4048,19.1202],[77.4527,19.0482],[77.5789,18.9658],[77.7837,18.8729],[77.9683,18.8704],[78.133,18.9582],[78.2354,18.9841],[78.3194,18.9457],[78.4288,18.9798],[78.5755,18.9665],[78.6428,19.0115],[78.8348,19.0261],[78.9529,19.063],[79.0496,19.0334],[79.201,18.8709],[79.3172,18.8156],[79.401,18.8432],[79.4963,18.8092],[79.6309,18.7227],[79.7272,18.6901],[79.8745,18.802],[79.9251,18.8074],[80.1416,18.7015],[80.2436,18.7095],[80.3665,18.6316],[80.4083,18.463],[80.5407,18.2606],[80.6875,18.1655],[80.8399,17.9955],[80.8921,17.8646],[80.895,17.7161],[80.986,17.6217],[81.2668,17.5431],[81.3521,17.4823],[81.4497,17.4718],[81.5866,17.4104],[81.6466,17.2793],[81.7388,16.9422]]]}},
{"type":"Feature","properties":{"name":"Grande","rank":3,"min_zoom":3},"geometry":{"type":"MultiLineString","coordinates":[[[-44.4503,-22.1552],[-44.3041,-22.0473],[-44.1116,-21.8216],[-44.0581,-21.6838],[-44.1708,-21.5239],[-44.2414,-21.4759],[-44.3871,-21.4647]],[[-44.6162,-21.318],[-44.6859,-21.2363],[-44.8572,-21.1758],[-44.9147,-21.1299],[-45.1224,-21.1688],[-45.2046,-21.0926]],[[-46.3259,-20.6675],[-46.5871,-20.6228]],[[-47.0735,-20.2842],[-47.329,-20.1175],[-47.4599,-20.0011],[-47.6558,-20.0227],[-47.7497,-19.977],[-47.8185,-19.9807],[-47.8617,-20.0556],[-48.0511,-20.1202],[-48.1784,-20.0828],[-48.361,-20.1392],[-48.7157,-20.1439],[-48.812,-20.159],[-48.8584,-20.2328],[-48.887,-20.3701],[-48.9525,-20.4101],[-48.9947,-20.2137],[-49.0397,-20.1873],[-49.1128,-20.2593],[-49.1998,-20.2944],[-49.2836,-20.1486],[-49.2785,-19.987],[-49.3849,-19.98]],[[-50.3644,-19.8585],[-50.4886,-19.7909],[-50.5841,-19.8212]],[[-63.7575,-19.0283],[-63.619,-19.071],[-63.5646,-19.049],[-63.497,-18.9281],[-63.3104,-18.8465],[-63.1947,-18.756],[-63.0742,-18.6155],[-62.9487,-18.4248],[-62.8577,-18.1968],[-62.7731,-17.7988],[-62.7863,-17.5981],[-62.7384,-17.2426],[-62.8229,-17.1509],[-62.9217,-17.121],[-63.0004,-17.0307],[-63.0592,-16.8804],[-63.2593,-16.732],[-63.6005,-16.5855],[-63.8037,-16.449],[-63.8689,-16.3223],[-63.9648,-16.2368],[-64.0916,-16.1923],[-64.1756,-16.1042],[-64.3028,-16.0267],[-64.6638,-15.8598]],[[-66.3229,-17.5766],[-66.0186,-17.8623],[-65.9599,-17.9516],[-65.7932,-18.0086],[-65.6425,-18.1291],[-65.3902,-18.3712],[-65.1904,-18.626],[-65.0507,-18.6301],[-64.9556,-18.5382],[-64.8626,-18.5025],[-64.7558,-18.5302],[-64.6351,-18.6213],[-64.5289,-18.6506],[-64.4373,-18.6181],[-64.3417,-18.6862],[-64.2419,-18.8549],[-64.1603,-18.9544],[-64.0966,-18.9847],[-63.9847,-19.165],[-63.9065,-19.122],[-63.8422,-19.0268],[-63.7506,-19.0283]]]}},
{"type":"Feature","properties":{"name":"Great Pee Dee","rank":6,"min_zoom":5},"geometry":{"type":"LineString","coordinates":[[-80.4638,36.2323],[-80.481,36.093],[-80.392,35.9431],[-80.3784,35.8603],[-80.4604,35.7734],[-80.2697,35.6524],[-80.071,35.4013],[-80.0583,35.1757],[-79.8836,35.0597],[-79.9145,34.846],[-79.8906,34.7378],[-79.8118,34.6519],[-79.7996,34.5229],[-79.7215,34.465],[-79.6758,34.3594],[-79.596,34.2882],[-79.5505,34.1951],[-79.4708,33.9342],[-79.3337,33.7858],[-79.1153,33.6288],[-79.123,33.5292],[-79.2265,33.4049]]}},
{"type":"Feature","properties":{"name":"Guaporé","rank":3,"min_zoom":3},"geometry":{"type":"LineString","coordinates":[[-65.0312,-11.9132],[-65.0371,-11.8294],[-65.0903,-11.7412],[-65.1634,-11.7651],[-65.2062,-11.5805],[-65.322,-11.4391],[-65.3424,-11.3151],[-65.3899,-11.2463],[-65.3716,-11.1104],[-65.3238,-11.0248],[-65.334,-10.8928],[-65.44,-10.5862],[-65.4369,-10.449],[-65.3955,-10.3923]]}},
{"type":"Feature","properties":{"name":"Göta älv","rank":6,"min_zoom":5},"geometry":{"type":"LineString","coordinates":[[12.3347,58.3738],[12.1706,58.2396],[12.1049,58.0311],[12.0286,57.9278],[11.8105,57.7814],[11.7291,57.7645]]}},
{"type":"Feature","properties":{"name":"Hailar","rank":3,"min_zoom":3},"geometry":{"type":"LineString","coordinates":[[117.8735,49.5135],[117.9118,49.4288],[118.0566,49.3195],[118.1749,49.3323],[118.3234,49.4121],[118.4396,49.4365],[118.5826,49.3473],[118.6168,49.262],[118.7468,49.2124],[119.0857,49.192],[119.2321,49.1993],[119.4498,49.2749],[119.71,49.2746],[120.1179,49.2253],[120.5181,49.2563],[120.9107,49.3677],[121.2159,49.4728],[121.4334,49.5716],[121.6263,49.6353],[121.8785,49.678],[122.2871,49.8493]]}},
{"type":"Feature","properties":{"name":"Han","rank":6,"min_zoom":5},"geometry":{"type":"MultiLineString","coordinates":[[[111.4777,32.5678],[111.6022,32.4676],[111.6848,32.2651],[111.7797,32.1409],[111.9186,32.0646],[112.1014,32.0362],[112.1889,31.9658],[112.1812,31.8535],[112.2254,31.7711],[112.3905,31.6569],[112.4404,31.4961],[112.4165,31.3877],[112.4336,31.3078],[112.5558,31.2192],[112.5801,31.1185],[112.5231,31.039],[112.5558,30.9388],[112.6337,30.8479],[112.6048,30.713],[112.689,30.6581],[112.7159,30.5755],[112.8489,30.5188],[112.973,30.5309],[113.2097,30.4304],[113.3809,30.4068],[113.5117,30.4428],[113.6724,30.5966],[113.9641,30.6574],[114.0964,30.5864],[114.2885,30.5721]],[[106.3985,33.0677],[106.6762,33.1422],[106.8317,33.1341],[107.026,33.0422],[107.1888,33.0632],[107.4196,33.1646],[107.596,33.2005],[107.8066,33.1778],[107.9055,33.2343],[107.9565,33.1122],[108.0363,33.062],[108.1955,33.0244],[108.2657,32.9641],[108.247,32.881],[108.2877,32.8107],[108.4108,32.7341],[108.4251,32.6654],[108.5122,32.5498],[108.6509,32.5062],[108.7591,32.5993],[108.9222,32.6359],[109.0632,32.7346],[109.175,32.7749],[109.3247,32.778],[109.3772,32.8383],[109.4874,32.8855],[109.7668,32.9341],[110.1405,32.8249],[110.3051,32.8069],[110.4746,32.8434],[110.7153,32.8151],[110.8078,32.848],[110.9313,32.8207],[111.0001,32.7407]]]}},
{"type":"Feature","properties":{"name":"Heilong Jiang","rank":3,"min_zoom":3},"geometry":{"type":"LineString","coordinates":[[127.5903,50.209],[127.3953,50.2986],[127.3061,50.4535],[127.3472,50.5501],[127.307,50.708],[127.0204,50.9859],[126.9248,51.1001],[126.8338,51.3149],[126.8054,51.5056],[126.7092,51.5663],[126.7008,51.703],[126.5106,51.9258],[126.4556,52.1265],[126.3948,52.173],[126.3835,52.2865],[126.3128,52.3997],[126.1566,52.5466],[126.016,52.6102],[126.0482,52.7395],[125.8719,52.8715],[125.7281,52.8907],[125.6491,53.0423],[125.4225,53.0837],[125.2256,53.1658],[124.971,53.1973],[124.8124,53.1338],[124.6399,53.2107],[124.4659,53.2296],[124.2915,53.3409],[123.9947,53.4056],[123.6078,53.5465],[123.424,53.5308],[123.1541,53.5446],[122.7448,53.4685],[122.5159,53.457],[122.3378,53.485],[122.0888,53.4515],[121.4054,53.3171]]}},
{"type":"Feature","properties":{"name":"Helmand","rank":6,"min_zoom":5},"geometry":{"type":"LineString","coordinates":[[61.6041,31.2044],[61.7541,31.0136],[61.8167,30.8018],[61.8419,30.5055],[62.0307,30.3101],[62.3828,30.2157],[62.6848,30.1918],[62.9367,30.2384],[63.1941,30.3422],[63.4569,30.5032],[63.663,30.57],[63.9076,30.5383],[64.0016,30.6174],[64.0654,30.7195],[64.1203,30.8719],[64.1665,31.0745],[64.2357,31.2392],[64.3282,31.3658],[64.371,31.4876],[64.3905,31.6574],[64.4546,31.7277],[64.6403,31.8469],[64.8012,31.9993],[64.9322,32.1815],[65.0636,32.289],[65.1954,32.3217],[65.3325,32.4861],[65.4746,32.782],[65.6199,32.9637],[65.9366,33.1207],[66.1136,33.3265],[66.1932,33.3933],[66.3093,33.4409],[66.4522,33.5848],[66.5986,33.6675],[66.8397,33.7312],[66.9591,33.7917],[67.0861,33.8979],[67.2327,33.9886],[67.2286,34.1093],[67.2662,34.157],[67.4976,34.3056],[67.734,34.3945],[68.2118,34.513],[68.3762,34.5074],[68.4893,34.5716]]}},
{"type":"Feature","properties":{"name":"Holston","rank":5,"min_zoom":4.7},"geometry":{"type":"LineString","coordinates":[[-81.4196,37.0091],[-81.695,36.9323],[-81.8755,36.8525],[-82.5891,36.61],[-82.6654,36.5225],[-82.9359,36.4012],[-83.3865,36.2565],[-83.4537,36.1998],[-83.7472,36.0762],[-83.9744,35.9146],[-83.9695,35.8701]]}},
{"type":"Feature","properties":{"name":"Hong","rank":6,"min_zoom":5},"geometry":{"type":"LineString","coordinates":[[106.518,20.2889],[106.3871,20.3483],[106.2878,20.3397],[106.1958,20.4665],[106.1486,20.5722],[106.0232,20.6648],[105.951,20.7613],[105.8967,20.9639],[105.8355,21.0509],[105.7252,21.122],[105.4772,21.2032],[105.4259,21.292],[105.3251,21.273],[105.1178,21.4295],[104.9765,21.604],[104.6923,21.8745],[104.0518,22.4242],[103.4789,22.9023],[103.1607,23.1212],[102.9064,23.2403],[102.6142,23.3534],[102.1192,23.5141],[101.8924,23.6994],[101.745,23.857],[101.6013,24.0488],[101.5072,24.2082],[101.4629,24.3351],[101.3493,24.5053],[101.238,24.5385],[101.1176,24.6554],[100.9308,24.8909],[100.8117,25.0034],[100.6424,25.0212],[100.4586,25.0884],[100.3507,25.1502],[100.1829,25.4432]]}},
{"type":"Feature","properties":{"name":"Hongshui","rank":4,"min_zoom":4},"geometry":{"type":"LineString","coordinates":[[106.9436,25.2247],[107.0193,25.0606],[107.156,25.0087],[107.2766,24.8747],[107.3624,24.6026],[107.4673,24.4165],[107.5419,24.3184],[107.6085,24.2806],[107.5778,24.1889],[107.4943,24.0866],[107.5475,23.9863],[107.6738,23.9614],[107.8209,23.7758],[107.9017,23.722],[108.1523,23.843],[108.3428,23.9952],[108.4525,24.0346],[108.5519,24.0075],[108.6913,23.8911],[108.8649,23.8057],[108.8732,23.7105],[108.9989,23.6628],[109.1917,23.7225],[109.3218,23.7002],[109.4226,23.8248],[109.5286,23.7964]]}},
{"type":"Feature","properties":{"name":"Huang","rank":3,"min_zoom":3},"geometry":{"type":"MultiLineString","coordinates":[[[97.2883,34.8354],[97.547,34.876]],[[97.7629,35.0881],[97.9344,35.0825],[98.028,35.0338],[98.1009,34.9402],[98.1974,34.8739],[98.3823,34.7982],[98.4,34.6736],[98.3477,34.5934],[98.4685,34.4446],[98.6609,34.3666],[98.8086,34.4731],[99.0012,34.4275],[99.0576,34.3006],[99.0607,34.0812],[99.1232,33.9152],[99.3238,33.7481],[99.4388,33.8119],[99.6199,33.7745],[99.721,33.7915],[99.8684,33.7435],[100.0621,33.6307],[100.1914,33.6035],[100.3298,33.7574],[100.5874,33.8833],[100.7404,33.9275],[100.942,33.777],[101.0261,33.8394],[101.1234,33.8269],[101.3009,33.7267],[101.4807,33.6775],[101.6627,33.6794],[101.8089,33.6111],[101.9193,33.4727],[102.0662,33.3558],[102.193,33.3712],[102.4816,33.4837],[102.4502,33.5574],[102.3525,33.6383],[102.3298,33.7251],[102.206,33.8973],[102.1032,33.9592],[101.9764,33.986],[101.8376,34.0473],[101.6868,34.1432],[101.517,34.2185],[101.3284,34.2734],[101.2105,34.3505],[101.1633,34.4499],[101.087,34.5127],[100.9817,34.5388],[100.912,34.5934],[100.8782,34.6766],[100.6298,34.7082],[100.5397,34.773],[100.3759,34.8268],[100.3074,34.9355],[100.2205,35.2406],[100.2586,35.2817],[100.1661,35.4238],[100.1723,35.5428],[100.2549,35.6954],[100.3339,35.7735],[100.4093,35.7772],[100.5459,35.8694],[100.7435,36.0498],[100.8979,36.1417],[101.0088,36.1448],[101.1757,36.0889],[101.3434,36.0649],[101.4948,36.0858],[101.6297,36.1515],[101.7625,36.1516],[101.893,36.086],[101.9935,35.9975],[102.0638,35.8859],[102.1846,35.8445],[102.3559,35.8734],[102.6103,35.8604],[102.9478,35.8056],[103.1772,35.8116],[103.2986,35.8783],[103.2317,35.9703],[103.2556,36.0396],[103.3884,36.1391],[103.5602,36.1578],[103.7711,36.0957],[103.9951,36.0751],[104.0722,36.2288],[104.1792,36.3218],[104.3521,36.4278],[104.591,36.5466],[104.7135,36.6276],[104.6904,36.7275],[104.5284,36.8501],[104.4001,36.8839],[104.3266,36.9455],[104.3139,37.0934],[104.3527,37.1739],[104.4461,37.197],[104.5756,37.3069],[104.6916,37.3586],[104.9569,37.4154],[104.9979,37.4615],[105.152,37.4828],[105.4328,37.4947],[105.649,37.522],[105.8004,37.5647],[105.9053,37.6608],[105.9636,37.8103],[106.0369,37.9157],[106.1964,38.0641],[106.2509,38.1769],[106.3378,38.2817],[106.4572,38.3785],[106.531,38.4978],[106.5591,38.6395],[106.6399,38.7797],[106.7736,38.9183],[106.8713,39.0753],[106.7829,39.3403],[106.7587,39.4828],[106.7682,39.7601],[106.7178,40.0163],[107.0432,40.2861],[107.1492,40.3955],[107.174,40.4999],[107.2386,40.5918],[107.3797,40.6712],[107.5977,40.738],[107.7455,40.8375],[107.8621,40.8645],[108.1902,40.8633],[108.2901,40.8147],[108.476,40.7781],[108.6506,40.632],[108.8841,40.5467],[109.1341,40.5348],[109.3091,40.4904],[109.4496,40.4888],[109.5554,40.5301],[109.6872,40.4941],[109.8357,40.4913],[110.0802,40.5235],[110.3034,40.484],[110.5052,40.3729],[110.6745,40.3019],[110.8115,40.2708],[110.996,40.2865],[111.1253,40.2346],[111.3067,40.1101],[111.4069,40.0125],[111.4164,39.8674],[111.3785,39.7895],[111.4373,39.6527],[111.433,39.5762],[111.3726,39.4883],[111.2842,39.4295],[111.1681,39.3999],[111.1993,39.2396],[111.1449,39.1247],[111.0089,38.9975],[110.9704,38.8322],[110.9045,38.6916],[110.8906,38.5568],[110.7976,38.443],[110.599,38.2584],[110.5035,38.1133],[110.511,38.0077],[110.5848,37.8807],[110.7246,37.7325],[110.7824,37.6138],[110.7581,37.5247],[110.6438,37.3842],[110.6578,37.3162],[110.6099,37.217],[110.4271,37.0206],[110.3871,36.8231],[110.417,36.6477],[110.4714,36.5656],[110.4857,36.4288],[110.4599,36.2375],[110.4901,36.0057],[110.5764,35.7333],[110.5794,35.5337],[110.4587,35.3432],[110.3661,35.2342],[110.2784,35.008],[110.262,34.8678],[110.2699,34.6373],[110.4652,34.597],[110.6186,34.6042],[110.7953,34.6454],[111.0269,34.7462],[111.1013,34.7948],[111.2432,34.8302],[111.4527,34.8523],[111.5887,34.8994],[111.6514,34.9717],[111.8438,35.0741],[112.1179,35.0216],[112.5587,34.8725],[112.8568,34.809],[113.0122,34.8312],[113.2877,34.9399],[113.489,34.9777],[113.7844,34.9022],[113.9003,34.8946],[113.9653,34.9309],[114.1563,34.9361],[114.4731,34.9099],[114.6814,34.9276],[114.8309,35.0198]],[[96.1642,35.1296],[96.7477,35.0532],[97.072,34.9306]]]}},
{"type":"Feature","properties":{"name":"Huang","rank":3,"min_zoom":3},"geometry":{"type":"LineString","coordinates":[[114.8377,35.0198],[114.9055,35.2285],[115.0139,35.3295],[115.1361,35.4063],[115.3404,35.5026],[115.382,35.5972],[115.4633,35.6809],[115.5964,35.7584],[115.8709,35.8803],[116.1159,36.143],[116.4506,36.3385],[116.5808,36.4397],[116.6441,36.5615],[116.7351,36.6557],[116.8619,36.7261],[117.0244,36.7729],[117.1505,36.862],[117.2401,36.9936],[117.3518,37.0819],[117.4854,37.1268],[117.6084,37.228],[117.9697,37.2901],[118.1279,37.3469],[118.2375,37.4305],[118.2984,37.5411],[118.3852,37.6039],[118.4978,37.6189],[118.6449,37.6775],[118.8263,37.7796],[118.9461,37.8236],[119.0357,37.8092]]}},
{"type":"Feature","properties":{"name":"Hudson","rank":6,"min_zoom":5},"geometry":{"type":"LineString","coordinates":[[-74.0745,44.1002],[-74.0638,44.0156],[-74.1516,43.9424],[-74.1782,43.8604],[-73.9714,43.7355],[-73.8885,43.6608],[-73.8304,43.506],[-73.8672,43.3829],[-73.7807,43.2739],[-73.6709,43.2974],[-73.6174,43.2318],[-73.622,43],[-73.7282,42.7141],[-73.7667,42.5438],[-73.7728,42.3935],[-73.8175,42.2652],[-73.9008,42.1587],[-73.9438,42.0204],[-73.948,41.7654],[-73.9837,41.5736],[-73.9601,41.3313],[-73.9699,41.2497]]}},
{"type":"Feature","properties":{"name":"Ideriyn","rank":2,"min_zoom":2.1},"geometry":{"type":"LineString","coordinates":[[98.0071,47.999],[97.6166,48.0747],[97.4521,48.1407],[97.4129,48.2015],[97.4541,48.3572],[97.4432,48.4354],[97.5289,48.5408],[97.7111,48.6733],[98.0504,48.7363],[98.5468,48.7297],[98.9229,48.6969],[99.1788,48.6379],[99.5884,48.7249],[100.1516,48.9581],[100.4726,49.0756],[100.6131,49.0985],[100.6996,49.2631]]}},
{"type":"Feature","properties":{"name":"Indaiá","rank":4,"min_zoom":4},"geometry":{"type":"LineString","coordinates":[[-46.4989,-20.3214],[-46.3218,-20.3523],[-46.0969,-20.3476],[-45.9609,-20.3178],[-45.9434,-20.2314],[-45.8191,-20.1404],[-45.714,-20.1335],[-45.6404,-20.0685],[-45.5985,-19.9454],[-45.4921,-19.8003],[-45.4962,-19.6883],[-45.3948,-19.5245],[-45.3524,-19.3832],[-45.2813,-19.2839],[-45.1211,-19.1613],[-45.0887,-19.0509]]}},
{"type":"Feature","properties":{"name":"Indigirka","rank":5,"min_zoom":4.7},"geometry":{"type":"MultiLineString","coordinates":[[[144.7135,62.7663],[144.4408,63.0091],[143.4919,63.3508],[143.0551,63.4701],[142.6633,63.5363],[142.4457,63.599],[142.2998,63.7285],[142.0578,63.8515],[141.915,63.9535],[141.9208,64.1359],[142.1592,64.2756],[142.3664,64.2933],[142.6338,64.2686],[142.7887,64.3029],[142.8618,64.501],[143.2675,64.633],[143.3555,64.793],[143.3384,64.8715],[143.0849,65.1342],[143.2078,65.3886],[142.8138,65.4242],[142.6369,65.4615],[142.6176,65.5922],[142.6797,65.6919],[143.0107,65.8837],[143.1469,66.0171],[143.2191,66.1891],[143.2227,66.3092],[143.0676,66.5744],[142.8647,66.6929],[142.7538,66.8128],[142.6545,67.0097],[142.6355,67.2647],[142.5741,67.3408],[142.6551,67.4519],[143.3367,67.6004],[143.6471,67.6366],[144.0147,67.6039],[144.6497,67.639],[144.7083,67.6922],[144.5274,67.75],[144.5939,67.8138],[145.0247,67.8709],[145.0931,67.9803],[145.238,67.9953],[145.3577,68.1787],[145.6444,68.2184],[145.856,68.3037],[145.9691,68.4982],[146.2056,68.5776],[146.6461,68.5447],[146.9396,68.573],[147.1436,68.8006],[147.3462,68.8554],[147.4832,68.9417],[147.4884,69.1465],[147.3922,69.2946],[147.6375,69.4399],[147.5677,69.5992],[147.4228,69.6682],[147.5187,70.0038],[147.3897,70.0667],[147.379,70.2719],[147.5757,70.4485],[147.8674,70.5952],[148.4918,70.6792],[148.7092,70.7299],[148.7325,70.787],[148.9405,70.8375],[149.5606,70.9255],[149.6915,71.0455],[149.9128,71.1107],[149.9101,71.1739],[150.0976,71.2266]],[[144.7118,62.768],[145.009,62.5074]]]}},
{"type":"Feature","properties":{"name":"Indragi","rank":6,"min_zoom":5},"geometry":{"type":"LineString","coordinates":[[100.5501,-0.5655],[100.6602,-0.5722],[100.8395,-0.6749],[101.0066,-0.6585],[101.07,-0.5904],[101.2592,-0.6359],[101.4833,-0.6316],[101.6307,-0.5101],[101.7705,-0.4861],[101.9529,-0.539],[102.0971,-0.5347],[102.3724,-0.3558],[102.5213,-0.3782],[102.7419,-0.4807],[102.8434,-0.5065],[102.9365,-0.4792],[103.1053,-0.3737],[103.2287,-0.3307],[103.4052,-0.3622]]}},
{"type":"Feature","properties":{"name":"Indus","rank":3,"min_zoom":3},"geometry":{"type":"MultiLineString","coordinates":[[[67.86,23.9027],[67.9252,24.0008]],[[67.6458,23.9199],[67.7112,23.9566],[67.7134,24.0664]],[[67.9252,24.0008],[68.0166,23.9907],[68.037,23.8483]],[[67.9252,24.0008],[67.9242,24.0559],[67.7134,24.0664]],[[67.7134,24.0664],[67.6608,24.1049]],[[79.7346,32.4439],[79.4298,32.745]],[[79.4373,32.7381],[79.3408,32.8807],[79.2203,32.9965],[79.0437,33.133],[78.9067,33.189],[78.8095,33.1645],[78.6398,33.2078],[78.2455,33.398],[78.1834,33.4453],[78.1504,33.5421],[77.7921,33.8574],[77.6595,34.0112],[77.5298,34.1061],[77.3394,34.1601],[76.9669,34.2878],[76.7821,34.3863],[76.6608,34.4983],[76.5293,34.5826],[76.3876,34.6394],[76.2851,34.7083],[76.2215,34.7894],[76.2089,34.9237],[76.1419,35.0076],[75.995,35.1129],[75.902,35.2095],[75.8628,35.2974],[75.7915,35.3346],[75.6878,35.3209],[75.5677,35.3571],[75.4311,35.443],[75.3331,35.5607],[75.0007,35.6323],[74.8304,35.6935],[74.654,35.826],[74.6321,35.6008],[74.5753,35.5],[74.4608,35.4451],[74.2203,35.4084],[74.0585,35.4359],[73.8569,35.497],[73.6452,35.531],[73.4233,35.538],[73.3016,35.4712],[73.2802,35.3304],[73.1751,35.2043],[72.9864,35.0927],[72.8852,35.0045],[72.8717,34.9394],[72.9446,34.8089],[72.8137,34.7263],[72.7816,34.6225]],[[72.7069,34.0855],[72.6516,34.0317],[72.4108,33.9998],[72.2972,33.9586],[72.2388,33.8949],[72.2357,33.809],[72.0383,33.7571],[71.9139,33.5041],[71.8392,33.4063],[71.7618,33.3723],[71.722,33.2738],[71.7197,33.1108],[71.651,32.9939],[71.5157,32.9228],[71.4247,32.8377],[71.3545,32.6889],[71.3441,32.4835],[71.273,32.3111],[71.0702,31.9991],[70.8611,31.5695],[70.8008,31.2997],[70.829,30.9198],[70.7698,30.8108],[70.7745,30.7163],[70.8235,30.6001],[70.8295,30.4855],[70.7925,30.3724],[70.7915,30.2119],[70.8266,30.004],[70.7919,29.8252],[70.6876,29.6755],[70.6566,29.5504],[70.6991,29.4499],[70.7023,29.3535],[70.6663,29.2612],[70.6571,29.0979],[70.6116,29.0231],[70.5146,28.9518],[70.3968,28.915],[70.2874,28.8355],[70.1149,28.6771],[69.962,28.5757],[69.8288,28.5313],[69.7149,28.4444],[69.6206,28.315],[69.5349,28.2458],[69.458,28.2369],[69.3892,28.1724],[69.2489,28.1414],[69.1706,28.0845],[69.0259,28.04],[68.9295,27.9553],[68.9431,27.8973],[68.8845,27.7921],[68.9384,27.7192],[68.8265,27.6778],[68.7052,27.7595],[68.5731,27.6877],[68.4262,27.6411],[68.3066,27.5721],[68.3177,27.4198],[68.1623,27.3001],[68.1748,27.2076],[68.1085,27.1171],[67.9631,26.9978],[67.9109,26.9098],[67.8909,26.4869],[67.8996,26.3686],[67.9819,26.2434],[68.0676,26.192],[68.2016,25.9989],[68.3323,25.8727],[68.3788,25.7948],[68.3481,25.7282],[68.3984,25.6207],[68.3424,25.5394],[68.3231,25.4439],[68.3405,25.3342],[68.2694,25.0092],[68.1835,24.9733],[68.1549,24.9072],[68.0682,24.8698],[68.0246,24.7603],[67.9858,24.5443],[67.9356,24.4302],[67.8501,24.3955],[67.7871,24.2392],[67.7022,24.1905],[67.6267,24.078],[67.454,24.0399]]]}},
{"type":"Feature","properties":{"name":"Irrawaddy Delta","rank":2,"min_zoom":2.1},"geometry":{"type":"MultiLineString","coordinates":[[[94.7033,16.5119],[94.7443,16.7829],[94.7423,16.9081],[94.7952,17.0352],[94.9031,17.1641],[94.9772,17.3525],[95.0424,17.3711],[95.1202,17.4724],[95.2103,17.6562],[95.3044,17.7663],[95.4549,17.8561],[95.575,17.9042],[95.6331,17.8098],[95.6942,17.6245],[95.783,17.4383],[95.8994,17.2511],[95.9556,17.1298],[95.9515,17.0745],[96.0419,16.9693],[96.0896,16.8467],[96.1891,16.7683]],[[95.4814,16.8139],[95.3235,16.3282],[95.2368,16.133],[95.1325,16.0249],[95.0784,15.8391]],[[95.5996,16.9017],[95.6492,16.7675],[95.8289,16.6534],[95.8718,16.5933],[95.8454,16.4781],[95.9098,16.4123],[96.0429,16.3399]],[[95.4725,17.7437],[95.356,17.6658],[95.2908,17.5022],[95.3396,17.4312],[95.2635,17.3017],[95.2482,17.1785],[95.1861,17.0777],[95.1751,16.9034],[95.2217,16.7962],[95.1451,16.6105],[95.0606,16.5656],[94.9074,16.2878],[94.7937,16.162],[94.7478,16.0804],[94.6562,15.9888]]]}},
{"type":"Feature","properties":{"name":"Irtysh","rank":2,"min_zoom":2.1},"geometry":{"type":"MultiLineString","coordinates":[[[74.9936,53.9856],[74.5585,54.3997],[74.3999,54.4485],[74.305,54.5166],[74.1252,54.5864],[73.7282,54.6938]],[[73.7219,54.6938],[73.5389,54.8053],[73.3176,54.8881],[73.346,54.9595],[73.2033,55.0361],[73.1703,55.1929],[73.0293,55.2453],[73.0196,55.3049],[73.4235,55.5184],[73.8778,55.6888],[74.0811,55.7291],[74.2718,55.7392],[74.4688,55.833],[74.7093,56.058],[74.6812,56.2637],[74.7488,56.3961],[74.6784,56.4779],[74.6801,56.5634],[74.5769,56.7173],[74.5969,56.7575],[74.5109,56.8926],[74.3336,56.988],[74.1173,57.053],[74.1191,57.1332],[73.9655,57.1741],[73.77,57.1794],[73.5993,57.2723],[73.5043,57.265],[73.3713,57.3268],[73.1803,57.3624],[73.1133,57.408],[72.9034,57.4583],[72.7796,57.4421],[72.231,57.5792],[71.9507,57.5807],[71.7508,57.6427],[71.5271,57.6453],[71.4726,57.6986],[71.3124,57.721],[71.1075,57.7102],[70.9639,57.7638],[70.7846,57.7769],[70.5261,57.8589],[70.4251,57.8615],[70.3735,57.957],[70.1366,57.9587],[70.0532,58.0087],[69.6488,57.9601],[69.4267,58.0174],[69.3159,57.9952],[69.1403,58.0323],[68.8182,58.0136],[68.4637,58.1493],[68.2258,58.1684]],[[68.8614,61.1244],[69.0107,61.0192],[69.3619,60.959],[69.5158,60.8854],[69.6226,60.7553],[69.8364,60.6213],[69.7692,60.5117],[69.778,60.3798],[69.8738,60.2586],[69.7294,60.1702],[69.7378,60.0952],[69.8885,60.0053],[69.8711,59.8346],[69.7575,59.7664],[69.4982,59.7275],[69.3343,59.6495],[69.2843,59.5766],[69.1335,59.5611],[69.0467,59.4806],[68.9248,59.4513],[68.9053,59.3542],[68.8104,59.1978],[68.8818,59.1607],[68.8557,59.0212],[68.8008,59.0016],[68.7053,58.7876],[68.5686,58.7535],[68.5491,58.5214],[68.3995,58.4997],[68.3284,58.3835],[68.2194,58.3277],[68.2222,58.1662]]]}},
{"type":"Feature","properties":{"name":"Ishikari","rank":6,"min_zoom":5},"geometry":{"type":"LineString","coordinates":[[143.0659,43.6995],[142.8845,43.8096],[142.632,43.8947],[142.4814,43.8487],[142.2544,43.7382],[141.9429,43.6483],[141.8845,43.5643],[141.8611,43.4283],[141.7099,43.329],[141.5674,43.13],[141.4476,43.1631],[141.3577,43.2379]]}},
{"type":"Feature","properties":{"name":"Ismailiya Canal","rank":6,"min_zoom":5},"geometry":{"type":"LineString","coordinates":[[31.2376,30.1207],[31.2822,30.1287],[31.3778,30.2775],[31.4832,30.3788],[31.6402,30.4841],[31.8649,30.5508],[32.3035,30.593]]}},
{"type":"Feature","properties":{"name":"Japurá","rank":5,"min_zoom":4.7},"geometry":{"type":"LineString","coordinates":[[-69.4616,-1.2307],[-69.4469,-1.448],[-69.3387,-1.6051],[-69.1278,-1.7537],[-68.9145,-1.8176],[-68.6987,-1.7965],[-68.4577,-1.7479],[-68.1912,-1.6716],[-67.9639,-1.6391],[-67.7757,-1.6506],[-67.6295,-1.6849],[-67.5251,-1.7422],[-67.3613,-1.7985],[-67.1382,-1.8537],[-66.8055,-1.8228],[-66.3631,-1.7056],[-65.9805,-1.7158],[-65.6578,-1.8535],[-65.4455,-1.9045],[-65.3437,-1.869],[-65.2679,-1.9042],[-65.1931,-2.0632],[-65.2266,-2.1377],[-65.1804,-2.2658],[-65.0656,-2.472],[-64.9793,-2.7089],[-64.9141,-2.7328],[-64.8746,-2.927],[-64.7737,-3.1092],[-64.7903,-3.2224]]}},
{"type":"Feature","properties":{"name":"Jequitinhonha","rank":6,"min_zoom":5},"geometry":{"type":"LineString","coordinates":[[-43.4085,-18.2936],[-43.5321,-18.1045],[-43.5586,-18.0118],[-43.4755,-17.8392],[-43.6114,-17.7858],[-43.6652,-17.6084],[-43.5702,-17.5051],[-43.3645,-17.5066],[-43.2331,-17.4183],[-43.2126,-17.3387],[-43.0484,-17.2122],[-42.9724,-17.105],[-42.8464,-17.0353],[-42.7774,-16.9596],[-42.6981,-16.8191],[-42.5547,-16.7161],[-42.3472,-16.651],[-42.1778,-16.6513],[-42.0465,-16.7171],[-41.9191,-16.7032],[-41.7957,-16.6097],[-41.6875,-16.5621],[-41.548,-16.5601],[-41.332,-16.5242],[-41.1237,-16.416],[-41.0445,-16.4302],[-40.9083,-16.3547],[-40.715,-16.1898],[-40.5201,-16.116],[-40.3236,-16.1335],[-40.1698,-16.1255],[-40.0588,-16.0918],[-39.9627,-16.0189],[-39.84,-15.9857],[-39.5128,-15.9422],[-39.4022,-16.0252],[-39.2373,-16.0149],[-39.1645,-15.9548],[-39.1041,-15.8601],[-39.021,-15.8213],[-38.8853,-15.842]]}},
{"type":"Feature","properties":{"name":"Jinsha","rank":1,"min_zoom":2},"geometry":{"type":"MultiLineString","coordinates":[[[99.3986,28.1196],[99.4307,27.8424],[99.4942,27.6419],[99.6002,27.4257],[99.7268,27.2456],[99.8741,27.1015],[99.9543,26.9937],[100.0411,26.9403],[100.0634,27.1198],[100.1087,27.2205],[100.1993,27.3143],[100.2317,27.3986],[100.2186,27.5541],[100.2696,27.6404],[100.2984,27.7949],[100.3901,27.8369],[100.4274,27.7537],[100.4418,27.5839],[100.4725,27.484],[100.5454,27.393],[100.5502,27.3013],[100.4635,27.2018],[100.4859,27.0497],[100.4633,26.9008],[100.4084,26.797],[100.444,26.4993],[100.4248,26.3259],[100.4586,26.2362],[100.5818,26.2028],[100.7977,26.1785],[100.9607,26.211],[101.0708,26.3005],[101.2001,26.3573],[101.3487,26.3811],[101.4469,26.4425],[101.4946,26.5413],[101.5903,26.5934],[101.7339,26.5987],[101.8413,26.5544],[101.9123,26.4603],[101.9402,26.3626],[101.9249,26.2612],[101.8471,26.0984],[101.8522,26.0164],[101.9121,25.9815],[102.0267,25.9935],[102.126,26.0569],[102.2098,26.1715],[102.3308,26.2662],[102.5825,26.3702],[102.635,26.2524],[102.7526,26.2629],[102.8361,26.331],[102.9901,26.3952],[103.0421,26.5235],[103.0185,26.6333],[102.9403,26.8276],[102.8974,27.0127],[102.9033,27.3127],[102.9691,27.412],[103.0464,27.3981],[103.147,27.4343],[103.2002,27.5337],[103.2764,27.5825],[103.3259,27.6703],[103.4792,27.8138],[103.535,27.9216],[103.5323,27.9922],[103.4444,28.0652],[103.4839,28.1612],[103.5895,28.25],[103.7616,28.243],[103.8405,28.2981],[103.8587,28.377],[103.8089,28.5653],[103.8507,28.668]],[[98.5415,31.6898],[98.799,31.438],[98.8554,31.3231],[98.7968,31.2612],[98.6375,31.2798],[98.6149,31.2064],[98.6533,31.1249],[98.799,30.9634],[98.8306,30.8424],[98.9171,30.7655],[98.9428,30.4766],[99.0183,30.1023],[99.0386,29.8491],[99.0039,29.7169],[99.014,29.5508],[99.0964,29.2505],[99.1459,28.6412],[99.2214,28.3602],[99.3986,28.1264]]]}},
{"type":"Feature","properties":{"name":"Jordan","rank":6,"min_zoom":5},"geometry":{"type":"MultiLineString","coordinates":[[[35.4235,31.3248],[35.4007,31.2305]],[[35.5769,32.7203],[35.5515,32.3955],[35.572,32.2379],[35.5347,32.103],[35.5315,31.9849],[35.559,31.7655]],[[35.8639,33.5963],[35.6955,33.4308],[35.6189,33.2437],[35.5948,33.111],[35.5989,32.8997]]]}},
{"type":"Feature","properties":{"name":"Jubba","rank":6,"min_zoom":5},"geometry":{"type":"LineString","coordinates":[[41.9658,4.3237],[42.0292,4.2906],[42.0669,4.2059],[42.2189,4.155],[42.3417,4.0784],[42.4898,3.9426],[42.5423,3.7947],[42.4992,3.6348],[42.4973,3.5217],[42.5365,3.4555],[42.4729,3.2801],[42.4869,3.1879],[42.5754,3.0704],[42.5017,2.942],[42.3931,2.8377],[42.3458,2.7494],[42.3598,2.6773],[42.3024,2.5591],[42.3156,2.3876],[42.2744,2.3326],[42.1791,2.3479],[42.2004,2.2516],[42.1773,2.1349],[42.2646,2.0614],[42.2972,1.9929],[42.275,1.9294],[42.3056,1.8354],[42.3888,1.711],[42.4258,1.6167],[42.4245,1.462],[42.5611,1.2189],[42.6054,1.0703],[42.5952,0.9294],[42.626,0.8076],[42.6976,0.7049],[42.7377,0.5807],[42.7506,0.3624],[42.7298,0.1345],[42.6848,0.0149],[42.6084,-0.0721],[42.5854,-0.1479],[42.6342,-0.2507]]}},
{"type":"Feature","properties":{"name":"Juruena","rank":5,"min_zoom":4.7},"geometry":{"type":"LineString","coordinates":[[-59.0701,-14.5316],[-59.0363,-14.3729],[-59.038,-14.2494],[-59.0769,-14.0376],[-59.0415,-13.9791],[-59.0192,-13.544],[-58.9973,-13.3667],[-58.9603,-13.2891],[-58.9328,-12.9984],[-58.9146,-12.4945],[-58.8629,-12.1809],[-58.7775,-12.0577],[-58.7314,-11.9203],[-58.6987,-11.6571],[-58.6284,-11.5025],[-58.6216,-11.4066],[-58.6694,-11.3303],[-58.6796,-11.2344],[-58.6591,-10.9751]]}},
{"type":"Feature","properties":{"name":"Kadéï","rank":6,"min_zoom":5},"geometry":{"type":"LineString","coordinates":[[14.6169,5.8651],[14.6169,5.4955],[14.4931,5.2874],[14.4628,5.1823],[14.4847,5.1107],[14.4368,5.0302],[14.319,4.9407],[14.2543,4.7965],[14.2428,4.5978],[14.2971,4.4295],[14.4173,4.2919],[14.6226,4.1717],[14.754,4.2277],[14.8268,4.23],[14.8935,4.1473],[14.957,4.1181],[15.1469,4.0907],[15.2361,4.0195],[15.3676,4.0553],[15.5313,4.0049],[15.5784,3.9312],[15.5927,3.8254],[15.6514,3.7562],[15.7546,3.7236],[15.8814,3.6498],[16.0319,3.5346],[16.1081,3.4001],[16.11,3.2461],[16.158,3.1031],[16.2522,2.9711],[16.2453,2.884],[16.1737,2.824],[16.1178,2.716],[16.0955,2.5992],[16.1067,2.4735],[16.1834,2.2701],[16.1766,2.2048],[16.08,2.1068],[16.0879,1.9181],[16.135,1.796],[16.0977,1.6537]]}},
{"type":"Feature","properties":{"name":"Kafue","rank":6,"min_zoom":5},"geometry":{"type":"LineString","coordinates":[[27.1567,-11.6262],[27.1435,-11.7487],[27.1834,-11.8518],[27.3165,-12.0386],[27.3663,-12.154],[27.568,-12.379],[27.6551,-12.4291],[27.7059,-12.4049],[27.8215,-12.4198],[28.0017,-12.4739],[28.1357,-12.5855],[28.2233,-12.7545],[28.2397,-12.9434],[28.1848,-13.1523],[28.1248,-13.2842],[28.0599,-13.3392],[27.964,-13.3683],[27.8372,-13.3716],[27.7601,-13.4076],[27.7327,-13.4762],[27.6265,-13.5255],[27.6165,-13.6595],[27.5608,-13.7693],[27.4357,-13.9031],[27.386,-14.0118],[27.4098,-14.1647],[27.3171,-14.2792],[27.1204,-14.3833],[26.6561,-14.4402],[26.5001,-14.5165],[26.3898,-14.6482],[26.292,-14.6906],[26.1513,-14.6472],[26.1305,-14.7364],[26.1779,-14.8413],[26.1123,-14.8807],[25.9826,-14.9074],[26.0056,-14.9993],[25.9765,-15.1112],[25.9669,-15.2883],[25.9866,-15.5854],[26.0476,-15.755],[26.1503,-15.797],[26.2854,-15.7761],[26.453,-15.6923],[26.5679,-15.6636],[26.6301,-15.6899],[26.7477,-15.6673],[26.9206,-15.5954],[27.0804,-15.6058],[27.2273,-15.6982],[27.3728,-15.7205],[27.5172,-15.6728],[27.6433,-15.6835],[27.6748,-15.6476],[27.8938,-15.66],[28.0369,-15.7041],[28.1696,-15.7805],[28.2747,-15.81],[28.3522,-15.793],[28.4817,-15.8263],[28.663,-15.9101],[28.8018,-15.9531],[28.973,-15.9501]]}},
{"type":"Feature","properties":{"name":"Kagera","rank":1,"min_zoom":2},"geometry":{"type":"LineString","coordinates":[[29.5935,-2.9844],[29.8266,-3.0471],[29.8946,-3.1366],[29.9758,-3.1841],[30.0211,-3.2556],[30.0104,-3.365],[30.2737,-3.1956],[30.3906,-3.0877],[30.4554,-2.9915],[30.4335,-2.8745],[30.4413,-2.7691],[30.5304,-2.6792],[30.6912,-2.5543],[30.7742,-2.4626],[30.8287,-2.3385],[30.8766,-2.1434],[30.8646,-2.0441],[30.8191,-1.9675],[30.8067,-1.8507],[30.8275,-1.6937],[30.8126,-1.5631],[30.7107,-1.3968],[30.632,-1.3675],[30.5081,-1.2082],[30.4702,-1.1311],[30.5199,-1.0625],[30.5987,-1.0697],[30.8092,-0.9949],[30.9418,-1.0626],[31.0118,-1.1428],[31.1245,-1.2],[31.2803,-1.2343],[31.4094,-1.2386],[31.5118,-1.2131],[31.5734,-1.1575],[31.6451,-1.0056],[31.7676,-0.9357]]}},
{"type":"Feature","properties":{"name":"Kamchatka","rank":6,"min_zoom":5},"geometry":{"type":"LineString","coordinates":[[157.6323,54.2903],[157.6936,54.1313],[157.7483,54.0808],[157.8839,54.1148],[157.9823,54.1941],[158.1241,54.3636],[158.3139,54.5053],[158.3326,54.5651],[158.456,54.6422],[158.6839,54.7366],[158.857,54.8661],[158.9753,55.0308],[159.1008,55.1451],[159.3096,55.261],[159.3601,55.4103],[159.6649,55.4827],[159.7403,55.6416],[159.7332,55.7408],[159.6318,55.8627],[159.6469,55.9407],[159.8678,56.1157],[159.9262,56.2085],[160.1557,56.3037],[160.2946,56.3982],[160.6837,56.3859],[161.7785,56.2709],[162.0437,56.2242],[162.1758,56.2606],[162.373,56.2644],[162.4611,56.2355]]}},
{"type":"Feature","properties":{"name":"Kapuas","rank":6,"min_zoom":5},"geometry":{"type":"LineString","coordinates":[[113.465,1.2014],[113.2333,0.9646],[112.9538,0.8547],[112.7938,0.8235],[112.6601,0.8343],[112.5359,0.8023],[112.421,0.7276],[112.2518,0.672],[112.0283,0.6356],[111.9496,0.5987],[111.9166,0.5026],[111.8397,0.4621],[111.8022,0.3746],[111.6453,0.3109],[111.6183,0.2423],[111.5555,0.2207],[111.5008,0.1036],[111.3675,0.0893],[111.2319,0.1059],[111.0773,0.0919],[110.9328,0.0233],[110.8326,0.008],[110.7325,0.0464],[110.5804,0.0596],[110.4183,-0.0661],[110.3353,-0.0808],[110.1769,-0.0562],[110.0065,-0.0946],[109.9472,-0.1852],[109.8102,-0.269],[109.5957,-0.3461],[109.4526,-0.3373],[109.3357,-0.267],[109.1496,-0.1856]]}},
{"type":"Feature","properties":{"name":"Kasai","rank":3,"min_zoom":3},"geometry":{"type":"LineString","coordinates":[[22.2371,-11.2494],[22.2167,-11.0127],[22.1779,-10.8923],[22.2035,-10.8295],[22.2805,-10.784],[22.307,-10.6913],[22.2832,-10.5516],[22.3024,-10.3967],[22.2745,-10.2591],[22.1977,-10.0406],[22.0891,-9.8628],[21.9487,-9.7256],[21.8567,-9.5942],[21.8132,-9.4687],[21.8294,-9.1684],[21.9054,-8.6934],[21.8959,-8.3411],[21.8009,-8.1119],[21.7801,-7.8654],[21.8336,-7.6017],[21.8416,-7.421],[21.7853,-7.2745],[21.6922,-7.1092],[21.5474,-6.9637],[21.2059,-6.6924],[20.939,-6.5348],[20.7826,-6.3662],[20.6478,-6.1338],[20.58,-5.9927],[20.6375,-5.876],[20.8352,-5.7121],[21.0383,-5.3386],[21.0751,-5.1018],[21.0551,-4.7996],[20.9661,-4.6113],[20.8083,-4.5371],[20.6882,-4.455],[20.6056,-4.3649],[20.4637,-4.2954],[20.3748,-4.3192],[20.285,-4.3904],[19.9036,-4.1623],[19.7419,-4.0814],[19.66,-4.0716],[19.4096,-3.9589],[18.9907,-3.7429],[18.7399,-3.6265],[18.5101,-3.5988],[18.4138,-3.5509],[18.2917,-3.457],[18.1298,-3.4116],[17.928,-3.4147],[17.7964,-3.3907],[17.7348,-3.3395],[17.6131,-3.3099],[17.3554,-3.2],[17.0601,-3.0592],[16.9781,-3.0521],[16.7451,-3.0861],[16.5187,-3.0697],[16.3641,-3.0732],[16.2811,-3.0966],[16.1906,-3.1944]]}},
{"type":"Feature","properties":{"name":"Katherine","rank":6,"min_zoom":5},"geometry":{"type":"LineString","coordinates":[[133.1343,-13.2983],[133.2238,-13.5065],[133.2096,-13.664],[133.1334,-13.7356],[132.9664,-13.7045],[132.8345,-13.8007],[132.7815,-13.9135],[132.695,-14.1721],[132.5684,-14.266],[132.4665,-14.3016],[132.3022,-14.4135],[132.0757,-14.602],[131.9328,-14.6985],[131.8437,-14.7057]]}},
{"type":"Feature","properties":{"name":"Kayan","rank":6,"min_zoom":5},"geometry":{"type":"LineString","coordinates":[[114.7619,1.7602],[114.8755,1.8854],[114.9561,1.9325],[115.0847,1.9489],[115.2614,2.0114],[115.4402,2.0281],[115.5523,1.9688],[115.6173,1.9878],[115.6935,2.0608],[115.7811,2.1877],[115.8453,2.2042],[115.8863,2.1101],[115.9587,2.0663],[116.0629,2.0726],[116.1414,2.1458],[116.1944,2.2857],[116.3261,2.4656],[116.6565,2.7985],[116.7558,2.7301],[116.8865,2.8006],[116.9823,2.8101],[117.1683,2.7546],[117.3419,2.8091],[117.4603,2.9223],[117.5692,2.9293]]}},
{"type":"Feature","properties":{"name":"Kem","rank":6,"min_zoom":5},"geometry":{"type":"MultiLineString","coordinates":[[[31.5704,63.8694],[31.8336,63.7658],[31.9444,63.7668],[32.2361,63.8531],[32.3574,63.984],[32.3877,64.1772],[32.1851,64.3771],[32.2504,64.4044],[32.3018,64.4451],[32.3395,64.4993],[32.149,64.7478]],[[32.044,64.4597],[32.2004,64.384]],[[32.149,64.7478],[32.2593,64.8205],[32.4588,64.8716],[32.7424,65.0165],[32.9517,65.0157],[33.0656,65.1111],[33.1856,65.1036],[34.0048,64.9753],[34.3857,64.9445],[34.8035,64.986]],[[31.9546,64.8637],[32.149,64.7478]]]}},
{"type":"Feature","properties":{"name":"Kemijoki","rank":6,"min_zoom":5},"geometry":{"type":"MultiLineString","coordinates":[[[27.3595,66.467],[27.1903,66.3486],[26.901,66.356],[26.4033,66.3952],[26.0659,66.4409],[25.889,66.4931],[25.7085,66.4942],[25.5247,66.4442],[25.4001,66.3626],[25.3026,66.1927],[24.9458,66.1177],[24.7978,66.0476],[24.628,65.8592]],[[28.781,68.105],[28.9305,68.0124],[28.8507,67.8135],[28.7245,67.6859],[28.2893,67.4622],[28.0848,67.2932],[28.0625,67.2308],[27.6081,67.158],[27.5001,67.1058],[27.5163,66.9454],[27.3848,66.7648]]]}},
{"type":"Feature","properties":{"name":"Khatanga","rank":6,"min_zoom":5},"geometry":{"type":"LineString","coordinates":[[105.1439,72.7771],[104.8604,72.7495],[104.1999,72.5757],[104.17,72.5204],[103.8899,72.4619],[103.0779,72.3487],[102.8856,72.2142],[102.6017,72.0705],[102.3643,71.9869],[102.0781,71.9518]]}},
{"type":"Feature","properties":{"name":"Kheta","rank":6,"min_zoom":5},"geometry":{"type":"MultiLineString","coordinates":[[[92.22,69.9866],[93.2282,69.9259],[94.0056,69.8443],[94.4392,69.8621],[94.8191,69.9329],[95.1454,70.0565],[95.7442,70.2109],[95.8764,70.3558],[95.8457,70.5173],[95.7365,70.5571],[95.3837,70.5649],[95.1582,70.6704],[94.7256,70.6517],[94.3879,70.6772],[94.1448,70.7469],[94.1392,70.8311],[94.3712,70.9295],[94.867,70.9455],[96.0066,70.8459],[97.3653,70.8133],[97.8352,70.8248],[98.1412,70.9831],[98.1802,71.1204],[98.3045,71.1911],[98.704,71.1575],[99.1021,71.1714],[99.2651,71.2483],[99.5127,71.4332]],[[102.0781,71.9518],[101.584,71.8163],[101.0812,71.7517],[100.4051,71.7129],[99.9102,71.6593],[99.5967,71.5909],[99.5151,71.4346]]]}},
{"type":"Feature","properties":{"name":"Kibali","rank":3,"min_zoom":3},"geometry":{"type":"LineString","coordinates":[[30.3712,2.3331],[30.4386,2.6627],[30.3628,2.8249],[30.278,2.8779],[30.159,2.8756],[30.0081,2.9243],[29.8253,3.0242],[29.6796,3.0807],[29.5707,3.0937],[29.5091,3.1498],[29.4946,3.2492],[29.4404,3.3002],[29.3467,3.3029],[29.245,3.3812],[29.1354,3.5353],[29.033,3.5975],[28.9378,3.5679],[28.8141,3.5638],[28.586,3.5958]]}},
{"type":"Feature","properties":{"name":"Klamath","rank":5,"min_zoom":4.7},"geometry":{"type":"MultiLineString","coordinates":[[[-123.7799,41.2769],[-123.8371,41.3024],[-123.9912,41.5226],[-124.093,41.5396]],[[-121.8094,42.2512],[-121.8452,42.1369],[-121.9663,42.1493],[-122.0516,42.119],[-122.257,41.991],[-122.4472,41.9509],[-122.637,41.8666],[-122.8123,41.892],[-122.9993,41.8256],[-123.2227,41.8662],[-123.3421,41.8113],[-123.4579,41.6655],[-123.5115,41.532],[-123.5029,41.411],[-123.5353,41.3149],[-123.6789,41.2254],[-123.7798,41.277]]]}},
{"type":"Feature","properties":{"name":"Kokemäenjoki","rank":6,"min_zoom":5},"geometry":{"type":"LineString","coordinates":[[22.5791,61.211],[22.3994,61.2934],[22.3014,61.2557],[22.0525,61.344],[21.5981,61.5779]]}},
{"type":"Feature","properties":{"name":"Kolyma","rank":4,"min_zoom":4},"geometry":{"type":"LineString","coordinates":[[145.216,61.8559],[145.6056,61.8993],[145.8014,61.8768],[146.096,61.7796],[146.3436,61.5901],[146.6575,61.4546],[146.8121,61.454],[146.9499,61.5076],[147.1192,61.4973],[147.3706,61.5902],[147.4329,61.7078],[147.4124,61.8725],[147.3546,61.9848],[147.2596,62.0448],[147.2553,62.1403],[147.3416,62.2713],[147.4643,62.3312],[147.7179,62.2985],[148.025,62.1796],[148.1199,62.0948],[148.2438,62.0747],[148.3967,62.1194],[148.5238,62.1068],[148.6626,61.9797],[148.6225,61.9132],[148.7269,61.785],[148.7578,61.659],[149.0267,61.7003],[149.379,61.6603],[149.501,61.6743],[149.6059,61.8592],[149.9152,62.0205],[150.0643,62.075],[150.4287,62.0878],[150.7135,62.1969],[150.8001,62.3405],[150.8165,62.4489],[150.7631,62.5928],[150.8447,62.6716],[151.0557,62.6649],[151.4097,62.619],[151.6184,62.5594],[151.7417,62.4535],[151.992,62.5561],[152.0844,62.4272],[152.271,62.4353],[152.2698,62.5253],[152.4621,62.7358],[152.5053,62.8232],[152.4612,62.9289],[152.5205,62.9999],[152.5842,63.1942],[152.5833,63.3115],[152.9081,63.4561],[152.9819,63.5488],[153.1581,63.67],[153.437,63.8195],[153.6644,63.9017],[154.0573,63.9601],[154.3146,64.0325],[154.5174,64.1269],[154.4099,64.2033],[154.3174,64.3544],[154.1751,64.4064],[154.0796,64.5119],[154.0306,64.6711],[153.8351,64.7343],[153.4928,64.7015],[153.2217,64.7165],[153.0218,64.7794],[152.4869,64.8393],[152.3273,64.9254],[152.1272,64.9799],[151.837,65.113],[151.7033,65.2197],[151.6057,65.2371],[151.3431,65.4154],[151.1501,65.6279],[150.873,65.7879],[150.7679,65.8866],[150.7441,65.9859],[150.7981,66.1493],[151.0369,66.1621],[151.0801,66.2229],[151.3744,66.2163],[151.5956,66.2556],[151.7698,66.3825],[151.7777,66.4471],[152.4004,66.6465],[152.3851,66.7322],[152.6404,66.8956],[152.9218,67.0122],[153.0246,67.1091],[153.18,67.1509],[153.6252,67.2139],[153.5201,67.3457],[153.6444,67.4634],[154.0878,67.5343],[154.8648,67.6199],[155.3538,67.6465],[155.8038,67.6104],[156.2168,67.6572],[156.3362,67.7752],[156.1321,67.8741],[156.2559,67.9608],[156.6671,67.9394],[156.7934,67.9819],[157.4322,68.093],[157.6539,68.175],[157.6713,68.2649],[157.9557,68.46],[158.0194,68.5454],[157.9631,68.6161],[158.5491,68.7885],[158.6666,68.7411],[159.1568,68.7825],[159.2146,68.6698],[159.3954,68.6319],[160.1269,68.5403],[160.559,68.5119],[160.8561,68.5383]]}},
{"type":"Feature","properties":{"name":"Konqi","rank":6,"min_zoom":5},"geometry":{"type":"LineString","coordinates":[[89.3869,40.6327],[88.7145,40.6899],[88.4224,40.7444],[88.2865,40.8154],[88.1267,40.8597],[87.9431,40.8772],[87.6589,40.9581],[87.5286,40.9737],[87.3967,40.957],[87.2584,40.9711],[87.0249,41.0691],[86.899,41.2048],[86.7485,41.2939],[86.5978,41.3145],[86.3716,41.2428]]}},
{"type":"Feature","properties":{"name":"Koukourou","rank":6,"min_zoom":5},"geometry":{"type":"LineString","coordinates":[[20.9349,7.3427],[20.8294,7.2595],[20.6732,7.2119],[20.5967,7.1049],[20.4869,7.0463],[20.3835,7.0265],[20.213,7.0609],[19.9824,7.2035],[19.8738,7.3193],[19.7329,7.5377]]}},
{"type":"Feature","properties":{"name":"Koyukuk","rank":6,"min_zoom":5},"geometry":{"type":"LineString","coordinates":[[-150.8214,68.0429],[-150.8924,67.8539],[-151.0406,67.6109],[-150.7895,67.4264],[-150.726,67.2788],[-150.7905,67.1929],[-151.0321,67.0916],[-151.6195,66.9176],[-151.779,66.6581],[-152.0322,66.5803],[-152.2192,66.5553],[-152.5616,66.5707],[-152.9139,66.4918],[-153.2959,66.4379],[-153.9086,66.3076],[-154.1341,66.1949],[-154.2761,66.0433],[-154.454,65.9229],[-154.8469,65.7936],[-155.3634,65.921],[-155.4343,65.9938],[-155.6531,65.975],[-156.0102,66.0224],[-156.1919,66.0084],[-156.3276,65.9298],[-156.3488,65.8326],[-156.5026,65.726],[-156.4706,65.6296],[-156.3356,65.5342],[-156.4264,65.4554],[-156.6379,65.4695],[-156.7703,65.5486],[-156.9351,65.5636],[-157.1368,65.4901],[-157.6089,65.4908],[-157.6467,65.0836],[-157.4987,65.0256],[-157.5823,64.9213],[-157.7691,64.8503]]}},
{"type":"Feature","properties":{"name":"Krishna","rank":6,"min_zoom":5},"geometry":{"type":"MultiLineString","coordinates":[[[79.3133,16.5794],[79.6572,16.6902],[79.8184,16.7029],[79.9115,16.6546],[79.9931,16.6779],[80.0629,16.7727],[80.1215,16.7682],[80.1687,16.6643],[80.2619,16.6074],[80.4009,16.5972],[80.5236,16.5532],[80.6298,16.4753],[80.7838,16.307],[80.8338,16.2013],[80.8925,15.971],[80.8648,15.7822]],[[73.7965,17.9918],[73.8977,17.9307],[73.962,17.8543],[74.0537,17.6864],[74.118,17.6327],[74.1033,17.5065],[74.1802,17.3288],[74.1931,17.2026],[74.3216,17.1194],[74.376,17.0488],[74.4567,17.0158],[74.5367,16.8577],[74.6588,16.7656],[74.6234,16.6672],[74.6599,16.6018],[74.7543,16.5957],[74.9065,16.6488],[75.0133,16.6342],[75.0748,16.552],[75.2307,16.6212],[75.317,16.6081],[75.4289,16.5363],[75.4427,16.4475],[75.677,16.4219],[75.838,16.3382],[76.0165,16.2787],[76.1242,16.1876],[76.2133,16.1672],[76.4049,16.2274],[76.699,16.3679],[76.8821,16.47],[76.954,16.5337],[77.0572,16.5279],[77.259,16.4154],[77.6157,16.3488],[77.845,16.2322],[78.0657,16.0435],[78.1931,15.956],[78.2444,16.023],[78.3611,16.0722],[78.6934,16.0468],[78.8051,16.0636],[78.8845,16.1706],[78.9972,16.2303]]]}},
{"type":"Feature","properties":{"name":"Kuskokwim","rank":6,"min_zoom":5},"geometry":{"type":"LineString","coordinates":[[-154.7206,63.0786],[-154.8436,63.0195],[-155.1248,63.0045],[-155.3683,62.9622],[-155.5946,62.9724],[-155.6046,62.886],[-155.8308,62.7391],[-155.7753,62.6782],[-155.8137,62.5544],[-156.0246,62.466],[-156.2359,62.2678],[-156.2563,62.1627],[-156.2032,62.0069],[-156.327,61.8954],[-156.519,61.8166],[-156.8734,61.7145],[-157.2443,61.7251],[-157.6316,61.8483],[-157.8846,61.8919],[-158.1816,61.8211],[-158.2726,61.6928],[-158.3935,61.61],[-158.7104,61.5658],[-159.1875,61.5942],[-159.8015,61.5726],[-160.2153,61.5435],[-160.4147,61.5042],[-160.5375,61.445],[-160.6524,61.3056],[-160.7549,61.2801],[-160.8464,61.1866],[-160.9836,61.123],[-161.1749,60.9383],[-161.2915,60.8965],[-161.4572,60.903],[-161.6235,60.8441],[-161.7739,60.7207],[-161.9466,60.6848]]}},
{"type":"Feature","properties":{"name":"Kwango","rank":6,"min_zoom":5},"geometry":{"type":"LineString","coordinates":[[18.7966,-11.2563],[18.7072,-10.8793],[18.6317,-10.7311],[18.6518,-10.6089],[18.6103,-10.5265],[18.497,-10.4101],[18.4951,-10.2321],[18.6496,-10.0725],[18.6771,-9.9971],[18.6703,-9.8906],[18.6106,-9.7396],[18.4545,-9.6302],[18.3614,-9.5222],[18.1891,-9.2537],[18.0561,-9.1906],[18.0424,-9.0115],[18.0136,-8.8753],[17.9382,-8.7152],[17.8162,-8.5315],[17.7079,-8.414],[17.6133,-8.3629],[17.5585,-8.2719],[17.536,-8.0758],[17.245,-7.6233],[17.1551,-7.4614],[16.9847,-7.2574],[16.952,-7.1571],[16.9658,-7.0621],[16.9194,-6.9339],[16.8131,-6.7726],[16.743,-6.6185],[16.7094,-6.4717],[16.7178,-6.2414],[16.6973,-6.1643],[16.6022,-6.0398],[16.577,-5.8904],[16.5151,-5.3914],[16.5083,-5.1578],[16.5357,-5.0233],[16.5357,-4.8411],[16.5083,-4.6112],[16.5079,-4.4596],[16.5345,-4.3861],[16.5125,-4.2455],[16.5865,-4.1801],[16.7582,-4.1187],[16.9933,-3.9915],[17.0859,-4.0033],[17.1835,-3.9201],[17.2861,-3.7419],[17.322,-3.6101],[17.2981,-3.4535],[17.3647,-3.3686],[17.3554,-3.2]]}},
{"type":"Feature","properties":{"name":"Kyzyl-Khem","rank":4,"min_zoom":4},"geometry":{"type":"LineString","coordinates":[[98.0003,51.5141],[97.8789,51.5187],[97.7033,51.4801],[97.298,51.3596],[96.524,51.3465],[96.2354,51.3558],[96.0991,51.3831],[95.78,51.295]]}},
{"type":"Feature","properties":{"name":"La Grande Rivière","rank":4,"min_zoom":4},"geometry":{"type":"MultiLineString","coordinates":[[[-70.48,53.4065],[-70.4731,53.4916],[-70.8446,53.4275]],[[-71.1168,53.5908],[-71.2773,53.664],[-71.4521,53.6779],[-71.8163,53.646]],[[-72.0361,53.5982],[-72.1127,53.6588],[-72.2795,53.621],[-72.5026,53.6912],[-72.6918,53.6787],[-72.8523,53.765],[-73.3279,53.9159],[-73.5359,53.8771],[-73.7141,53.8054],[-73.9621,53.7481],[-74.4391,53.6839]],[[-77.4197,53.7978],[-77.6256,53.8201],[-78.088,53.7645],[-78.3898,53.7619],[-78.9457,53.8316]]]}},
{"type":"Feature","properties":{"name":"Lancang","rank":2,"min_zoom":2.1},"geometry":{"type":"LineString","coordinates":[[96.9413,31.9655],[97.0552,31.6919],[97.2068,31.4631],[97.2152,31.3808],[97.1728,31.2962],[97.1879,31.1344],[97.2429,31.0497],[97.3323,30.9786],[97.3774,30.8903],[97.3782,30.7847],[97.4955,30.6183],[97.9627,30.1624],[98.1607,29.8102],[98.2424,29.7629],[98.3633,29.5682],[98.4113,29.4269],[98.4844,29.3072],[98.5825,29.2088],[98.6194,29.1257],[98.5933,29.0087],[98.624,28.9631],[98.6701,28.7722],[98.8093,28.4783],[98.8631,28.3039],[98.8885,28.1086],[98.938,27.9595],[99.0117,27.8564],[99.0358,27.7683],[99.0052,27.6229],[99.0884,27.3768],[99.1097,27.2151],[99.1755,27.0711],[99.1823,26.9479],[99.1141,26.5309],[99.1413,26.38],[99.1341,26.1756],[99.1566,25.9177],[99.2134,25.792],[99.3096,25.6443],[99.3413,25.5212],[99.3085,25.4228],[99.3413,25.315],[99.4396,25.198],[99.5988,25.1091],[99.6997,25.017],[99.8284,24.8533],[99.9386,24.7619],[100.1397,24.6897],[100.2507,24.7472],[100.3316,24.7497],[100.4183,24.6822],[100.5109,24.5449],[100.5477,24.3878],[100.529,24.211],[100.4852,24.1076],[100.3882,24.0261],[100.401,23.9526],[100.3556,23.8541],[100.1845,23.6197],[100.0668,23.2776],[100.1062,23.1491],[100.2328,23.0225],[100.3132,22.8873],[100.3474,22.7437],[100.4153,22.6356],[100.5669,22.5016],[100.5879,22.3978],[100.6355,22.3425],[100.6318,22.2682],[100.7047,22.2052],[100.77,22.0473],[100.8686,21.9231],[100.9837,21.845],[101.1154,21.813],[101.1473,21.5816],[101.0804,21.4687],[100.9275,21.3662],[100.7566,21.3127],[100.7031,21.2514],[100.6137,21.0593],[100.5362,20.9924],[100.5222,20.9219],[100.5652,20.8251],[100.4074,20.8232],[100.2493,20.7303],[100.1839,20.5891],[100.1296,20.3722],[100.218,20.3396],[100.318,20.3859],[100.4315,20.2407],[100.5533,20.1704],[100.5885,20.0734],[100.5973,19.8931],[100.6527,19.8252],[100.7548,19.8698],[100.8567,19.8775],[100.9585,19.8486],[101.1534,19.8723],[101.3333,19.8219],[101.4841,19.823],[101.6994,19.8898],[102.1371,20.0866],[102.2326,20.0113],[102.141,19.9035],[101.9298,19.7343],[101.8235,19.604],[101.8217,19.5128],[101.8858,19.3722],[101.8448,19.3102],[101.819,19.1807],[101.8085,18.984],[101.8415,18.7939],[101.8264,18.6981],[101.7705,18.5675],[101.6577,18.4222],[101.4881,18.2622],[101.4083,18.1189],[101.4185,17.9923],[101.4586,17.9018],[101.5637,17.8205]]}},
{"type":"Feature","properties":{"name":"Lek","rank":4,"min_zoom":4},"geometry":{"type":"LineString","coordinates":[[5.3311,51.963],[5.1613,51.9935],[4.9988,51.9773],[4.5959,51.8975],[4.2802,51.919],[4.0848,51.9941]]}},
{"type":"Feature","properties":{"name":"Lena","rank":1,"min_zoom":2},"geometry":{"type":"MultiLineString","coordinates":[[[120.6484,60.4035],[120.3434,60.3962],[120.1843,60.3497],[120.0692,60.2616],[119.8741,60.2291],[119.5989,60.2523],[119.3548,60.1914],[119.1418,60.0465],[118.9586,59.9656],[118.8053,59.9488],[118.5753,59.8702],[118.4821,59.7778],[118.3225,59.7248],[117.9983,59.8053],[117.4467,59.9865],[117.1294,60.1343],[117.0462,60.2488],[116.8835,60.381],[116.3214,60.5052],[116.0309,60.5977],[115.7979,60.7165],[115.5028,60.7747],[115.1457,60.7726],[114.8926,60.7451],[114.7432,60.6923],[114.5494,60.5668],[114.311,60.3687],[114.1374,60.2601],[114.0285,60.2409],[113.8225,60.1248],[113.5194,59.9116],[113.2396,59.7793],[112.8359,59.674],[112.7452,59.5785],[112.6428,59.5445],[112.5434,59.3633],[112.3937,59.2737],[112.1605,59.2154],[111.8461,59.1868],[111.5486,59.019],[111.3226,58.9305],[111.2018,58.847],[111.1862,58.7686],[110.9928,58.7577],[110.8054,58.659],[110.5602,58.6624],[109.9702,58.6056],[109.7977,58.5392],[109.6943,58.3586],[109.4268,58.2146],[109.2392,58.2614],[109.0847,58.2641],[108.7211,58.1134],[108.5938,58.0009],[108.4086,57.9069],[108.3316,57.825],[108.1003,57.7867],[108.0293,57.7016],[107.9044,57.635],[107.8718,57.5226],[107.6192,57.4078],[107.4146,57.2706],[107.2507,57.2761],[107.1486,57.3256],[106.9375,57.2701],[106.8648,57.0827],[106.5581,57.0255],[106.348,57.0508],[106.1498,56.909],[105.9857,56.833],[105.7637,56.7829],[105.7118,56.7113],[106.0313,56.6977],[106.2563,56.6168],[106.2806,56.5006],[106.2007,56.4106],[105.822,56.3155],[105.6947,56.2661],[105.7181,56.1517],[105.8212,56.0698],[105.852,55.9757],[105.7309,55.7551],[105.5196,55.4904],[105.45,55.3259],[105.3313,55.1968],[105.1632,55.1031],[105.0761,55.0084],[105.0699,54.9125],[105.2344,54.7535],[105.2239,54.55],[105.1846,54.4557],[105.2206,54.3839],[105.4572,54.2377],[105.6654,54.0217],[105.8063,54.0063],[105.9125,53.9165],[106.0561,53.8583],[106.3048,53.8573],[106.9271,53.8843],[107.1192,53.8579],[107.1714,53.9518],[107.456,54.1045],[107.6571,54.2646],[107.7829,54.2938],[108.0212,54.2465],[108.1066,54.1999],[108.0882,54.0818],[107.9801,54.0041]],[[126.6897,72.2944],[126.8969,72.0502],[127.1679,71.8453],[127.1623,71.6832],[127.3169,71.1839],[127.5066,70.9988],[127.4142,70.7418],[127.0908,70.6061],[126.7892,70.5406],[126.2311,70.5273],[125.8006,70.4493],[125.8331,70.3673],[125.9901,70.3086],[126.0189,70.2346],[125.7734,70.0689],[125.2012,69.9035],[124.722,69.4003],[124.6216,69.3364],[124.0937,69.0965],[123.9852,68.9264],[123.9271,68.6339],[123.8532,68.4743],[123.6893,68.2587],[123.3095,68.0916],[123.1505,67.9292],[123.0574,67.6854],[123.0947,67.4546],[123.2627,67.2366],[123.3979,66.9974],[123.5878,66.5809],[123.738,66.4614],[123.8761,66.198],[124.0275,66.0221],[124.211,65.8733],[124.2853,65.7331],[124.2679,65.5042],[124.3738,65.3786],[124.408,65.2516],[124.5935,65.0975],[124.9543,64.9312],[125.2201,64.8786],[125.4537,64.747],[125.5031,64.6651],[125.7435,64.5754],[126.175,64.4778],[126.4235,64.4029],[126.8527,64.2245],[127.2919,63.9652],[127.5855,63.8434],[127.88,63.7725],[128.0775,63.6975],[128.1783,63.6183],[128.4169,63.5268],[128.6407,63.5158],[129.1876,63.5235],[129.3796,63.4899],[129.5858,63.3054],[129.6373,63.1993],[129.6223,63.0339],[129.7639,62.858],[129.8277,62.6958],[130.0089,62.4788],[130.0365,62.3221],[129.9338,62.2397],[129.8732,62.031],[129.7885,61.8935],[129.4763,61.6308],[129.2156,61.4992],[128.7514,61.3231],[128.4808,61.266],[128.249,61.2692],[127.8931,61.2277],[127.413,61.1417],[127.0473,61.1031],[126.5538,61.1013],[126.3217,61.0708],[125.881,60.9314],[125.5783,60.857],[124.9949,60.7576],[124.8928,60.71],[124.4733,60.6751],[124.1471,60.5994],[123.552,60.576],[122.2969,60.5754],[121.6534,60.5975],[121.4248,60.6425],[121.1618,60.6223],[120.7004,60.4725],[120.6539,60.4067]]]}},
{"type":"Feature","properties":{"name":"Liao","rank":6,"min_zoom":5},"geometry":{"type":"LineString","coordinates":[[123.5539,43.4835],[123.6138,43.3985],[123.6041,43.2896],[123.5447,43.1282],[123.5338,43.0194],[123.5827,42.8769],[123.5681,42.7603],[123.6111,42.6602],[123.7119,42.5764],[123.8306,42.4061],[123.7706,42.3271],[123.5127,42.2031],[123.3502,42.1494],[123.177,42.1446],[123.0326,42.0849],[122.8929,41.9572],[122.7581,41.7617],[122.677,41.5792],[122.636,41.3248],[122.4573,41.2137],[122.4006,41.1332],[122.4403,41.0545],[122.326,40.9633],[122.2363,40.8516],[122.1523,40.8229],[122.1404,40.6882]]}},
{"type":"Feature","properties":{"name":"Liard","rank":6,"min_zoom":5},"geometry":{"type":"LineString","coordinates":[[-131.3727,61.2042],[-131.3204,61.0718],[-131.246,61.0434],[-131.0442,61.0815],[-130.9513,61.0538],[-130.6188,60.862],[-130.3735,60.7647],[-130.1047,60.6978],[-129.8447,60.5818],[-129.5935,60.4165],[-129.3736,60.3094],[-129.1851,60.2605],[-128.7913,60.0346],[-128.6097,60.0033],[-128.397,59.9094],[-128.1608,59.8627],[-127.9911,59.8832],[-127.8877,59.9708],[-127.6438,59.9861],[-127.4619,59.9022],[-127.4632,59.7383],[-127.2593,59.7124],[-127.1384,59.6357],[-126.9872,59.6599],[-126.6301,59.6143],[-126.1565,59.4569],[-125.9789,59.4254],[-125.8097,59.4564],[-125.6723,59.3838],[-125.4468,59.3222],[-125.232,59.3106],[-125.0277,59.3491],[-124.8799,59.4134],[-124.5538,59.7288],[-124.4136,59.7242],[-124.1602,59.6195],[-124.0808,59.5578],[-123.9311,59.7096],[-123.86,59.8533],[-123.8348,60.0247],[-123.7129,60.1648],[-123.494,60.2736],[-123.4196,60.3664],[-123.4895,60.4432],[-123.5527,60.6052],[-123.3954,60.8926],[-123.2768,61.0223],[-123.1363,61.0966],[-122.8856,61.1352],[-122.7528,61.2176],[-122.4049,61.3069],[-121.8418,61.4031],[-121.521,61.4821],[-121.4425,61.5438],[-121.4344,61.6398],[-121.221,61.7771],[-121.2799,61.864]]}},
{"type":"Feature","properties":{"name":"Limpopo","rank":6,"min_zoom":5},"geometry":{"type":"LineString","coordinates":[[26.9616,-23.7373],[27.0855,-23.5779],[27.3992,-23.3836],[27.4987,-23.3683],[27.5927,-23.2526],[27.7167,-23.2196],[27.8126,-23.108],[27.8905,-23.0739],[28.028,-22.8737],[28.2102,-22.6937],[28.3818,-22.5934],[28.5429,-22.5729],[28.8398,-22.4808],[28.9458,-22.3952],[29.0135,-22.2784],[29.1299,-22.2133],[29.3775,-22.1928],[29.6631,-22.1463],[29.9023,-22.1842],[30.1904,-22.2911],[30.4602,-22.329],[30.7116,-22.2978],[30.9161,-22.2907],[31.0734,-22.3078],[31.1973,-22.3449],[31.3926,-22.4375],[31.5116,-22.4512],[31.6305,-22.5056],[31.749,-22.6004],[31.8773,-22.7399],[32.0151,-22.9238],[32.1188,-23.036],[32.1881,-23.0765],[32.3025,-23.3021],[32.3961,-23.424],[32.4878,-23.6358],[32.5774,-23.9374],[32.6729,-24.1404],[32.8248,-24.2969],[32.8714,-24.4037],[33.0102,-24.4846],[33.108,-24.572],[33.2339,-24.6092],[33.3291,-24.6991],[33.4851,-24.7719],[33.5679,-24.7515],[33.6313,-24.949],[33.6137,-25.0406],[33.5148,-25.1424],[33.5301,-25.1888]]}},
{"type":"Feature","properties":{"name":"Lom","rank":6,"min_zoom":5},"geometry":{"type":"LineString","coordinates":[[14.6653,6.6984],[14.6874,6.5847],[14.5958,6.3933],[14.4713,6.3023],[14.4306,6.2224],[14.4322,6.1235],[14.3857,5.9767],[14.2013,5.8899],[14.1301,5.8142],[14.0666,5.64],[13.9514,5.5487],[13.8485,5.4988],[13.858,5.435],[13.8013,5.3723],[13.6784,5.3108],[13.5948,5.2995],[13.4659,5.3814],[13.378,5.3074],[13.3813,5.1409],[13.3594,5.0558],[13.2328,4.938],[13.1261,4.9335]]}},
{"type":"Feature","properties":{"name":"Lower Tunguska","rank":5,"min_zoom":4.7},"geometry":{"type":"MultiLineString","coordinates":[[[105.6887,58.0683],[105.877,57.9823],[106.1992,58.0275],[106.3194,58.0107],[106.5339,57.9077],[106.8899,57.8263],[107.0573,57.804],[107.3169,57.8268],[107.5035,57.8158],[107.6004,57.874],[107.7624,57.8985],[108.0749,58.0895],[108.3415,58.2114],[108.4667,58.3397],[108.5064,58.4348],[108.4606,58.4966],[108.4977,58.5854],[108.4163,58.7214],[108.4658,58.9032],[108.3924,59.1261],[108.2521,59.247],[108.0231,59.4848],[108.0453,59.5531],[107.9406,59.6566],[107.9625,59.7258],[108.0836,59.8179],[108.1036,60.0016],[108.0379,60.205],[107.8972,60.2462],[107.8033,60.3429],[107.8955,60.5539],[107.8666,60.6791],[107.9558,60.8404],[107.9648,60.9418],[107.875,60.9553],[107.8659,61.0737],[108.0074,61.1448],[107.959,61.2306],[108.0363,61.3788],[107.9781,61.4669],[108.0849,61.6354],[108.0003,61.7517],[108.0478,61.9293],[108.223,62.0342],[108.2246,62.1908],[108.2794,62.2559],[108.2557,62.4214],[108.0801,62.3499],[107.9222,62.4425],[107.9501,62.5275],[108.0625,62.5835],[108.5867,62.6807],[108.5632,62.7546],[108.2393,62.7526],[108.2375,62.8415],[108.5549,62.887],[108.5516,62.9481],[108.1193,62.9902],[108.2185,63.143],[107.9997,63.1893],[107.9269,63.0776],[107.4553,63.2144],[107.2783,63.3038],[106.8294,63.334],[106.9178,63.4243],[106.8591,63.5192],[106.5692,63.5262],[106.3565,63.4436],[106.1723,63.4452],[106.0258,63.367],[105.818,63.3924],[105.5096,63.3329],[105.2726,63.3622],[105.1167,63.4638],[104.7745,63.5173],[104.1566,63.5684],[103.8065,63.6249],[103.6372,63.7854],[103.2715,63.8994],[103.0301,64.0325],[102.8308,64.103],[102.5393,64.0977],[102.3727,64.0465],[101.9937,64.0937],[101.6172,64.2026],[101.4317,64.2016],[101.2275,64.1372],[101.023,64.1304],[100.8181,64.181],[100.4873,64.2112],[100.2778,64.2941],[100.0365,64.232],[99.9292,64.1577],[99.4431,64.1319],[98.5779,64.1546],[98.1244,64.154],[98.159,63.9927],[97.9316,63.933],[98.0028,63.7613],[97.361,63.8255],[96.9927,63.8368],[96.6751,63.8088],[96.4764,63.8181],[96.2712,63.8922],[95.8872,63.9453],[95.6324,64.0255],[95.4293,64.059],[95.2777,64.0458],[95.0777,64.0794],[94.8292,64.1599],[94.5189,64.1907],[94.1469,64.1716],[93.7138,64.2324],[93.2197,64.373],[92.8312,64.4379],[92.5483,64.427],[92.2519,64.3655],[92.0801,64.4125]],[[87.9612,65.776],[88.1317,65.83],[88.3069,65.8354],[88.4655,65.9037],[88.8362,65.9687],[89.2109,65.9043],[90.0176,65.6561],[89.9745,65.3993],[89.9917,65.2164],[90.0457,65.1162],[90.2125,65.0656],[90.3035,64.9564],[90.3365,64.8311],[90.6597,64.7759],[90.8243,64.718],[91.0074,64.6081],[91.3446,64.5177],[92.0814,64.4113]]]}},
{"type":"Feature","properties":{"name":"Lualaba","rank":2,"min_zoom":2.1},"geometry":{"type":"LineString","coordinates":[[26.2493,-11.7429],[26.1657,-11.6717],[26.03,-11.6795],[25.8861,-11.6228],[25.7821,-11.4166],[25.7153,-11.3309],[25.6393,-11.2902],[25.5598,-11.1527],[25.5664,-11.0536],[25.6844,-10.9694],[25.7259,-10.8779],[25.7352,-10.7308],[25.6964,-10.6073],[25.6097,-10.5072],[25.5409,-10.4669],[25.4171,-10.462],[25.4402,-10.2295],[25.4131,-10.1372],[25.4414,-10.0361],[25.5252,-9.9264],[25.5467,-9.8114],[25.4894,-9.5872],[25.5019,-9.455],[25.5611,-9.2665],[25.6107,-9.2285],[25.7287,-9.2757],[25.7856,-9.2206],[25.9012,-9.2038],[25.9657,-9.1368],[26.0366,-8.9955],[26.0583,-8.8805],[26.0309,-8.7919],[26.0858,-8.7053],[26.223,-8.6208],[26.2836,-8.5436],[26.2676,-8.4737],[26.3643,-8.2897],[26.4413,-8.272]]}},
{"type":"Feature","properties":{"name":"Lualaba","rank":2,"min_zoom":2.1},"geometry":{"type":"MultiLineString","coordinates":[[[26.9305,-5.6103],[27.0029,-5.3781],[26.9273,-4.8851],[26.8789,-4.7314],[26.8135,-4.6615],[26.6522,-4.5502],[26.3947,-4.3972],[26.1991,-4.2504],[26.0653,-4.1099],[26.0122,-3.9584],[26.0399,-3.7959],[26.0125,-3.6494],[25.93,-3.519],[25.9042,-3.3625],[25.9487,-3.0225],[25.9269,-2.8041],[25.8762,-2.7447]],[[25.8762,-2.7522],[25.7882,-2.4566],[25.7849,-2.1129],[25.8371,-1.6228],[25.8178,-1.2864],[25.6816,-1.0123],[25.5343,-0.816],[25.4645,-0.6821],[25.4233,-0.5452],[25.4435,-0.386],[25.5252,-0.2045],[25.5536,-0.0356],[25.5286,0.1207],[25.4894,0.2355],[25.4094,0.3457],[25.2553,0.4592],[25.1364,0.5075],[24.9336,0.5386],[24.7908,0.5768],[24.5843,0.7048],[24.4716,0.7528],[24.2923,0.7817]]]}},
{"type":"Feature","properties":{"name":"Mackenzie","rank":2,"min_zoom":2.1},"geometry":{"type":"MultiLineString","coordinates":[[[-117.6681,61.3078],[-117.7056,61.3672],[-118.1429,61.4702],[-118.3235,61.4549],[-118.4015,61.3687],[-118.7002,61.2999],[-119.2196,61.2482],[-119.7727,61.3042],[-120.3596,61.4678],[-120.6734,61.5672],[-120.718,61.6482],[-120.713,61.7918],[-121.2799,61.864],[-121.5892,61.9737],[-122.2353,62.1178],[-122.6026,62.1672],[-122.9063,62.1701],[-123.139,62.2043],[-123.3883,62.3104],[-123.2498,62.5481],[-123.2039,62.7094],[-123.2183,62.8893],[-123.3107,63.1133],[-123.5775,63.2805],[-123.6832,63.3787],[-123.7357,63.4934],[-123.9662,63.7898],[-124.1828,63.9518],[-124.3901,63.9995],[-124.4294,64.174],[-124.5061,64.2776],[-124.6819,64.3334],[-124.9056,64.526],[-124.9431,64.7075],[-125.1094,64.7637],[-125.1532,64.8264],[-125.619,64.8953],[-126.027,64.9563],[-126.4594,65.1774],[-126.6463,65.238],[-127.0614,65.2953],[-127.3366,65.3745],[-128.0302,65.6083],[-128.4009,65.6199],[-128.715,65.6807],[-128.8173,65.7906],[-129.0654,65.95],[-129.0929,66.1086],[-128.9226,66.2019],[-128.6664,66.2922],[-129.089,66.4801],[-129.4107,66.6443],[-129.6993,66.7498],[-129.9547,66.7966],[-130.1178,66.8604],[-130.1887,66.941],[-130.3063,67.258],[-130.4964,67.3252],[-130.705,67.3397],[-130.9557,67.4605],[-131.1597,67.4885],[-131.4369,67.4732],[-131.9066,67.4032],[-132.5689,67.2782],[-133.0201,67.2453],[-133.2603,67.3045],[-133.5387,67.4435],[-133.8872,67.5259],[-134.091,67.6253],[-134.2125,67.8027],[-134.3938,67.9765],[-134.4397,68.1772],[-134.3665,68.2916],[-134.125,68.392],[-134.0749,68.5171],[-134.2442,68.7062]],[[-134.2442,68.7062],[-134.5389,68.7703],[-134.8359,68.9638]],[[-134.2442,68.7062],[-134.5451,68.9194],[-134.6256,69.0171],[-134.503,69.1114],[-134.313,69.1539],[-134.1743,69.2528]],[[-134.8359,68.9638],[-135.0337,68.9079],[-135.3217,68.9356],[-135.638,68.8922]],[[-134.8359,68.9638],[-135.0374,69.0624],[-135.0392,69.1813],[-135.255,69.3238]]]}},
{"type":"Feature","properties":{"name":"Madeira","rank":3,"min_zoom":3},"geometry":{"type":"LineString","coordinates":[[-65.3955,-10.3923],[-65.3131,-10.2531],[-65.2986,-10.1468],[-65.3246,-10.027],[-65.3093,-9.8726],[-65.3379,-9.7903],[-65.4139,-9.6886],[-65.4217,-9.6105],[-65.3611,-9.5563],[-65.233,-9.5463],[-65.0376,-9.5807],[-64.9141,-9.5833],[-64.8334,-9.4985],[-64.8266,-9.4162],[-64.7005,-9.3198],[-64.6265,-9.2308],[-64.534,-9.1845],[-64.4231,-9.1811],[-64.3409,-9.1383],[-64.2875,-9.0559],[-64.08,-8.9369],[-64.0346,-8.8324],[-63.9595,-8.783],[-63.9128,-8.6717],[-63.8493,-8.6191],[-63.7284,-8.5715],[-63.5711,-8.5711],[-63.5452,-8.4659],[-63.438,-8.3581],[-63.3432,-8.1864],[-63.245,-8.2148],[-63.1312,-8.1767],[-62.8876,-8.0339],[-62.8669,-7.9453],[-62.9001,-7.8029],[-62.9803,-7.5773],[-62.9795,-7.3507],[-62.8979,-7.1232],[-62.8239,-7.0044],[-62.7574,-6.9944],[-62.6878,-6.9339],[-62.6151,-6.8229],[-62.5289,-6.7623],[-62.4292,-6.7521],[-62.3437,-6.6753],[-62.3671,-6.5982],[-62.2877,-6.4535],[-62.234,-6.2781],[-62.1842,-6.2303],[-62.0917,-6.2185],[-61.9045,-6.2363],[-61.8445,-6.2102],[-61.7804,-6.0858],[-61.7055,-6.0262],[-61.6677,-5.9272],[-61.5485,-5.8382],[-61.3854,-5.8275],[-61.2885,-5.781],[-61.2578,-5.6987],[-61.1166,-5.6148],[-60.8649,-5.5292],[-60.7345,-5.4477],[-60.7252,-5.3704],[-60.6468,-5.2928],[-60.4587,-5.199],[-60.3884,-5.1469],[-60.2599,-4.9767],[-60.1715,-4.9127],[-60.0368,-4.8971],[-59.9662,-4.8514],[-59.8827,-4.5948],[-59.7861,-4.4318],[-59.6991,-4.3666],[-59.6025,-4.3703],[-59.4888,-4.3177],[-59.3616,-4.1557],[-59.3277,-4.0454],[-59.253,-3.952],[-59.1376,-3.8755],[-59.0833,-3.7981],[-59.0901,-3.7197],[-58.9969,-3.5959],[-58.689,-3.3423]]}},
{"type":"Feature","properties":{"name":"Madison","rank":1,"min_zoom":2},"geometry":{"type":"MultiLineString","coordinates":[[[-110.7437,44.7267],[-110.9326,44.653],[-111.054,44.6893],[-111.0997,44.7565]],[[-111.3092,44.8685],[-111.4064,44.8428],[-111.5533,44.8916],[-111.6256,44.9879],[-111.6935,45.1413],[-111.7186,45.2634],[-111.7007,45.3545],[-111.5533,45.5732],[-111.4927,45.7218],[-111.464,45.9035],[-111.3897,46.085],[-111.4063,46.1765],[-111.5158,46.3604]]]}},
{"type":"Feature","properties":{"name":"Madre de Dios","rank":6,"min_zoom":5},"geometry":{"type":"LineString","coordinates":[[-72.1653,-12.1817],[-72.0936,-12.063],[-72.0927,-11.9605],[-72.1387,-11.8346],[-72.117,-11.742],[-72.0278,-11.6829],[-71.9312,-11.6586],[-71.6044,-11.6876],[-71.3991,-11.8483],[-71.2205,-11.9651],[-71.0865,-12.0797],[-70.9969,-12.1923],[-70.9099,-12.2586],[-70.7538,-12.3296],[-70.6951,-12.4121],[-70.5899,-12.4891],[-70.4383,-12.5608],[-70.2317,-12.6002],[-70.1554,-12.5646],[-70.0256,-12.5864],[-69.768,-12.6554],[-69.5778,-12.6608],[-69.3444,-12.5538],[-69.2678,-12.5817],[-69.1875,-12.5478],[-69.1071,-12.5745],[-69.0078,-12.5344],[-68.8589,-12.5484],[-68.6783,-12.4952],[-68.6061,-12.4291],[-68.5033,-12.4144],[-68.412,-12.2861],[-68.2823,-12.1759],[-68.223,-12.0535],[-68.1604,-12.0046],[-68.0507,-11.9737],[-67.9758,-11.8966],[-67.9358,-11.7732],[-67.8808,-11.7035],[-67.7491,-11.6349],[-67.6414,-11.4944],[-67.5192,-11.4984],[-67.3602,-11.5507],[-67.1272,-11.3598],[-66.9762,-11.3443],[-66.9605,-11.2939],[-66.838,-11.2745],[-66.7864,-11.2216],[-66.6731,-11.2047],[-66.5669,-11.1317],[-66.4132,-11.095],[-66.3432,-11.0265],[-66.2142,-10.9497],[-66.0786,-10.9372],[-66.0611,-10.8609],[-65.9826,-10.7951],[-65.9243,-10.8063],[-65.8736,-10.6957],[-65.7798,-10.6671],[-65.7676,-10.5985],[-65.6044,-10.5269],[-65.3955,-10.3923]]}},
{"type":"Feature","properties":{"name":"Magdalena","rank":4,"min_zoom":4},"geometry":{"type":"MultiLineString","coordinates":[[[-76.5073,1.9427],[-76.2813,1.8961],[-76.1788,1.8975],[-75.791,2.1179],[-75.6901,2.1983],[-75.6619,2.2972],[-75.5986,2.3517],[-75.5835,2.4455],[-75.5181,2.57],[-75.3763,2.7745],[-75.2924,2.9813],[-75.2662,3.1904],[-75.1592,3.4611],[-74.9712,3.7934],[-74.8581,4.0378],[-74.8201,4.1943],[-74.8687,4.2778],[-74.8611,4.4217],[-74.7705,4.8481],[-74.7556,5.1887],[-74.7232,5.3674],[-74.6683,5.4977],[-74.6463,5.6151],[-74.6406,5.8293],[-74.5964,5.9441],[-74.5785,6.1623],[-74.531,6.2647],[-74.433,6.3625],[-74.3847,6.4651],[-74.3859,6.5725],[-74.3171,6.6672],[-74.1782,6.7493],[-74.0535,6.8476],[-73.9431,6.9624],[-73.9002,7.0783],[-73.9249,7.1953],[-73.9068,7.3852],[-73.8461,7.6481],[-73.8298,7.8458],[-73.8582,7.9785],[-73.8517,8.0712],[-73.7897,8.1502]],[[-73.7965,8.1502],[-73.7652,8.3291],[-73.7841,8.5348],[-73.8429,8.8271],[-73.9425,8.9922],[-74.0831,9.03],[-74.2227,9.1036],[-74.3615,9.2128],[-74.4563,9.2613],[-74.5587,9.2777],[-74.663,9.3911],[-74.7855,9.441],[-74.7861,9.5856],[-74.854,9.8102],[-74.8597,9.9087],[-74.8229,9.9864],[-74.8403,10.0603],[-74.912,10.1305],[-74.8924,10.2754],[-74.7815,10.4952],[-74.7267,10.6835],[-74.7281,10.8406],[-74.7613,10.9723],[-74.8446,11.1097]]]}},
{"type":"Feature","properties":{"name":"Mahäna Nadï","rank":6,"min_zoom":5},"geometry":{"type":"MultiLineString","coordinates":[[[80.6253,20.599],[80.6304,20.7148],[80.6649,20.7646],[80.7631,20.7983],[80.8888,20.9703],[81.0059,21.0462],[81.1564,21.0835],[81.2711,21.22],[81.35,21.4558],[81.4277,21.5881],[81.5427,21.6315],[81.6411,21.5899],[81.694,21.7127],[81.7453,21.7641],[81.9204,21.8088],[82.0029,21.8632],[82.1143,21.8476],[82.2546,21.7619],[82.3762,21.7278],[82.479,21.7451],[82.7228,21.7391],[83.2997,21.6952]],[[83.8566,21.5204],[83.9492,21.4539],[83.9426,21.3374],[83.83,21.0547],[83.832,20.9618],[83.9318,20.8596],[84.0464,20.8461],[84.2098,20.8666],[84.3097,20.8469],[84.3463,20.7872],[84.4442,20.7295],[84.6033,20.6739],[84.7075,20.6148],[84.7566,20.5524],[84.922,20.4801],[85.3444,20.3567],[85.6654,20.4427],[85.8322,20.4452],[85.9516,20.3929],[86.0482,20.3108],[86.1587,20.1431],[86.2452,20.053]]]}},
{"type":"Feature","properties":{"name":"Malyy Yenisey","rank":4,"min_zoom":4},"geometry":{"type":"LineString","coordinates":[[95.78,51.295],[95.5585,51.4757],[95.2297,51.5854],[94.4648,51.7337]]}},
{"type":"Feature","properties":{"name":"Mamberamo","rank":6,"min_zoom":5},"geometry":{"type":"LineString","coordinates":[[138.7022,-3.1905],[138.5984,-3.158],[138.5921,-3.0265],[138.5574,-2.9489],[138.4944,-2.9251],[138.4533,-2.854],[138.4072,-2.654],[138.2207,-2.419],[138.1233,-2.3421],[138.0183,-2.3002],[137.9233,-2.2226],[137.8384,-2.1092],[137.8146,-2.0274],[137.8582,-1.9088],[137.8339,-1.8223],[137.8491,-1.6489],[137.9111,-1.4838]]}},
{"type":"Feature","properties":{"name":"Mamoré","rank":3,"min_zoom":3},"geometry":{"type":"LineString","coordinates":[[-64.6638,-15.8598],[-64.72,-15.7992],[-64.8282,-15.4689],[-64.8901,-15.3227],[-64.9542,-15.2372],[-65.0208,-15.0833],[-64.9961,-14.9815],[-65.0817,-14.7565],[-64.9779,-14.4463],[-64.9757,-14.3268],[-65.019,-14.2569],[-65.0342,-14.1529],[-65.1208,-13.9971],[-65.2107,-13.9171],[-65.2321,-13.7811],[-65.3041,-13.6942],[-65.3021,-13.5334],[-65.1906,-13.2036],[-65.0993,-13.0224],[-65.0291,-12.9368],[-65.0172,-12.8394],[-65.0532,-12.6942],[-65.1693,-12.3901],[-65.142,-12.2676],[-65.1726,-12.1646],[-65.1136,-12.0808],[-65.1144,-11.9863],[-65.0312,-11.9132]]}},
{"type":"Feature","properties":{"name":"Mananantanana","rank":6,"min_zoom":5},"geometry":{"type":"LineString","coordinates":[[47.1671,-22.0113],[47.1643,-21.9729],[46.9051,-21.8523],[46.8786,-21.7858],[46.73,-21.7363],[46.675,-21.653],[46.665,-21.5427],[46.4932,-21.3797],[46.3447,-21.3016],[46.1857,-21.2753],[46.0163,-21.3008],[45.8976,-21.3476],[45.7597,-21.4444],[45.6527,-21.4284]]}},
{"type":"Feature","properties":{"name":"Mangoky","rank":6,"min_zoom":5},"geometry":{"type":"LineString","coordinates":[[45.6527,-21.4284],[45.5145,-21.4396],[45.4245,-21.5005],[45.2932,-21.6721],[44.8056,-21.7235],[44.5649,-21.7699],[44.4087,-21.8284],[44.3017,-21.8446],[44.1655,-21.8289],[43.9861,-21.89],[43.8742,-21.8376],[43.785,-21.6374],[43.6968,-21.5011],[43.5423,-21.3158]]}},
{"type":"Feature","properties":{"name":"Maquan","rank":2,"min_zoom":2.1},"geometry":{"type":"LineString","coordinates":[[82.4005,30.4115],[82.7227,30.365],[82.8252,30.371],[82.9388,30.261],[83.1643,30.1261],[83.761,29.8333],[83.9253,29.7607],[84.0627,29.5859],[84.3918,29.5255],[84.5011,29.4519],[84.5166,29.3347],[84.6342,29.2537],[84.8539,29.2086],[85.0141,29.221],[85.1146,29.2907],[85.2258,29.3128],[85.4087,29.2744],[85.5919,29.2041],[85.8671,29.1952],[86.2953,29.2245],[86.7345,29.2089],[87.1844,29.1482],[87.4721,29.1263],[87.6602,29.1515]]}},
{"type":"Feature","properties":{"name":"Marañón","rank":5,"min_zoom":4.7},"geometry":{"type":"LineString","coordinates":[[-76.6167,-9.9133],[-76.7652,-9.473],[-76.7663,-9.365],[-76.7329,-9.26],[-76.835,-9.1173],[-77.0728,-8.9369],[-77.2244,-8.7686],[-77.3456,-8.5215],[-77.4372,-8.4238],[-77.4826,-8.3039],[-77.5916,-8.1583],[-77.6211,-8.0565],[-77.6225,-7.9102],[-77.7186,-7.628],[-77.9094,-7.2098],[-78.0097,-6.9356],[-78.0197,-6.8053],[-78.0623,-6.6698],[-78.1377,-6.5293],[-78.2189,-6.4319],[-78.3745,-6.3005],[-78.4498,-6.1505],[-78.5675,-6.089],[-78.7163,-5.9146],[-78.7029,-5.7625],[-78.6031,-5.561],[-78.4556,-5.3547],[-78.4588,-5.259],[-78.3662,-5.1141],[-78.3815,-4.9639],[-78.3348,-4.8707],[-78.3363,-4.8039],[-78.2416,-4.7438],[-78.202,-4.6528],[-78.0911,-4.6458],[-77.9578,-4.5977],[-77.7634,-4.4879],[-77.6234,-4.4334],[-77.4733,-4.4496],[-77.4083,-4.5258],[-77.4095,-4.5843],[-77.2627,-4.6903],[-77.1695,-4.7076],[-77.0022,-4.7835],[-76.8322,-4.8221],[-76.566,-4.84],[-76.5106,-4.9014],[-76.3519,-4.9345],[-76.1725,-4.9436],[-76.1371,-4.9991],[-75.6289,-5.0617],[-75.5593,-5.0063],[-75.4452,-4.8653],[-75.2594,-4.7801],[-75.002,-4.7507],[-74.8475,-4.6906],[-74.722,-4.5293],[-74.6254,-4.4784],[-74.5488,-4.4852],[-74.4133,-4.6057],[-74.3118,-4.6544],[-74.2467,-4.6378],[-74.1774,-4.5023],[-74.0529,-4.4736],[-73.9625,-4.4914],[-73.8292,-4.5918],[-73.7236,-4.5794],[-73.4886,-4.4448]]}},
{"type":"Feature","properties":{"name":"Mekong","rank":2,"min_zoom":2.1},"geometry":{"type":"MultiLineString","coordinates":[[[104.9511,11.5909],[104.9513,11.5083],[105.0257,11.4532],[105.0441,11.2119],[105.1049,10.8786],[105.311,10.5352],[105.831,10.0007]],[[104.9511,11.5909],[105.1811,11.4463],[105.2662,11.3564],[105.2661,11.1804],[105.1991,10.978],[105.2486,10.8251],[105.3577,10.7233],[105.3772,10.6406],[105.4901,10.5293],[105.6965,10.3896],[105.931,10.2836],[106.1364,10.2217]],[[101.5637,17.8205],[101.6875,17.8894],[101.7748,18.0334],[101.9475,18.0815],[102.1015,18.2106],[102.2317,18.149],[102.3519,18.0459],[102.4588,17.9846],[102.5525,17.9651],[102.596,17.8696],[102.6606,17.818],[102.7176,17.8922],[102.8075,17.9456],[102.9914,17.9862],[103.0513,18.0285],[103.0912,18.1383]],[[103.0904,18.1371],[103.0912,18.1383]],[[103.0912,18.1383],[103.0923,18.1414]],[[103.0912,18.1383],[103.1485,18.2217],[103.2632,18.2785],[103.2517,18.3735],[103.367,18.4233],[103.488,18.4182],[103.6297,18.3825],[103.7922,18.3165],[103.8989,18.2953],[103.9496,18.319],[104.0487,18.2167],[104.1962,17.9884],[104.3227,17.8158],[104.4282,17.699],[104.5392,17.6093],[104.6559,17.5467],[104.7397,17.4617],[104.8161,17.3003],[104.759,17.0771],[104.7435,16.8844],[104.7506,16.6475],[104.8194,16.4661],[104.9499,16.3399],[105.0258,16.238],[105.0472,16.1603],[105.1488,16.0935],[105.3307,16.0379],[105.4063,15.9874],[105.3732,15.8897],[105.462,15.7804],[105.6221,15.7],[105.6389,15.5859],[105.6157,15.4883],[105.5132,15.3609],[105.6661,15.2733],[105.8681,15.0329],[105.9259,14.8258],[105.9148,14.7129],[105.8595,14.4946],[105.8641,14.2674],[105.832,14.1577],[105.8552,14.0701],[105.9337,14.0045],[105.9957,13.9003],[105.9823,13.8031],[106.0215,13.6981],[106.0046,13.6094],[105.9182,13.4052],[106.0227,13.1958],[106.025,13.0608],[105.9809,12.8934],[105.9784,12.6826],[106.0175,12.4283],[105.9846,12.2894],[105.7634,12.2641],[105.6358,12.2841],[105.5434,12.2043],[105.4861,12.0248],[105.3889,11.9364],[105.168,11.9201],[105.0896,11.8546],[105,11.8216],[105.0018,11.7471],[104.9482,11.6625],[104.9511,11.5909]]]}},
{"type":"Feature","properties":{"name":"Mendoza","rank":6,"min_zoom":5},"geometry":{"type":"LineString","coordinates":[[-70.1364,-32.238],[-70.0425,-32.3343],[-69.9704,-32.3548],[-69.8331,-32.2808],[-69.8033,-32.2022],[-69.7873,-32.0327],[-69.6977,-31.8715],[-69.5892,-31.7822],[-69.4576,-31.5737],[-69.4268,-31.4551],[-69.4182,-31.2828]]}},
{"type":"Feature","properties":{"name":"Meta","rank":6,"min_zoom":5},"geometry":{"type":"LineString","coordinates":[[-73.8722,4.67],[-73.9085,4.6081],[-73.9085,4.4472],[-73.8312,4.2585],[-73.7414,4.1932],[-73.7333,4.0829],[-73.5713,4.0224],[-73.2327,3.9605],[-73.0344,3.9577],[-72.9267,4.0999],[-72.8357,4.2824],[-72.7481,4.3131],[-72.479,4.3316],[-72.3728,4.3558],[-72.2802,4.4201],[-72.1934,4.4405],[-72.0467,4.4116],[-71.9616,4.4434],[-71.8602,4.533],[-71.661,4.6373],[-71.3639,4.7561],[-71.1737,4.8442],[-71.0266,4.977],[-70.9825,5.0707],[-70.8943,5.1666],[-70.762,5.2646],[-70.6706,5.3818],[-70.5195,5.4647],[-70.2342,5.585],[-70.0302,5.7431],[-69.9075,5.9389],[-69.7677,6.0431],[-69.5073,6.0773],[-69.3571,6.148],[-69.2681,6.0997],[-69.1945,6.1153],[-69.0899,6.1844],[-68.9372,6.1982],[-68.7365,6.1568],[-68.4718,6.1565],[-68.1431,6.1975],[-67.9389,6.2419],[-67.8592,6.2899],[-67.7272,6.2849],[-67.4225,6.2023]]}},
{"type":"Feature","properties":{"name":"Min","rank":6,"min_zoom":5},"geometry":{"type":"LineString","coordinates":[[103.7192,29.537],[103.7671,29.5165],[103.9257,29.2239],[104.2505,28.9963],[104.302,28.896],[104.3804,28.8486],[104.6204,28.7794]]}},
{"type":"Feature","properties":{"name":"Mississippi","rank":1,"min_zoom":2},"geometry":{"type":"MultiLineString","coordinates":[[[-89.3761,28.9813],[-89.2571,29.1549],[-89.0157,29.2029]],[[-89.261,29.1551],[-89.2886,29.1775]],[[-89.2886,29.1775],[-89.1808,29.3357]],[[-89.2886,29.1775],[-89.4331,29.2944],[-89.666,29.4156],[-89.9729,29.6888],[-90.0116,29.8109],[-89.9325,29.9139],[-90.2496,29.9428],[-90.3904,29.976],[-90.464,30.0317],[-90.5818,30.0475],[-90.7441,30.0235],[-90.8492,30.0403],[-90.8972,30.0981],[-90.99,30.1264],[-91.1794,30.2849],[-91.2353,30.4025],[-91.2179,30.4795],[-91.3383,30.7062],[-91.4227,30.7533],[-91.5291,30.756],[-91.5456,30.9083],[-91.6463,30.9524],[-91.6526,31.0296],[-91.5964,31.1099],[-91.6308,31.2176],[-91.529,31.3452],[-91.529,31.4488],[-91.4147,31.64],[-91.3725,31.7737],[-91.2865,31.884],[-91.1565,31.9707],[-91.0887,32.1041],[-90.9477,32.2401],[-90.9447,32.3307],[-91.0593,32.4238],[-91.1496,32.625],[-91.0944,32.6943],[-91.1361,32.8089],[-91.0934,32.885],[-91.1529,33.0406],[-91.1068,33.2179],[-91.1633,33.2945],[-91.141,33.4385],[-91.2146,33.5834],[-91.2075,33.6757],[-91.0771,33.7967],[-91.0382,33.9014],[-91.0702,33.9742],[-90.9431,34.0297],[-90.9097,34.1888],[-90.8172,34.2522],[-90.7181,34.3917],[-90.6354,34.4139],[-90.584,34.5037],[-90.5392,34.7282],[-90.4748,34.76],[-90.4159,34.8516],[-90.3199,34.8992],[-90.2938,35.0045],[-90.1423,35.1143],[-90.0929,35.2036],[-90.1079,35.3142],[-90.066,35.4141],[-89.9673,35.5033],[-89.9265,35.5917],[-89.9435,35.6791],[-89.8946,35.7505],[-89.7797,35.8057],[-89.7038,35.9069],[-89.6977,36.0303],[-89.6419,36.1045],[-89.6745,36.2206],[-89.5946,36.2594],[-89.6041,36.3519],[-89.5406,36.4267],[-89.56,36.5131],[-89.4518,36.4975],[-89.3975,36.5878],[-89.2031,36.6255],[-89.1563,36.7157],[-89.1225,36.9116],[-89.1543,36.9921],[-89.2724,37.08],[-89.3008,37.0121],[-89.4139,37.1024],[-89.4869,37.2127],[-89.5029,37.3005],[-89.462,37.4341],[-89.5029,37.5058],[-89.5234,37.6445],[-89.6233,37.7473],[-89.823,37.8841],[-90.1736,38.069],[-90.299,38.174],[-90.374,38.3098],[-90.3166,38.4578],[-90.1507,38.7805],[-90.1268,38.8326],[-90.2201,38.8977],[-90.478,38.9481],[-90.5771,38.9096],[-90.6635,38.9875],[-90.7372,39.1818],[-90.9194,39.3869],[-91.2099,39.6028],[-91.3787,39.7494],[-91.4668,39.9429],[-91.5016,40.0975],[-91.4998,40.226],[-91.442,40.3794],[-91.3908,40.3971],[-91.3942,40.5366],[-91.339,40.604],[-91.2151,40.6496],[-91.1021,40.7498],[-91.0001,40.9047],[-90.9638,41.0825],[-91.0665,41.2059],[-91.0481,41.3691],[-90.9388,41.4256],[-90.7541,41.4498],[-90.5867,41.4947],[-90.4367,41.5604],[-90.3475,41.632],[-90.3192,41.7097],[-90.2178,41.8131],[-90.1524,41.9815],[-90.1675,42.1003],[-90.3466,42.2148],[-90.4847,42.3833],[-90.5896,42.4448],[-90.6879,42.6103],[-90.7887,42.6769],[-90.9599,42.7203],[-91.0696,42.7886],[-91.1176,42.8816],[-91.1613,43.1023],[-91.107,43.278],[-91.2383,43.4402],[-91.2784,43.7974],[-91.3199,43.9363],[-91.5148,44.0542],[-91.7164,44.1265],[-91.841,44.1942],[-91.9123,44.2889],[-92.0551,44.3998],[-92.3131,44.4978],[-92.4416,44.5866],[-92.6435,44.6453],[-92.8199,44.7578],[-92.9626,44.7902],[-93.0704,44.9124],[-93.1752,44.9132],[-93.2905,45.0869],[-93.4079,45.2024],[-94.063,45.4392],[-94.1892,45.577],[-94.2017,45.6616],[-94.3705,45.8528],[-94.3631,46.0508],[-94.3942,46.1943],[-94.3335,46.2845],[-94.1834,46.3955],[-94.0572,46.5432],[-93.9595,46.5688],[-93.7981,46.5586],[-93.6918,46.586],[-93.6406,46.6512],[-93.486,46.7252],[-93.4037,46.8074],[-93.3092,47.0232],[-93.4449,47.1601],[-93.5928,47.2432],[-93.7982,47.2422],[-93.8289,47.3117],[-93.9758,47.3358],[-94.0941,47.4328]],[[-95.0258,47.1561],[-94.9681,47.3175],[-94.8771,47.4514],[-94.7943,47.4821],[-94.6371,47.44]],[[-94.5077,47.4565],[-94.3265,47.4056]]]}},
{"type":"Feature","properties":{"name":"Missouri","rank":1,"min_zoom":2},"geometry":{"type":"MultiLineString","coordinates":[[[-98.5597,43.0599],[-98.1433,42.8523],[-97.9649,42.8059],[-97.8809,42.8496],[-97.6981,42.8746],[-97.4167,42.881],[-97.2388,42.8605],[-97.0197,42.7602],[-96.8045,42.7014],[-96.6755,42.6376],[-96.558,42.5248],[-96.451,42.506],[-96.3838,42.4178],[-96.3561,42.2601],[-96.2953,42.1329],[-96.1542,41.9653],[-96.0688,41.7343],[-96.0586,41.5458],[-95.991,41.5205],[-95.933,41.4255],[-95.9497,41.3674],[-95.8836,41.2876],[-95.8466,41.0803],[-95.834,40.8895],[-95.859,40.7451],[-95.6847,40.4664],[-95.6071,40.2955],[-95.4637,40.1981],[-95.4343,40.096],[-95.3625,40.0103],[-95.1162,39.8721],[-94.984,39.8912],[-94.8933,39.7818],[-95.0048,39.6916],[-95.0754,39.5974],[-95.0579,39.509],[-94.9525,39.4264],[-94.8472,39.2592],[-94.7779,39.194],[-94.6224,39.1244],[-94.5041,39.1244],[-94.3342,39.2044],[-94.2393,39.2072],[-94.1365,39.1595],[-94.0282,39.1536],[-93.773,39.211],[-93.4184,39.2401],[-93.2431,39.3609],[-93.1084,39.359],[-92.9388,39.2647],[-92.8766,39.192],[-92.9218,39.141],[-92.909,39.0303],[-92.8161,38.9933],[-92.654,38.976],[-92.5028,38.8903],[-92.2929,38.6589],[-92.1236,38.5861],[-91.9785,38.5979],[-91.801,38.6699],[-91.6191,38.7063],[-91.4327,38.7069],[-91.2376,38.6666],[-91.0336,38.5852],[-90.8717,38.5788],[-90.7521,38.6475],[-90.5984,38.6806],[-90.4038,38.8347],[-90.3164,38.8595],[-90.1331,38.819]],[[-100.3941,44.4355],[-100.3445,44.374],[-100.0194,44.2857],[-99.9224,44.2445],[-99.8832,44.1418],[-99.6847,44.1131],[-99.6262,44.208],[-99.5099,44.0603],[-99.3644,43.9906]],[[-111.6988,46.6627],[-111.7581,46.6707],[-111.8852,46.7865],[-111.9191,46.9161],[-111.9761,46.9971],[-111.9587,47.0961],[-111.6161,47.3415],[-111.4539,47.4151],[-111.3477,47.4117],[-111.2374,47.5411],[-111.0368,47.6323],[-110.9379,47.7361],[-110.6172,47.8435],[-110.331,47.9843],[-110.1667,48.0435],[-109.9947,47.816],[-109.8865,47.7619],[-109.6094,47.7546],[-109.1636,47.7942],[-108.9346,47.7952],[-108.7882,47.677],[-108.6068,47.6427],[-108.1906,47.6018]],[[-101.3997,47.5062],[-101.3615,47.3393],[-101.2476,47.2822],[-100.9788,47.231],[-100.9169,47.0872],[-100.8921,46.904],[-100.7771,46.7138]],[[-106.4058,48.0207],[-106.3667,48.0579],[-105.9557,48.0326],[-105.7292,48.0421],[-105.5417,48.0861],[-105.3402,48.0998],[-105.1248,48.0831],[-104.9778,48.0952],[-104.8992,48.1362],[-104.7495,48.15],[-104.5285,48.1366],[-104.2774,48.0933],[-103.9961,48.0199],[-103.8346,47.9942],[-103.7723,48.0273]]]}},
{"type":"Feature","properties":{"name":"Mitchell","rank":6,"min_zoom":5},"geometry":{"type":"LineString","coordinates":[[143.4688,-16.4843],[143.1384,-16.3803],[142.7503,-16.1037],[142.5647,-16.0013],[142.3647,-15.9468],[142.2711,-15.8742],[142.0432,-15.4734],[141.8765,-15.3056],[141.751,-15.2454],[141.5815,-15.1954]]}},
{"type":"Feature","properties":{"name":"Mouhoun","rank":5,"min_zoom":4.7},"geometry":{"type":"LineString","coordinates":[[-5.2632,11.1388],[-5.1848,11.1245],[-4.9895,11.2644],[-4.8789,11.2822],[-4.7146,11.406],[-4.6385,11.432],[-4.5394,11.4133],[-4.3816,11.5074],[-4.277,11.5333],[-4.124,11.6967],[-3.9224,11.9977],[-3.8196,12.1762],[-3.7841,12.2957],[-3.7254,12.3661],[-3.6074,12.4015],[-3.5686,12.4771],[-3.5502,12.6281],[-3.5107,12.7149],[-3.45,12.7376],[-3.3785,12.6633],[-3.2486,12.6401],[-3.2076,12.4999],[-3.0229,12.3974],[-2.8987,12.3717],[-2.8637,12.2354],[-2.8164,12.1512],[-2.8957,12.0186],[-2.8526,11.9272],[-2.8831,11.7794],[-2.8018,11.743],[-2.7905,11.6062],[-2.8491,11.3691],[-2.8578,11.2424],[-2.8044,11.1653],[-2.8301,11.0085],[-2.9073,10.728],[-2.9149,10.5923],[-2.8784,10.5079],[-2.7866,10.4019],[-2.8203,10.3228],[-2.7771,10.2816],[-2.7832,10.0831],[-2.7507,9.9097],[-2.7659,9.6581],[-2.7062,9.5339],[-2.6861,9.4317],[-2.7057,9.3514],[-2.6742,9.2826],[-2.7467,9.1096],[-2.6492,8.9566],[-2.6249,8.8396],[-2.557,8.7311],[-2.4456,8.6311],[-2.3636,8.514],[-2.3114,8.3797],[-2.2467,8.2738],[-2.1697,8.1964],[-2.0874,8.1605],[-1.9999,8.1662],[-1.8924,8.2373],[-1.7928,8.2441],[-1.7695,8.3037],[-1.8511,8.3332],[-1.9045,8.398],[-1.8714,8.5725],[-1.8213,8.6255],[-1.7128,8.6306]]}},
{"type":"Feature","properties":{"name":"Murray","rank":3,"min_zoom":3},"geometry":{"type":"MultiLineString","coordinates":[[[148.0051,-36.967],[148.1615,-36.7303],[148.1969,-36.625],[148.1465,-36.5458],[148.0341,-36.1809],[147.9748,-36.0457],[147.7625,-35.9558],[147.5382,-35.9838],[147.4073,-35.9712],[147.3229,-36.0695],[147.2718,-36.0491]],[[147.0446,-36.1076],[146.8961,-36.1],[146.5896,-36.0048],[146.4703,-35.9936],[146.3308,-36.0536],[146.2159,-36.0559]],[[146.0281,-36.0145],[145.8152,-35.9773],[145.5883,-35.8631],[145.4323,-35.8347],[145.2244,-35.8457],[145.0083,-35.8839],[144.9429,-35.9779],[144.9648,-36.0745],[144.7992,-36.1256],[144.6684,-36.088],[144.4275,-35.9047],[144.2897,-35.7299],[144.1631,-35.6345],[143.9712,-35.5283],[143.7142,-35.4114],[143.5845,-35.327],[143.5404,-35.2341],[143.3773,-35.1274],[143.361,-34.8815],[143.3254,-34.788],[143.2212,-34.7332],[142.9654,-34.6928],[142.7418,-34.598],[142.6634,-34.7415],[142.5714,-34.7751],[142.426,-34.5928],[142.3881,-34.4846],[142.3734,-34.3328],[142.2523,-34.2233],[142.1578,-34.1732],[141.9264,-34.1168],[141.7609,-34.1117],[141.5859,-34.1915],[141.4698,-34.183],[141.3176,-34.1117],[141.0944,-34.0657],[140.9479,-33.9989],[140.7632,-34.0955],[140.7728,-34.1894],[140.6135,-34.3146],[140.5331,-34.4327],[140.3918,-34.3243],[140.3519,-34.223],[140.2479,-34.1752],[140.08,-34.181],[139.9439,-34.1596],[139.8858,-34.0745],[139.7526,-34.0511],[139.6566,-34.1484],[139.6073,-34.3831],[139.6033,-34.5441],[139.6445,-34.6315],[139.5758,-34.734],[139.5922,-34.8783],[139.3997,-34.884],[139.3069,-34.9386],[139.3465,-35.0108],[139.3096,-35.168],[139.4226,-35.2497],[139.4346,-35.2975],[139.3025,-35.3994]]]}},
{"type":"Feature","properties":{"name":"N. Fork Kuskokwim","rank":6,"min_zoom":5},"geometry":{"type":"LineString","coordinates":[[-151.6742,64.3014],[-152.2065,64.3262],[-152.3995,64.2353],[-152.5685,64.072],[-152.5851,63.9701],[-152.791,63.8843],[-153.2147,63.7511],[-153.4554,63.6486],[-153.6055,63.5154],[-153.959,63.3324],[-154.0014,63.2654],[-154.7206,63.0786]]}},
{"type":"Feature","properties":{"name":"Nakanbé","rank":6,"min_zoom":5},"geometry":{"type":"LineString","coordinates":[[-2.0827,14.0101],[-2.0554,13.6805],[-2.1078,13.5659],[-2.1045,13.4735],[-2.0631,13.3649],[-2.0691,13.2532],[-2.1226,13.1383],[-2.105,13.0423],[-1.7871,13.0555],[-1.6278,13.0316],[-1.5111,12.9664],[-1.4108,12.9459],[-1.3271,12.9702],[-1.2158,12.9208],[-1.1409,12.6512],[-1.0825,12.6243],[-1.0918,12.3333],[-1.0448,12.1528],[-0.9402,11.9749],[-0.8578,11.8671],[-0.7976,11.8293],[-0.7709,11.7538],[-0.7778,11.6405],[-0.7236,11.5575],[-0.6085,11.5047],[-0.4995,11.4047],[-0.512,11.3497],[-0.4057,11.1936],[-0.3726,11.0813],[-0.3743,10.867],[-0.3391,10.784],[-0.3361,10.6379],[-0.6085,10.5457],[-0.7004,10.5461],[-0.7649,10.6419],[-0.8799,10.5264],[-1.0539,10.497],[-1.0668,10.3668],[-1.0183,10.253],[-1.0678,10.1607],[-0.9996,9.9609],[-0.9773,9.7775],[-1.0208,9.6957],[-1.1301,9.7155],[-1.2373,9.6863],[-1.3422,9.6081],[-1.3852,9.523],[-1.3661,9.4308],[-1.2695,9.3075],[-1.2234,9.158],[-1.1517,9.1166]]}},
{"type":"Feature","properties":{"name":"Nanpan","rank":4,"min_zoom":4},"geometry":{"type":"LineString","coordinates":[[103.9216,25.8789],[103.8546,25.8012],[103.8357,25.7249],[103.883,25.3415],[103.8668,25.2189],[103.8096,25.1285],[103.7127,25.0478],[103.4878,24.9391],[103.3264,25.0128],[103.2185,24.9937],[103.1647,24.9437],[103.1315,24.7739],[103.0528,24.6087],[103.1048,24.52],[103.0742,24.4581],[103.0805,24.3214],[103.1693,23.8701],[103.1953,23.8178],[103.3757,23.8632],[103.5267,23.8802],[103.6102,23.9159],[103.6263,23.9704],[103.5908,24.1096],[103.6745,24.1849],[103.825,24.2705],[103.9118,24.3847],[103.9873,24.4417],[104.1509,24.4716],[104.3529,24.5624],[104.5373,24.7412],[104.6812,24.6588],[104.7999,24.6729],[104.9414,24.7559],[105.0563,24.8502],[105.1444,24.9559],[105.2081,24.9911],[105.3079,24.9371],[105.3897,24.9351],[105.5826,24.7898],[105.7311,24.7346],[106.0651,24.6888],[106.1545,24.7828],[106.1882,24.8624],[106.1664,24.9277],[106.2307,24.9792],[106.3812,25.0171],[106.614,25.1391],[106.7425,25.1887],[106.9436,25.2247]]}},
{"type":"Feature","properties":{"name":"Narmada","rank":6,"min_zoom":5},"geometry":{"type":"LineString","coordinates":[[81.5743,22.7538],[81.0965,22.9557],[80.973,22.9361],[80.8773,22.9786],[80.8537,23.0298],[80.7317,22.9846],[80.59,22.9636],[80.5086,22.9253],[80.484,22.7876],[80.4983,22.6782],[80.4484,22.5864],[80.3734,22.6024],[80.2903,22.7496],[80.2166,22.7904],[80.0598,22.7748],[79.9626,22.8517],[79.9327,22.9339],[79.9378,23.0472],[79.8343,23.1121],[79.6221,23.1286],[79.4186,23.1216],[79.2238,23.0912],[79.0959,23.0305],[78.9971,23.0236],[78.6717,23.0379],[78.442,22.9702],[78.3379,22.8991],[78.1998,22.8778],[78.1331,22.8122],[77.9839,22.8034],[77.8797,22.8572],[77.7902,22.8253],[77.6503,22.7289],[77.4568,22.6391],[77.0861,22.5142],[76.884,22.4577],[76.8032,22.4066],[76.7136,22.2892],[76.6148,22.2476],[76.5297,22.2541],[76.4583,22.3087],[76.3056,22.2989],[76.0714,22.2249],[75.6075,22.1461],[74.5674,22.0207],[74.4664,22.0348],[74.295,21.9572],[73.9848,21.9142],[73.8324,21.8619],[73.7029,21.8717],[73.5183,21.9814],[73.4169,21.9614],[73.3635,21.911],[73.2581,21.9187],[73.2179,21.8443],[73.135,21.8214],[73.1125,21.7505]]}},
{"type":"Feature","properties":{"name":"Naryn","rank":5,"min_zoom":4.7},"geometry":{"type":"MultiLineString","coordinates":[[[72.6537,41.6674],[72.3493,41.4975],[72.2221,41.376],[72.1705,41.2464],[72.0532,41.1171],[71.8702,40.9882],[71.597,40.9066],[71.2337,40.8723],[70.8634,40.7564],[70.6984,40.6612],[70.355,40.4354]],[[77.7372,41.8796],[77.9776,41.8687],[78.0186,41.8363],[77.7628,41.6238],[77.5857,41.5363],[77.2782,41.5176],[76.7504,41.5104],[76.3878,41.4925],[76.0915,41.4493],[75.8819,41.4594],[75.6169,41.4002],[75.4779,41.3966],[75.3302,41.431],[75.066,41.4464],[74.6856,41.4427],[74.4358,41.4239],[74.3168,41.3899],[74.1799,41.4005],[74.025,41.4556],[73.9458,41.519],[73.8863,41.6956],[73.6552,41.7831],[73.5126,41.7974],[73.2979,41.776]]]}},
{"type":"Feature","properties":{"name":"Nederrijn","rank":4,"min_zoom":4},"geometry":{"type":"LineString","coordinates":[[6.0386,51.8722],[5.9225,51.9606],[5.7475,51.9814],[5.3311,51.963]]}},
{"type":"Feature","properties":{"name":"Negro","rank":3,"min_zoom":3},"geometry":{"type":"MultiLineString","coordinates":[[[-68.014,-38.9747],[-67.7565,-39.0516],[-67.5983,-39.0744],[-67.4535,-39.0686],[-67.18,-39.1227],[-66.987,-39.1291],[-66.7353,-39.104],[-66.5305,-39.0998],[-66.3728,-39.1165],[-66.0837,-39.2117],[-65.7652,-39.2612],[-65.6288,-39.331],[-65.5215,-39.4567],[-65.3662,-39.7403],[-65.2337,-39.83],[-65.0365,-39.8623],[-64.8986,-39.9105],[-64.7278,-40.0252],[-64.6215,-40.0622],[-64.3712,-40.074],[-64.1719,-40.1659],[-63.9047,-40.3543],[-63.5745,-40.5342],[-63.3875,-40.7092],[-63.1743,-40.7428],[-62.8598,-40.9475],[-62.798,-41.0472]],[[-70.3361,2.0581],[-69.9668,2.1099],[-69.6833,2.159],[-69.5264,2.2044],[-69.4015,2.2625],[-69.2525,2.2709],[-69.0795,2.2296],[-68.8105,2.2145],[-68.7007,2.2642],[-68.6027,2.3598],[-68.4975,2.3785],[-68.385,2.3205],[-68.2775,2.3722],[-68.1131,2.6056],[-67.8591,2.7936],[-67.7665,2.8333],[-67.5967,2.7693],[-67.568,2.69],[-67.4864,2.6437],[-67.3122,2.4717],[-67.2108,2.3901],[-67.2152,2.2755],[-67.1138,2.0506],[-67.0895,1.9403],[-66.9881,1.6802],[-66.9815,1.6008],[-66.8845,1.3582],[-66.8604,1.022],[-66.8774,0.9379],[-67.0079,0.8872],[-67.1366,0.8891],[-67.2307,0.7684],[-67.3195,0.4033],[-67.2769,0.1558],[-67.2007,0.0081],[-67.0769,-0.1221],[-66.984,-0.1796],[-66.9219,-0.1643],[-66.7723,-0.2162],[-66.5351,-0.3353],[-66.3726,-0.3775],[-66.1717,-0.3243],[-66.0335,-0.322],[-65.8396,-0.2642],[-65.6805,-0.3006],[-65.5664,-0.2921],[-65.4472,-0.3161],[-65.2608,-0.4006],[-65.0055,-0.4575],[-64.7979,-0.449],[-64.4305,-0.3669],[-64.1522,-0.3142],[-63.9717,-0.3043],[-63.7961,-0.3197],[-63.6325,-0.3821],[-63.4808,-0.4915],[-63.31,-0.5852],[-63.0251,-0.7022],[-62.8785,-0.8741],[-62.7302,-0.985],[-62.4319,-1.1456],[-61.9335,-1.3774],[-61.8809,-1.3892],[-61.7172,-1.4012],[-61.6199,-1.4495],[-61.5378,-1.5296],[-61.4711,-1.6417],[-61.4347,-1.814],[-61.3548,-1.9265],[-61.1969,-2.074],[-61.0921,-2.2184],[-61.0402,-2.3596],[-60.9035,-2.5533],[-60.5711,-2.9223],[-60.4506,-3.0281],[-60.3604,-3.0653],[-60.1577,-3.0956],[-59.9762,-3.1585],[-59.8968,-3.1276]]]}},
{"type":"Feature","properties":{"name":"Nelson","rank":6,"min_zoom":5},"geometry":{"type":"MultiLineString","coordinates":[[[-97.7312,54.0817],[-97.5949,54.2414],[-97.6149,54.3726],[-97.5907,54.4871],[-97.7912,54.5708]],[[-97.9015,54.7046],[-98.0085,54.8258],[-97.9455,54.9482]],[[-97.2541,55.2356],[-97.0739,55.2485],[-96.8331,55.4],[-96.6024,55.8426],[-96.5527,56.0628]],[[-95.842,56.2908],[-95.4311,56.3392]],[[-94.7794,56.3938],[-94.344,56.4205],[-93.9963,56.549],[-93.5911,56.7882],[-93.2618,56.9094],[-92.8024,56.9283]]]}},
{"type":"Feature","properties":{"name":"Neuquén","rank":4,"min_zoom":4},"geometry":{"type":"LineString","coordinates":[[-70.8034,-36.5288],[-70.6483,-37.0769],[-70.6988,-37.2824],[-70.6262,-37.3547],[-70.3253,-37.3866],[-70.1988,-37.4196],[-70.1302,-37.4741],[-70.0401,-37.6146],[-69.9312,-37.6705],[-69.8865,-37.7666],[-69.8573,-37.947],[-69.8086,-38.0776],[-69.7404,-38.1585],[-69.6866,-38.3373],[-69.604,-38.4348],[-69.4521,-38.5375],[-69.3253,-38.5917],[-69.2237,-38.5973],[-69.1021,-38.5434],[-68.9605,-38.4302],[-68.8494,-38.3711],[-68.7687,-38.3664],[-68.6027,-38.4472],[-68.3514,-38.6136],[-68.1728,-38.7663],[-68.014,-38.9747]]}},
{"type":"Feature","properties":{"name":"Neva","rank":5,"min_zoom":4.7},"geometry":{"type":"LineString","coordinates":[[31.0428,59.951],[30.9816,59.8822],[30.7951,59.8109],[30.6522,59.8355],[30.3474,59.9472],[30.1568,59.9043]]}},
{"type":"Feature","properties":{"name":"Niagara","rank":3,"min_zoom":3},"geometry":{"type":"LineString","coordinates":[[-79.0592,43.2781],[-79.066,43.1061]]}},
{"type":"Feature","properties":{"name":"Niger","rank":3,"min_zoom":3},"geometry":{"type":"MultiLineString","coordinates":[[[6.2658,4.9914],[6.2237,4.9191],[6.1312,4.844],[6.0775,4.7099],[6.0554,4.4199],[6.0766,4.2906]],[[6.2658,4.9914],[6.271,4.4321]],[[6.4548,5.3628],[6.3738,5.3457],[6.2404,5.2738],[6.2101,5.201],[6.0902,5.1244],[5.9922,5.1304],[5.8761,5.182],[5.7376,5.1914],[5.476,5.1538]],[[6.4548,5.3628],[6.3486,5.2563],[6.3578,5.1804],[6.2661,5.0955],[6.2658,4.9914]],[[6.5569,5.5422],[6.6061,5.3856],[6.5875,5.3012],[6.4744,5.1565],[6.4432,5.0647],[6.4605,5.0026],[6.5726,4.9078],[6.5988,4.8156],[6.7088,4.6075],[6.7152,4.3424]],[[-10.7321,9.0899],[-10.665,9.1538],[-10.5801,9.3551],[-10.5834,9.4529],[-10.6557,9.566],[-10.642,9.7504],[-10.6845,9.9151],[-10.7786,10.1215],[-10.8157,10.2477],[-10.7467,10.3218],[-10.6678,10.3314],[-10.6134,10.4256],[-10.541,10.4256],[-10.4332,10.5034],[-10.2706,10.5135],[-10.174,10.4716],[-10.0533,10.5687],[-9.9014,10.6015],[-9.8014,10.6625],[-9.6583,10.6784],[-9.5355,10.7806],[-9.4326,10.9693],[-9.3434,11.0648],[-9.1987,11.0971],[-9.1359,11.1543],[-9.1165,11.2395],[-9.1405,11.3525],[-9.0889,11.4186],[-8.9618,11.4377],[-8.8519,11.5049],[-8.7592,11.6202],[-8.651,11.7189],[-8.5272,11.8008],[-8.4327,11.9049],[-8.3674,12.031],[-8.2814,12.1437],[-8.1747,12.2428],[-8.0981,12.3747],[-8.0514,12.5394],[-7.9643,12.6265],[-7.8369,12.6361],[-7.6664,12.7467],[-7.4529,12.9583],[-7.2791,13.104],[-7.0777,13.2235],[-6.9492,13.3248],[-6.7879,13.3618],[-6.5509,13.3682],[-6.3673,13.4091],[-6.2372,13.4843],[-6.1461,13.572],[-6.0941,13.6722],[-6.0212,13.7103],[-5.7852,13.7452],[-5.5954,13.8871],[-5.4352,13.9617],[-5.3047,13.9692],[-5.2141,14.0081],[-5.1636,14.0786],[-4.9962,14.1547],[-4.7121,14.2363],[-4.4869,14.2743],[-4.4145,14.3133],[-4.2005,14.5507],[-4.1169,14.7718],[-4.0421,14.8848],[-3.9482,14.9636],[-3.9208,15.0726],[-3.9795,15.2812],[-3.8522,15.3536],[-3.8178,15.4317],[-3.9229,15.5035],[-3.7956,15.6029],[-3.7138,15.732],[-3.6819,15.8722],[-3.5031,16.0467]],[[4.6257,9.8645],[4.6441,9.7552],[4.5928,9.571],[4.6122,9.374],[4.7132,9.2874],[4.7638,9.1803],[4.8296,9.1607],[4.9471,9.1847],[5.0568,9.1496],[5.1586,9.0554],[5.2916,8.9887],[5.4559,8.9492],[5.6041,8.8826],[5.8024,8.7418],[6.0199,8.7545],[6.2913,8.7102],[6.3846,8.6284],[6.4384,8.4973],[6.5212,8.3772],[6.6327,8.2681],[6.7159,8.1444],[6.7707,8.0059],[6.776,7.793],[6.7098,7.362],[6.6644,6.9734],[6.6596,6.743],[6.6906,6.4404],[6.7409,6.2023],[6.7073,5.9775],[6.5563,5.5413],[6.4548,5.3628]],[[-4.3039,15.507],[-4.3383,15.6206],[-4.317,15.6829],[-4.2076,15.7928],[-4.1851,15.8654],[-4.0657,15.873],[-3.9612,15.9245],[-3.8244,16.0466],[-3.6894,16.1128],[-3.556,16.1233],[-3.4675,16.161]],[[-3.5031,16.0467],[-3.4675,16.161]],[[-3.4675,16.161],[-3.4239,16.2262],[-3.3104,16.2917],[-3.3105,16.337],[-3.2218,16.408]],[[-3.2218,16.408],[-3.1872,16.2529],[-3.3022,16.1634],[-3.3958,16.0625],[-3.5031,16.0467]],[[-3.2218,16.408],[-3.1064,16.5113],[-3.0802,16.6063],[-3.0275,16.6502],[-2.9483,16.6429],[-2.7429,16.69],[-2.4113,16.7917],[-2.1974,16.8371],[-2.101,16.8261],[-1.8966,16.915],[-1.6639,16.9882],[-1.4485,17.0355],[-1.2502,17.0568],[-1.1179,17.048],[-0.9645,16.9955],[-0.8568,17.0077],[-0.7051,16.9501],[-0.6006,16.9376],[-0.4565,16.9552],[-0.346,16.8728],[-0.269,16.6906],[-0.2028,16.5774],[-0.1477,16.5332],[-0.0894,16.4259],[0.0028,16.1703],[0.1435,15.9831],[0.2594,15.8721],[0.3974,15.7749],[0.4713,15.6791],[0.4809,15.5848],[0.5478,15.5104],[0.7388,15.4097],[0.7273,15.2826],[0.6575,15.0459],[0.7221,14.9477],[0.7985,14.9262],[0.855,14.8607],[0.8913,14.7512],[0.965,14.6303],[1.0759,14.498],[1.2083,14.3812],[1.3622,14.2799],[1.4634,14.1462],[1.512,13.9801],[1.5811,13.8469],[1.6707,13.7467],[1.8117,13.6505],[2.0038,13.5584],[2.1246,13.4757],[2.1739,13.4024],[2.3097,13.2986],[2.3546,13.176],[2.3703,12.9757],[2.4154,12.8182],[2.4897,12.7035],[2.5398,12.5286],[2.5967,12.5516],[2.7182,12.5193],[2.7678,12.4321],[2.8437,12.3994],[3.1496,12.1181],[3.3599,11.8805],[3.4498,11.8519],[3.5317,11.7874],[3.5954,11.6963],[3.6947,11.62],[3.8514,11.5699],[4.0223,11.484],[4.1331,11.3906],[4.2407,11.2613],[4.3675,11.1696],[4.5133,11.1155],[4.6201,11.0447],[4.6877,10.9573],[4.7052,10.837],[4.6562,10.6072]]]}},
{"type":"Feature","properties":{"name":"Nile","rank":1,"min_zoom":2},"geometry":{"type":"MultiLineString","coordinates":[[[32.4901,15.6346],[32.5354,16.0404],[32.6285,16.2565],[32.7846,16.4181],[32.9287,16.508],[33.0606,16.526],[33.1647,16.5662],[33.3587,16.6859],[33.5188,16.7384],[33.6346,16.8245],[33.7318,17.0289],[33.7146,17.1513],[33.7401,17.2461],[33.8102,17.3789],[33.925,17.5496],[33.9519,17.6985],[33.9688,17.7924],[33.9416,18.1073],[33.9004,18.2781],[33.7844,18.3638],[33.7182,18.4552],[33.6754,18.6619],[33.5905,18.7408],[33.5668,18.8473],[33.5737,19.0434],[33.5391,19.1734],[33.4135,19.3076],[33.3797,19.4231],[33.1383,19.5027],[33.018,19.5108],[32.9385,19.4739],[32.8382,19.3829],[32.7172,19.2377],[32.6197,19.1607],[32.5456,19.1519],[32.4676,19.083],[32.3854,18.9539],[32.3063,18.8899],[32.1532,18.865],[32.0756,18.8115],[32.0441,18.6606],[31.9208,18.5802],[31.8,18.4524],[31.642,18.2229],[31.4741,18.0772],[31.2963,18.0153],[31.1459,18.0017],[31.023,18.0365],[30.8087,18.1536],[30.744,18.257],[30.6738,18.499],[30.5615,18.6602],[30.5108,18.7937],[30.4862,18.988],[30.4879,19.2431],[30.4579,19.4711],[30.35,19.7864],[30.3698,19.8569],[30.575,19.9673],[30.5997,20.0981],[30.5709,20.291],[30.366,20.4169],[30.3212,20.527],[30.3166,20.6158],[30.3971,20.805],[30.5104,20.8402],[30.5763,20.9003],[30.5948,20.9852],[30.6868,21.0762],[30.6986,21.177],[30.7631,21.2491],[30.9699,21.3991],[30.9941,21.4926],[31.0906,21.6092]],[[32.8795,23.9877],[32.9131,24.3284],[32.8919,24.5396],[32.9199,24.6389],[32.921,24.7702],[32.895,24.9334],[32.8476,25.0824],[32.6287,25.2386],[32.5404,25.3498],[32.4929,25.5654],[32.5232,25.612],[32.7041,25.7543],[32.764,25.8792],[32.7632,26.0342],[32.7344,26.1288],[32.6776,26.1633],[32.5534,26.1428],[32.3617,26.0674],[32.2287,26.0769],[32.1542,26.1712],[32.0152,26.2001],[31.9655,26.2974],[31.8714,26.3747],[31.8123,26.5093],[31.73,26.5431],[31.5526,26.762],[31.3407,27.0571],[31.2449,27.1436],[30.9693,27.3555],[30.8683,27.5003],[30.8891,27.6185],[30.863,27.9852],[30.7443,28.1655],[30.7622,28.3086],[30.8109,28.4014],[30.8369,28.582],[30.8987,28.7915],[30.9946,28.943],[31.1455,29.1364],[31.2191,29.282],[31.2154,29.3798],[31.281,29.6088],[31.2869,29.7826],[31.2376,30.1207]]]}},
{"type":"Feature","properties":{"name":"Nmai","rank":2,"min_zoom":3},"geometry":{"type":"LineString","coordinates":[[97.9832,28.425],[98.1921,28.2499],[98.2969,28.1318],[98.3351,28.0083],[98.3418,27.84],[98.3017,27.73],[98.2149,27.6785],[98.1178,27.7152],[98.0396,27.7067],[98.0875,27.4944],[98.1719,27.3291],[98.2955,27.1334],[98.3625,26.9735],[98.3727,26.8496],[98.3536,26.7014],[98.158,26.0301],[98.0963,25.8668],[97.8603,25.6406],[97.7747,25.6201],[97.6408,25.7059],[97.519,25.701]]}},
{"type":"Feature","properties":{"name":"North Saskatchewan","rank":4,"min_zoom":4},"geometry":{"type":"MultiLineString","coordinates":[[[-117.1325,52.014],[-116.9372,52.0716],[-116.8377,51.9934],[-116.5341,52.0216],[-116.4381,52.0795],[-116.4485,52.1764],[-116.3897,52.2761],[-116.2617,52.3785],[-116.0532,52.4375],[-115.7641,52.4528],[-115.5756,52.44],[-115.4876,52.3991],[-115.211,52.3929],[-115.1076,52.3545],[-114.9749,52.3632],[-114.9844,52.4628],[-115.0573,52.6435],[-115.2182,52.8953],[-115.2115,53.0097],[-115.014,53.0829],[-114.8406,53.2757],[-114.7295,53.3206],[-114.5964,53.314],[-114.388,53.3923],[-114.2619,53.3957],[-113.9467,53.3328],[-113.6906,53.3892],[-113.5692,53.4997],[-113.4445,53.536],[-113.3058,53.6285],[-113.0242,53.8765],[-112.9193,53.9264],[-112.8339,54.0226],[-112.5496,54.003],[-112.3129,54.0413],[-112.1929,54.0219],[-112.0501,53.9479],[-111.802,53.9016],[-111.7263,53.8122],[-111.5776,53.7739],[-111.2915,53.755],[-111.0943,53.772],[-110.8583,53.8508],[-110.7117,53.8494],[-110.5625,53.8014],[-110.3017,53.6684],[-110.1233,53.6608],[-109.9666,53.5934],[-109.6126,53.5487],[-109.5428,53.4282],[-109.2365,53.3597],[-109.1352,53.3083],[-108.8973,53.0822],[-108.7097,52.9709],[-108.4592,52.8818],[-108.3434,52.8185],[-108.3278,52.7342]],[[-108.334,52.7342],[-108.1031,52.6114],[-107.7467,52.5022],[-107.3575,52.3379],[-107.0569,52.3665],[-106.9616,52.4415],[-106.8946,52.5684],[-106.6915,52.7641],[-106.1501,53.171],[-105.8795,53.1625],[-105.684,53.2109],[-105.4559,53.2364],[-105.0651,53.2404]]]}},
{"type":"Feature","properties":{"name":"Nu","rank":4,"min_zoom":4},"geometry":{"type":"LineString","coordinates":[[96.5956,30.4479],[96.6753,30.4433],[96.7171,30.3333],[96.8536,30.2452],[97.1164,30.1415],[97.2904,30.0324],[97.4242,29.8166],[97.4771,29.635],[97.5465,29.5357],[97.6603,29.4465],[97.8186,29.3674],[97.9491,29.2262],[98.0519,29.0231],[98.1633,28.87],[98.3435,28.7155],[98.3666,28.5772],[98.4229,28.5025],[98.4739,28.2205],[98.5355,28.0876],[98.6355,28.0034],[98.6824,27.9134],[98.6762,27.8175],[98.7089,27.7225],[98.8164,27.5815],[98.8687,27.3411],[98.8892,27.0595],[98.8953,26.6564],[98.8845,26.3623],[98.8569,26.177],[98.856,25.9311],[98.8819,25.6245],[98.8819,25.3717],[98.856,25.1728],[98.8712,24.9914],[98.9273,24.8278],[99.0299,24.6769],[99.0358,24.5943],[98.9981,24.475],[99.0157,24.3826],[99.0888,24.317],[99.0577,24.248],[98.9225,24.1755],[98.4726,24.0259],[98.42,23.933],[98.4959,23.7833],[98.5979,23.667],[98.6384,23.5633],[98.6351,23.4169],[98.7212,23.3567],[98.7232,23.2938],[98.6541,23.2481],[98.5137,23.2197],[98.4738,23.1733],[98.5484,23.0679],[98.5041,23.0244],[98.6293,22.8713],[98.5577,22.8115],[98.5526,22.7062],[98.6139,22.5554],[98.6256,22.4321],[98.5877,22.3362],[98.6248,22.1766],[98.7416,22.065],[98.718,21.995],[98.6053,21.9046],[98.5739,21.7898],[98.6237,21.6509],[98.5948,21.4827],[98.6806,21.3372],[98.6956,21.2314],[98.7731,21.0772],[98.7242,21.0204],[98.5079,20.9513]]}},
{"type":"Feature","properties":{"name":"Nu","rank":4,"min_zoom":4},"geometry":{"type":"LineString","coordinates":[[91.5184,31.943],[91.5457,31.8149],[91.6906,31.696],[91.7551,31.6065],[91.7936,31.4784],[91.8628,31.4179],[92.0319,31.3957],[92.1335,31.299],[92.2825,31.3475],[92.3187,31.429],[92.4283,31.4855],[92.8687,31.5626],[93.1561,31.5289],[93.3468,31.5443],[93.5235,31.5362],[93.6865,31.5045],[93.9219,31.5254],[94.106,31.5233],[94.5279,31.4679],[94.5757,31.3869],[94.5312,31.2508],[94.6287,31.1961],[94.7518,31.0801],[94.9187,31.1576],[95.0385,31.1861],[95.1808,31.188],[95.3987,31.1364],[95.563,30.9846],[95.6674,30.9565],[95.799,30.9899],[95.9624,30.9781],[96.2833,30.8733],[96.3396,30.8353],[96.4109,30.7205],[96.4972,30.5292],[96.5956,30.4479]]}},
{"type":"Feature","properties":{"name":"Ob","rank":4,"min_zoom":4},"geometry":{"type":"MultiLineString","coordinates":[[[85.0562,52.4336],[84.5891,52.4219],[84.3473,52.3926],[84.1754,52.3419],[84.0033,52.3316],[83.8312,52.3618],[83.7281,52.4143],[83.6826,52.5922],[83.6989,52.7895],[83.6575,52.9615],[83.6851,53.0833],[83.8172,53.1094],[83.8602,53.1747],[83.8376,53.3533],[83.7119,53.4188],[83.4927,53.4288],[83.1281,53.5051],[82.8969,53.4374],[82.5806,53.4459],[82.3876,53.5451],[82.3299,53.6308],[82.1136,53.718],[81.9597,53.7337],[81.8356,53.7894],[81.5415,53.7881],[81.4201,53.8082],[81.3341,53.8856]],[[70.3538,61.3012],[70.979,61.2976],[71.1994,61.2024],[71.4471,61.2528],[71.6947,61.269],[72.0444,61.255],[72.3465,61.2928],[72.5813,61.2512],[72.9067,61.2634],[73.5662,61.1964],[73.8766,61.2144],[74.0022,61.177],[74.2229,61.2071],[74.3845,61.1684],[74.5146,61.2132],[74.7501,61.2025],[74.8684,61.1602],[75.3334,61.1237],[75.5347,61.0824],[75.7137,61.0101],[75.8871,61.0498],[76.1346,60.9997],[76.3077,60.9304],[76.6262,60.8965],[76.9602,60.7455],[77.2154,60.6743],[77.3992,60.6488],[77.6023,60.6621],[77.8072,60.4831],[77.9487,60.4218],[78.2934,60.4047],[78.3453,60.3317],[78.563,60.1963],[78.8359,60.1405],[78.9791,60.019],[78.9518,59.9333],[79.1658,59.7659],[79.1483,59.689],[79.2826,59.5576],[79.5309,59.4953],[79.6647,59.4121],[79.9668,59.4292],[80.1582,59.385],[80.152,59.289],[80.2951,59.2726],[80.4673,59.3283],[80.5162,59.2433],[80.8024,59.108],[80.9731,59.0914],[81.1283,59.1298],[81.2565,59.1178],[81.4783,58.9365],[81.5734,58.7974],[81.5544,58.7182],[81.7754,58.7358],[81.9077,58.6103],[82.1722,58.5492],[82.4025,58.4273],[82.4346,58.3689],[82.5748,58.3632],[82.7343,58.3054],[82.8838,58.3125],[82.961,58.1934],[83.1597,58.1267],[83.2885,57.9203],[83.41,57.776],[83.7773,57.6992],[83.9071,57.5064],[83.9974,57.3062],[84.2797,57.2531],[84.4061,57.1092],[84.4363,56.9107],[84.4014,56.7925],[84.1445,56.565],[84.0639,56.4578],[84.054,56.3139],[83.9936,56.1797],[83.8867,56.0379],[83.8788,55.9295],[83.8194,55.8328],[83.7085,55.7478],[83.6447,55.6292],[83.323,55.4755],[83.1555,55.4365],[83.0333,55.4441],[82.8879,55.4035],[82.8873,55.2432],[82.8375,55.1293],[83.0534,54.9151],[83.0254,54.8452]]]}},
{"type":"Feature","properties":{"name":"Ob","rank":4,"min_zoom":4},"geometry":{"type":"LineString","coordinates":[[68.8569,61.124],[69.0105,61.1977],[69.1886,61.1956],[69.4081,61.2716],[69.578,61.2837],[69.7996,61.2512],[70.0212,61.2516],[70.3538,61.3012]]}},
{"type":"Feature","properties":{"name":"Ob","rank":2,"min_zoom":2.1},"geometry":{"type":"MultiLineString","coordinates":[[[68.8569,61.124],[68.5888,61.0955],[68.3476,61.1807],[68.3086,61.2558],[68.3249,61.4512],[67.7795,61.6201],[67.5858,61.7116],[67.5527,61.7936],[67.292,62.0867],[67.0427,62.1999],[66.7068,62.2584],[66.5107,62.3184],[66.39,62.4195],[65.9883,62.4821],[65.6797,62.6221],[65.2575,62.8786],[65.1632,62.9964],[65.1492,63.1309],[65.335,63.2961],[65.4723,63.3435],[65.5571,63.4962],[65.7674,63.5839],[65.7091,63.734],[65.8051,63.8094],[65.8061,64.0757],[66.0306,64.1544],[65.8954,64.2619],[65.9199,64.3701],[65.6902,64.5371],[65.6883,64.6593],[65.5013,64.7557],[65.524,65.0158],[65.3006,65.0527],[65.2775,65.1757],[65.3622,65.2834],[65.5565,65.4112],[65.6667,65.6847],[65.8315,65.8424],[65.8766,65.9328],[65.8213,66.1366],[66.0965,66.2784],[66.2999,66.4114],[66.4514,66.5709],[66.6633,66.6265],[66.9356,66.5784],[67.1528,66.5832],[67.315,66.6408]],[[67.315,66.6408],[67.573,66.6289],[67.9269,66.5474],[68.1975,66.5376],[68.3846,66.5996],[68.6551,66.7515]],[[67.315,66.6408],[67.5604,66.7589],[67.8694,66.7734],[68.1048,66.8141],[68.6551,66.7515]],[[68.6551,66.7515],[69.0135,66.7884]]]}},
{"type":"Feature","properties":{"name":"Oder","rank":4,"min_zoom":4},"geometry":{"type":"LineString","coordinates":[[17.618,49.7394],[17.9464,49.6371],[18.1417,49.7299],[18.3073,49.8856],[18.3166,49.9724],[18.2526,50.055],[18.2518,50.2197],[18.1854,50.321],[18.0319,50.4414],[17.9582,50.5322],[17.9384,50.6565],[17.7623,50.7805],[17.4502,50.882],[17.3605,50.9276],[17.1936,51.0678],[17.0152,51.131],[16.8691,51.2288],[16.738,51.2529],[16.4747,51.2448],[16.4396,51.3153],[16.4622,51.518],[16.3104,51.6525],[16.0203,51.6909],[15.8466,51.7434],[15.7688,51.8112],[15.7867,51.8945],[15.6825,52.0105],[15.4238,52.0458],[14.7609,52.0769],[14.7054,52.2075],[14.5546,52.3596],[14.6194,52.5285],[14.514,52.6456],[14.2537,52.7825],[14.1286,52.8782],[14.1937,52.9823],[14.3686,53.1055],[14.4456,53.2755],[14.6183,53.5258],[14.5835,53.6393]]}},
{"type":"Feature","properties":{"name":"Ohio","rank":3,"min_zoom":3},"geometry":{"type":"MultiLineString","coordinates":[[[-85.186,38.6937],[-85.2466,38.727],[-85.3068,38.7372],[-85.4448,38.6831],[-85.4248,38.5966],[-85.4587,38.5302],[-85.6089,38.423],[-85.6464,38.3473],[-85.7885,38.2852],[-85.8549,38.215],[-85.9612,38.014],[-86.1034,37.9919],[-86.2075,38.0366],[-86.2837,38.1299],[-86.4296,38.1397],[-86.5199,38.0148],[-86.5486,37.9171],[-86.6731,37.889],[-86.7703,37.9598],[-86.8691,37.9761],[-86.9694,37.938],[-87.141,37.8052],[-87.3724,37.9235],[-87.5994,37.9465],[-87.6154,37.8489],[-87.7145,37.8996],[-87.906,37.9018],[-87.9125,37.8177],[-88.042,37.7889],[-88.129,37.6995],[-88.1075,37.5344],[-88.1905,37.4646],[-88.4947,37.3643],[-88.4533,37.1781],[-88.4717,37.0884],[-88.6138,37.1101],[-88.8726,37.1855],[-89.0462,37.183],[-89.1346,37.1025],[-89.1543,36.9921]],[[-79.9909,40.4477],[-80.149,40.5216],[-80.2647,40.661],[-80.344,40.6862],[-80.6375,40.6033],[-80.659,40.563],[-80.6041,40.4452],[-80.6018,40.3639],[-80.6683,40.1852],[-80.8035,39.9091],[-80.8722,39.7355],[-80.8743,39.6643],[-80.9633,39.5711],[-81.1391,39.456],[-81.3333,39.3628],[-81.4396,39.3926],[-81.5516,39.308],[-81.6572,39.272],[-81.8026,39.0861],[-81.7777,38.9728],[-81.9185,38.9524],[-82.0011,39.0111],[-82.0723,38.9629],[-82.2035,38.7682],[-82.1801,38.6376],[-82.2909,38.552],[-82.3871,38.434],[-82.4975,38.415],[-82.6213,38.4507],[-82.7582,38.5412],[-82.8446,38.6277],[-82.8804,38.7102],[-83.0001,38.714],[-83.2035,38.6389],[-83.357,38.6274],[-83.5384,38.6999],[-83.6899,38.6495],[-83.9484,38.7742],[-84.1132,38.7984],[-84.2273,38.8652],[-84.2904,38.9747],[-84.4301,39.0909],[-84.5945,39.0858],[-84.7069,39.1289],[-84.8374,39.0827],[-84.8542,38.9129],[-84.8007,38.8194],[-84.9012,38.7696],[-85.0939,38.7136],[-85.1355,38.6973],[-85.1699,38.6904],[-85.1861,38.6937]]]}},
{"type":"Feature","properties":{"name":"Okavango","rank":6,"min_zoom":5},"geometry":{"type":"MultiLineString","coordinates":[[[24.739,-21.2649],[24.6899,-21.1846],[24.4436,-21.0363],[24.3668,-20.9438],[24.3666,-20.84],[24.3999,-20.7053],[24.4947,-20.4401],[24.3228,-20.3454],[24.2122,-20.2477],[24.0982,-20.2283],[23.9808,-20.2871],[23.8811,-20.2818],[23.6978,-20.1604],[23.577,-20.1259],[23.4041,-20.1178],[23.3918,-20.0477],[23.5451,-19.8857],[23.5952,-19.7352],[23.5786,-19.6826]],[[23.3542,-19.5558],[23.4348,-19.6222],[23.5786,-19.6826]],[[23.5284,-19.5224],[23.5786,-19.6826]],[[23.2375,-19.3383],[23.3542,-19.5558]],[[23.2375,-19.3383],[23.2925,-19.3872],[23.4377,-19.4409],[23.5256,-19.5207]],[[22.5271,-18.9423],[22.5425,-19.072],[22.7709,-19.3678],[22.8919,-19.4734],[23.124,-19.5448],[23.3542,-19.5558]],[[22.5271,-18.9423],[22.5805,-19.0403],[22.6627,-19.0824],[22.8938,-19.078],[23.0225,-19.1112],[23.1285,-19.1904],[23.2375,-19.3383]],[[21.5034,-18.0602],[21.6371,-18.0965],[21.7376,-18.1853],[21.8498,-18.3387],[21.9372,-18.4175],[22.0002,-18.4218],[22.0877,-18.5177],[22.1996,-18.7051],[22.3168,-18.8224],[22.4393,-18.8696],[22.5271,-18.9423]]]}},
{"type":"Feature","properties":{"name":"Olenekskaya Protoka","rank":1,"min_zoom":2},"geometry":{"type":"LineString","coordinates":[[126.6897,72.2944],[126.4746,72.3526],[126.2025,72.3075],[125.786,72.3404],[125.4237,72.436],[124.9323,72.591],[124.6142,72.6646],[124.2215,72.6909],[123.8705,72.7668],[123.6067,72.7925],[123.1894,72.7734],[122.7519,72.9065]]}},
{"type":"Feature","properties":{"name":"Olenëk","rank":6,"min_zoom":5},"geometry":{"type":"LineString","coordinates":[[104.9569,67.5683],[105.3392,67.5137],[105.4678,67.57],[105.6652,67.5734],[105.814,67.4765],[105.9615,67.505],[106.1129,67.5943],[106.2831,67.5261],[106.2169,67.4401],[106.2852,67.375],[106.8716,67.3404],[107.3155,67.2693],[107.6183,67.2444],[107.78,67.2657],[108.0679,67.2389],[108.482,67.1642],[108.8505,67.1244],[109.2924,67.1305],[109.4475,67.1754],[109.7726,67.1659],[110.038,67.1966],[110.2567,67.3541],[110.6387,67.4599],[110.9544,67.5693],[110.9082,67.7865],[111.3308,67.9222],[111.5427,67.8983],[111.6407,67.8246],[111.9637,67.8629],[112.3359,67.8385],[112.2736,68.0023],[111.9803,68.1213],[112.2055,68.2108],[112.2539,68.3772],[112.1861,68.4947],[112.4342,68.5142],[112.8428,68.4866],[113.2092,68.4269],[113.5415,68.4321],[113.8395,68.502],[114.0479,68.5182],[114.339,68.4689],[114.6926,68.4811],[114.6421,68.3904],[114.7834,68.3681],[115.0638,68.405],[115.7045,68.5427],[115.7126,68.4852],[115.5101,68.4037],[115.5819,68.3468],[115.9469,68.2379],[115.8105,68.1938],[115.8721,68.124],[116.0702,68.0747],[116.1775,67.8951],[116.1792,67.761],[116.4403,67.7507],[116.6376,67.8624],[116.9941,67.8972],[116.9646,67.9585],[117.1215,68.0312],[117.4622,68.0944],[117.633,68.1686],[117.594,68.2342],[117.2243,68.3379],[117.0748,68.5039],[117.2916,68.5962],[117.4344,68.5726],[117.5678,68.4788],[117.7414,68.4694],[118.0702,68.6148],[118.0349,68.7635],[118.4339,68.7239],[118.8113,68.8509],[118.6366,68.9468],[118.4935,68.8815],[117.9613,68.962],[117.9387,69.0524],[118.3567,69.1202],[118.3304,69.2479],[118.3754,69.3818],[118.262,69.4556],[118.1872,69.6286],[118.7407,69.6961],[119.0263,69.7516],[119.3031,69.9379],[119.303,70.0817],[118.9089,70.3138],[119.2075,70.3125],[119.5577,70.3867],[119.8517,70.5337],[120.1504,70.5329],[120.8956,70.4971],[121.7273,70.5119],[122.1244,70.5344],[122.5115,70.6056],[122.5242,70.6722],[122.3069,70.7341],[122.3858,70.9226],[122.6149,71.2979],[123.0202,71.5029],[123.612,71.6684],[123.7429,71.7444],[123.6312,71.9354],[123.7016,72.0195],[123.4243,72.1463],[122.7994,72.3157],[122.2318,72.502],[121.7217,72.7054],[121.3555,72.7987],[120.9668,72.7989],[120.7448,72.8783],[120.1992,72.8943],[119.7504,72.9791]]}},
{"type":"Feature","properties":{"name":"Omo","rank":6,"min_zoom":5},"geometry":{"type":"LineString","coordinates":[[37.0319,9.1514],[37.0308,9.0524],[37.0671,8.9971],[37.1837,8.9072],[37.2038,8.8382],[37.1568,8.7414],[37.1661,8.6581],[37.4102,8.364],[37.5744,8.2277],[37.5996,8.1122],[37.5899,7.8774],[37.5268,7.6486],[37.4106,7.4258],[37.3772,7.2864],[37.5237,7.1835],[37.4517,7.072],[37.396,6.8927],[37.3,6.8206],[37.2474,6.7242],[37.1653,6.6592],[36.9832,6.6329],[36.8777,6.7063],[36.7537,6.7095],[36.5794,6.6346],[36.3549,6.4814],[36.2094,6.4148],[36.0851,6.4188],[36.0038,6.3055],[35.9548,6.1723],[35.9892,6.0284],[35.9782,5.8399],[35.9271,5.5532],[35.912,5.3909],[35.984,5.3444],[36.0655,5.3648],[36.1276,5.481],[36.1959,5.47],[36.1748,5.3442],[36.1922,5.2404],[36.0656,5.165],[36.0475,5.0428],[36.0867,4.9904],[36.0739,4.9136],[36.0091,4.8124],[35.9937,4.7061],[36.045,4.539]]}},
{"type":"Feature","properties":{"name":"Orange","rank":4,"min_zoom":4},"geometry":{"type":"MultiLineString","coordinates":[[[25.5061,-30.6121],[25.3441,-30.5604],[25.2121,-30.4731],[24.9778,-30.2631]],[[24.7308,-29.9792],[24.4894,-29.8183],[24.296,-29.6433],[24.1027,-29.5858],[23.9234,-29.4413],[23.8821,-29.3471],[23.7355,-29.23],[23.6275,-29.074],[23.5768,-29.1655],[23.4979,-29.2221],[23.4115,-29.203],[23.2801,-29.288],[23.1631,-29.3322],[23.0144,-29.4305],[22.9805,-29.5118],[22.8522,-29.558],[22.8123,-29.6688],[22.6377,-29.4927],[22.5072,-29.4027],[22.3499,-29.3428],[22.2665,-29.2676],[22.2089,-29.0609],[22.1219,-28.9182],[22.0564,-28.8536],[21.9082,-28.8255],[21.7446,-28.5445],[21.6616,-28.4401],[21.4863,-28.4003],[21.3621,-28.4175],[21.2356,-28.4937],[21.1066,-28.6289],[20.9703,-28.7139],[20.8268,-28.7485],[20.6022,-28.7474],[20.485,-28.692],[20.3524,-28.5934],[20.0573,-28.4527],[19.8778,-28.4494],[19.6714,-28.5039],[19.5398,-28.5746],[19.4829,-28.6617],[19.271,-28.7777],[19.2458,-28.9016],[19.1618,-28.9387],[19.0261,-28.9279],[18.8388,-28.8691],[18.6003,-28.8552],[18.3109,-28.8862],[18.1027,-28.8717],[17.9761,-28.8113],[17.8416,-28.7769],[17.6993,-28.7683],[17.448,-28.6981],[17.3478,-28.5012],[17.3857,-28.3532],[17.3121,-28.2286],[17.2046,-28.1988],[17.1494,-28.0823],[17.0563,-28.031],[16.9333,-28.0697],[16.8753,-28.1279],[16.8101,-28.2646],[16.7558,-28.4522],[16.6262,-28.4879],[16.4476,-28.6175]],[[29.0575,-29.0818],[29.0169,-29.2175],[28.9582,-29.2766],[28.8088,-29.3587],[28.7215,-29.5498],[28.7622,-29.6119],[28.7533,-29.8507],[28.6665,-29.9095],[28.6862,-29.9839],[28.5673,-30.038],[28.4544,-30.0447],[28.3249,-30.0006],[28.2089,-30.0061],[28.0255,-30.0488],[27.9245,-30.1013],[27.8354,-30.2497],[27.7445,-30.2568],[27.6976,-30.339],[27.5907,-30.3856],[27.3896,-30.3262],[27.2829,-30.4758],[27.082,-30.5218],[26.9879,-30.609],[26.7959,-30.6777],[26.5811,-30.6499],[26.401,-30.5646],[26.2465,-30.5557],[26.1026,-30.5003],[25.9718,-30.5454]]]}},
{"type":"Feature","properties":{"name":"Ord","rank":6,"min_zoom":5},"geometry":{"type":"MultiLineString","coordinates":[[[127.5781,-17.6232],[127.9292,-17.4629],[128.1569,-17.523],[128.2581,-17.58],[128.3088,-17.654],[128.3982,-17.7058],[128.5023,-17.653],[128.6678,-17.5375],[128.7894,-17.4315],[128.8673,-17.3351],[128.8732,-17.1023],[128.697,-16.9309],[128.6978,-16.8281],[128.7341,-16.7885]],[[128.737,-16.1336],[128.7014,-16.032],[128.7438,-15.9289],[128.7472,-15.802],[128.7118,-15.6514],[128.6118,-15.5634],[128.4472,-15.538],[128.346,-15.4945],[128.2546,-15.2985]]]}},
{"type":"Feature","properties":{"name":"Orinoco","rank":3,"min_zoom":3},"geometry":{"type":"MultiLineString","coordinates":[[[-63.4359,2.3741],[-63.6405,2.3124],[-63.8491,2.1564],[-63.9908,2.1527],[-64.2785,2.2654],[-64.408,2.2923],[-64.475,2.271],[-64.6797,2.3258],[-65.022,2.4564],[-65.1961,2.5873],[-65.2022,2.7183],[-65.246,2.8178],[-65.3929,2.9659],[-65.49,3.1174],[-65.613,3.1516],[-65.7722,3.1418],[-65.9421,3.1623],[-66.0111,3.1302],[-66.0358,3.0524],[-66.1287,3.0241],[-66.2897,3.0455],[-66.4134,3.0913],[-66.4999,3.1614],[-66.6454,3.4202],[-66.8006,3.6063],[-66.9462,3.706],[-67.0016,3.7915],[-67.0154,3.8962],[-67.1155,3.9478],[-67.3021,3.9462],[-67.4796,3.9807],[-67.7323,4.0865],[-67.7832,4.1982],[-67.7954,4.3807],[-67.8553,4.5069],[-67.8553,4.6655],[-67.8143,4.9308],[-67.8042,5.1325],[-67.8249,5.2705],[-67.7884,5.3755],[-67.6946,5.4475],[-67.6423,5.5588],[-67.6313,5.7094],[-67.5752,5.8331],[-67.4739,5.93],[-67.4394,6.0255],[-67.4716,6.1198],[-67.4225,6.2023],[-67.4003,6.2398],[-67.2254,6.3857],[-67.1189,6.5568],[-67.062,6.8514],[-67.0712,7.0332],[-66.9594,7.1511],[-66.7296,7.2656],[-66.5635,7.3958],[-66.461,7.5417],[-66.2973,7.6288],[-66.0723,7.6572],[-65.912,7.7138],[-65.7686,7.841],[-65.6406,7.8925],[-65.518,7.9008],[-65.2206,7.8572],[-65.0042,7.7711],[-64.8872,7.668],[-64.8376,7.6705],[-64.59,7.7596],[-64.5099,7.8244],[-64.531,7.9785],[-64.3953,8.0057],[-64.2875,8.0654],[-64.2216,8.0569],[-64.1141,7.9805],[-63.9931,7.9739],[-63.8494,8.0915],[-63.7275,8.1357],[-63.5583,8.1453],[-63.3989,8.191],[-63.2495,8.2726],[-63.1009,8.3036],[-62.9531,8.2839],[-62.7911,8.3339],[-62.6148,8.4535],[-62.4293,8.5533],[-62.2347,8.6331],[-62.152,8.642]],[[-62.152,8.642],[-62.0923,8.6485],[-62.0021,8.5995],[-61.8803,8.5821],[-61.6187,8.5975],[-61.3949,8.7742],[-61.0988,8.9413]],[[-62.0633,9.0363],[-62.0773,8.9753],[-62.0255,8.8958],[-62.0388,8.8278],[-62.152,8.642]],[[-61.736,9.6312],[-61.8485,9.2886],[-61.9239,9.1515],[-62.0633,9.0363]],[[-62.2998,9.7882],[-62.4142,9.5621],[-62.3882,9.4211],[-62.2771,9.2448],[-62.1803,9.1342],[-62.0633,9.0363]]]}},
{"type":"Feature","properties":{"name":"Ottawa","rank":6,"min_zoom":5},"geometry":{"type":"MultiLineString","coordinates":[[[-76.9025,45.8924],[-76.8237,45.8797],[-76.6666,45.6426],[-76.5531,45.5421],[-76.4134,45.4963],[-76.2699,45.4839],[-76.1226,45.5049],[-76.0006,45.4836],[-75.904,45.4202],[-75.6261,45.4508],[-75.1671,45.5753],[-74.8642,45.6422],[-74.5772,45.6322],[-74.3151,45.5311]],[[-77.3713,46.0628],[-77.2722,45.9543],[-77.1549,45.9117],[-76.9021,45.8924]],[[-77.6827,46.1867],[-77.373,46.0637]],[[-77.6827,46.1867],[-77.6821,46.1866]],[[-77.684,46.1872],[-77.6827,46.1867]],[[-79.1655,46.8272],[-79.0146,46.6065],[-78.781,46.3934],[-78.4605,46.3069],[-77.6827,46.1867]]]}},
{"type":"Feature","properties":{"name":"Ouham","rank":6,"min_zoom":5},"geometry":{"type":"LineString","coordinates":[[15.3226,6.4619],[15.3985,6.3418],[15.4962,6.3247],[15.7137,6.3933],[15.7898,6.4609],[15.9081,6.4901],[15.9597,6.4374],[16.0009,6.3275],[16.0751,6.2697],[16.182,6.2641],[16.2764,6.3018],[16.3581,6.3829],[16.4137,6.4973],[16.4739,6.5603],[16.6629,6.6708],[16.774,6.6093],[16.857,6.5135],[16.9328,6.4723],[17.082,6.4751],[17.1745,6.4406],[17.2807,6.4481],[17.4009,6.4974],[17.6047,6.5151],[17.7087,6.5584],[17.8206,6.6496],[17.9003,6.7721],[17.9475,6.9261],[18.0016,7.0228],[18.1274,7.1395],[18.2755,7.3621],[18.22,7.4569],[18.1452,7.4896],[17.9844,7.4694],[17.8774,7.5481],[17.7823,7.5613],[17.7491,7.6114],[17.778,7.6982],[17.7677,7.8259],[17.7183,7.9947],[17.6988,8.1275],[17.7091,8.2242],[17.7701,8.3685],[17.8816,8.5604],[17.9449,8.7441],[17.9599,8.9196],[17.9916,9.0108],[18.0975,9.0561],[18.2068,9.2002],[18.2349,9.3158]]}},
{"type":"Feature","properties":{"name":"Pamir","rank":5,"min_zoom":4.7},"geometry":{"type":"LineString","coordinates":[[73.6046,37.4461],[73.3829,37.4623],[73.2112,37.4085],[72.8955,37.2675],[72.7571,37.1727],[72.6574,37.0291]]}},
{"type":"Feature","properties":{"name":"Panama Canal","rank":6,"min_zoom":5},"geometry":{"type":"MultiLineString","coordinates":[[[-79.6905,9.1036],[-79.566,8.9679],[-79.5517,8.9244]],[[-79.9233,9.2674],[-79.9151,9.3613]]]}},
{"type":"Feature","properties":{"name":"Panj","rank":5,"min_zoom":4.7},"geometry":{"type":"LineString","coordinates":[[72.6574,37.0291],[72.3588,36.9829],[72.1535,36.9005],[71.8021,36.6943],[71.6656,36.6969],[71.5975,36.7329],[71.5309,36.8451],[71.4329,37.1276],[71.505,37.6029],[71.5804,37.8643],[71.5519,37.9331],[71.3897,37.9063],[71.2785,37.9184],[71.3327,38.1703],[71.2559,38.307],[71.0522,38.4179],[70.8789,38.4564],[70.7359,38.4226],[70.6158,38.3344],[70.4177,38.0755],[70.2147,37.9244],[70.255,37.7654],[70.2515,37.6642],[70.1887,37.5825],[70.0447,37.5472],[69.9406,37.6003],[69.6258,37.594],[69.4921,37.5531],[69.4201,37.4867],[69.3992,37.3993],[69.4297,37.2909],[69.4145,37.2078],[69.2648,37.1084],[68.9605,37.3251],[68.8554,37.3168],[68.7821,37.258],[68.6692,37.2584],[68.5465,37.1835],[68.3869,37.1375],[68.2121,37.0215]]}},
{"type":"Feature","properties":{"name":"Paraiba","rank":6,"min_zoom":5},"geometry":{"type":"MultiLineString","coordinates":[[[-45.0493,-23.0493],[-45.5055,-23.3094],[-45.6056,-23.3509],[-45.8498,-23.3544],[-46.0207,-23.3752],[-45.941,-23.1975],[-45.8611,-23.1266],[-45.6662,-23.0382],[-45.5652,-22.952],[-45.4465,-22.8927],[-45.31,-22.8602],[-45.1666,-22.7729],[-45.0163,-22.6311],[-44.8629,-22.5472],[-44.7064,-22.5211],[-44.5925,-22.5375],[-44.3615,-22.4347],[-44.2558,-22.4258],[-44.2051,-22.4897],[-43.9891,-22.4977],[-43.852,-22.4383],[-43.6293,-22.2987],[-43.4246,-22.1959],[-43.1444,-22.0966]],[[-43.1382,-22.0966],[-42.2804,-21.7136],[-41.9908,-21.6005],[-41.8547,-21.5817],[-41.6842,-21.6315],[-41.5813,-21.6181],[-41.467,-21.6457],[-41.3414,-21.7143],[-41.2134,-21.7143],[-41.0216,-21.6108]]]}},
{"type":"Feature","properties":{"name":"Paranaíba","rank":4,"min_zoom":4},"geometry":{"type":"MultiLineString","coordinates":[[[-46.3139,-19.1707],[-46.5607,-18.8522],[-46.5169,-18.7931],[-46.5399,-18.7101],[-46.5349,-18.5644],[-46.5864,-18.448],[-46.6972,-18.3547],[-46.8672,-18.2844],[-46.9916,-18.2585],[-47.0706,-18.2768],[-47.1516,-18.228],[-47.2348,-18.112],[-47.3189,-18.0832],[-47.4465,-18.1707]],[[-48.0179,-18.4344],[-48.227,-18.3403]],[[-49.1084,-18.3884],[-49.1793,-18.4048],[-49.3365,-18.5849],[-49.4168,-18.6027],[-49.4883,-18.5221],[-49.5533,-18.5101],[-49.6781,-18.6001],[-49.7888,-18.6145]]]}},
{"type":"Feature","properties":{"name":"Paraná","rank":2,"min_zoom":2.1},"geometry":{"type":"MultiLineString","coordinates":[[[-59.1816,-33.8059],[-59.0818,-33.8217],[-58.9336,-33.8843],[-58.737,-33.9938],[-58.5907,-34.0382],[-58.4295,-33.9909]],[[-60.3897,-33.1734],[-60.2818,-33.2594],[-59.8545,-33.5339],[-59.5478,-33.6837],[-59.362,-33.7087],[-59.1816,-33.8059]],[[-60.3897,-33.1734],[-60.111,-33.2488],[-59.9475,-33.2679],[-59.8229,-33.2503],[-59.6643,-33.3153],[-59.4716,-33.4628],[-59.328,-33.6041],[-59.1816,-33.8059]],[[-60.391,-33.1731],[-60.3897,-33.1734]],[[-58.6048,-27.3144],[-58.8162,-27.4379],[-58.8776,-27.512],[-58.8239,-27.7182],[-58.8616,-27.9711],[-58.9298,-28.0764],[-59.035,-28.1423],[-59.0875,-28.2882],[-59.0872,-28.5142],[-59.1221,-28.7349],[-59.2052,-29.0322],[-59.2557,-29.0834],[-59.4404,-29.1704],[-59.5293,-29.2503],[-59.6055,-29.4952],[-59.6504,-29.7299],[-59.6536,-29.8977],[-59.6148,-29.9987],[-59.614,-30.1104],[-59.651,-30.2328],[-59.6285,-30.4206],[-59.6384,-30.6694],[-59.7378,-30.83],[-60.0635,-31.2696],[-60.3015,-31.5542],[-60.4476,-31.6659],[-60.5811,-31.6994],[-60.6659,-31.7677],[-60.7055,-31.9591],[-60.6781,-32.1357],[-60.757,-32.5174],[-60.7443,-32.6454],[-60.6985,-32.7795],[-60.5406,-33.0532],[-60.3897,-33.1734]],[[-54.6106,-25.4327],[-54.6319,-26.0058],[-54.6777,-26.3088],[-54.7551,-26.5329],[-54.8255,-26.6522],[-54.9345,-26.7025],[-55.0136,-26.8067],[-55.0889,-26.8445],[-55.1359,-26.9311],[-55.3458,-26.9732],[-55.4267,-27.0093],[-55.4967,-27.1153],[-55.5972,-27.2076],[-55.6329,-27.3571],[-55.7146,-27.4148],[-55.79,-27.4164],[-55.9515,-27.3257],[-56.1641,-27.3215],[-56.3105,-27.4388],[-56.3705,-27.5374],[-56.4371,-27.5538],[-56.5105,-27.4879],[-56.6034,-27.4678],[-56.7157,-27.4938],[-56.8717,-27.4406],[-56.974,-27.4358],[-57.1118,-27.4701],[-57.3913,-27.4304],[-57.8122,-27.3166],[-58.1683,-27.2734],[-58.6048,-27.3144]],[[-53.786,-23.3333],[-53.9075,-23.4069],[-53.9955,-23.5702],[-54.0501,-23.8229],[-54.1247,-23.9784],[-54.2669,-24.0659],[-54.0665,-24.0043],[-53.9899,-23.8376],[-53.9157,-23.5767],[-53.8578,-23.4234],[-53.786,-23.3333]],[[-52.9608,-22.4548],[-53.1163,-22.64],[-53.2723,-22.7519],[-53.4808,-22.8524],[-53.6201,-23.001],[-53.6902,-23.198],[-53.786,-23.3333]],[[-51.3968,-20.4414],[-51.5343,-20.5577],[-51.5931,-20.6665],[-51.6191,-20.8068],[-51.6919,-20.9438],[-51.8115,-21.0772],[-51.8664,-21.1826],[-51.8729,-21.3297],[-51.9364,-21.4228]],[[-50.4897,-19.0204],[-50.5316,-19.0871],[-50.7133,-19.1605],[-50.8438,-19.3108],[-50.8808,-19.4592],[-50.9642,-19.5113],[-50.9975,-19.6676]],[[-55.0753,-14.3194],[-55.4325,-14.3574],[-55.8003,-14.5488],[-56.0061,-14.6352],[-56.1725,-14.6803],[-56.3159,-14.7781],[-56.4363,-14.9282],[-56.4968,-15.0369],[-56.4973,-15.1039],[-56.444,-15.1713],[-56.3366,-15.239],[-56.2746,-15.3276],[-56.2581,-15.4372],[-56.2055,-15.5308],[-56.1169,-15.6085],[-56.0888,-15.6802],[-56.122,-15.8453],[-55.9772,-15.9518],[-55.8896,-16.0685],[-55.9632,-16.1946],[-55.9651,-16.3622],[-56.1338,-16.4532],[-56.2731,-16.483],[-56.3821,-16.565],[-56.461,-16.6991],[-56.6204,-16.8723],[-56.6267,-16.9926],[-56.5897,-17.0672],[-56.7899,-17.386],[-56.8875,-17.5179],[-56.9802,-17.5947],[-57.0797,-17.7343],[-57.1985,-17.8124],[-57.3699,-17.8757],[-57.4323,-18.045],[-57.3859,-18.3206],[-57.407,-18.4966],[-57.4956,-18.5732],[-57.5489,-18.6639],[-57.567,-18.7688],[-57.6676,-18.8727],[-57.6685,-18.9775],[-57.5882,-19.0186],[-57.3653,-19.0704],[-57.304,-19.2326],[-57.3091,-19.3514],[-57.408,-19.4852],[-57.4131,-19.587],[-57.5224,-19.6967],[-57.6064,-19.7209],[-57.7112,-19.8615],[-57.8347,-19.9699],[-58.1494,-20.1774],[-58.1476,-20.2497],[-58.0318,-20.3901],[-57.9879,-20.4979],[-57.9657,-20.6869],[-57.8742,-20.85],[-57.8912,-20.9175],[-57.8224,-21.0085],[-57.8306,-21.1187],[-57.8874,-21.2496],[-57.8684,-21.3167],[-57.9265,-21.4638],[-57.9098,-21.6433],[-57.9176,-21.7889],[-57.9813,-22.0904],[-57.9697,-22.2152],[-57.8616,-22.3557],[-57.8139,-22.4553],[-57.7882,-22.5888],[-57.8165,-22.6707],[-57.9034,-22.7514],[-57.8295,-22.8217],[-57.7903,-22.9803],[-57.7132,-23.0843],[-57.5605,-23.2102],[-57.4758,-23.3483],[-57.4589,-23.4986],[-57.4069,-23.6132],[-57.3196,-23.6921],[-57.2929,-23.7795],[-57.3269,-23.8754],[-57.2987,-23.9718],[-57.1722,-24.1322],[-57.1703,-24.2235],[-57.0796,-24.4029],[-57.0843,-24.5469],[-57.1304,-24.6395],[-57.1244,-24.7239],[-57.2172,-24.8566],[-57.2119,-24.9611],[-57.3882,-25.08],[-57.4985,-25.11],[-57.6352,-25.2448],[-57.6439,-25.3284],[-57.5872,-25.4051],[-57.5717,-25.5342],[-57.7548,-25.6971],[-57.7825,-25.7837],[-57.8652,-25.9069],[-57.8906,-26.0066],[-58.0824,-26.1386],[-58.1815,-26.3074],[-58.203,-26.3815],[-58.1913,-26.63],[-58.2456,-26.731],[-58.3177,-26.7959],[-58.3226,-26.8576],[-58.4852,-26.9684],[-58.5477,-27.084],[-58.6418,-27.1961],[-58.6048,-27.3144]]]}},
{"type":"Feature","properties":{"name":"Peace","rank":2,"min_zoom":2.1},"geometry":{"type":"MultiLineString","coordinates":[[[-122.2217,56.0212],[-122.0483,55.9738],[-121.8261,56.091],[-121.365,56.2401],[-121.0394,56.2383],[-120.6539,56.1597],[-120.3886,56.1209],[-120.2435,56.1217],[-119.7346,56.18],[-119.1447,56.3159],[-118.9778,56.267],[-118.8692,56.0172],[-118.7158,55.9562],[-118.4487,55.9336],[-118.0679,55.9493],[-117.7391,56.0225],[-117.4625,56.1533],[-117.2731,56.2882],[-117.1709,56.4273],[-117.1432,56.6157],[-117.3186,56.8433],[-117.2191,57.0327],[-117.2127,57.117],[-117.0972,57.2291],[-117.1333,57.3088],[-117.0826,57.4168],[-117.1046,57.5072],[-117.0539,57.5998],[-117.1064,57.7515],[-117.0826,57.8864],[-117.1165,58.0245],[-116.9564,58.0992],[-116.5918,58.1147],[-116.6435,58.2916],[-116.4546,58.2594],[-116.2709,58.3633],[-116.0028,58.4503],[-115.7666,58.4391],[-115.4353,58.3824],[-115.1692,58.3595],[-114.9684,58.3705],[-114.6943,58.444],[-114.347,58.5801],[-114.0859,58.6637],[-113.8234,58.7102]],[[-113.7135,58.6693],[-113.2708,58.7793],[-113.127,58.8324],[-113.1008,58.8888],[-112.9435,58.9582],[-112.8531,59.0536],[-112.6922,59.1521],[-112.5282,59.1433],[-112.2775,59.0918],[-111.9312,59.0698],[-112.0591,58.9631],[-111.5394,58.9266],[-111.4108,59.0051]]]}},
{"type":"Feature","properties":{"name":"Pechora","rank":4,"min_zoom":4},"geometry":{"type":"MultiLineString","coordinates":[[[59.287,62.0575],[59.076,62.0219],[58.8899,62.0571],[58.7774,61.996],[58.4377,62.0732],[58.2338,62.0666],[58.0275,61.9883],[57.8789,61.8399],[57.4119,61.7201],[57.2287,61.6988],[57.0093,61.7278],[56.8419,61.8156],[56.796,61.9843],[56.6409,62.1002],[56.7262,62.3438],[56.7065,62.4895],[56.6254,62.5953],[56.483,62.6614],[56.2574,62.7147],[56.2009,62.8842],[55.9363,63.1602],[56.4187,63.3127],[56.5408,63.4423],[56.4668,63.5386],[56.6391,63.661],[56.7117,63.763],[56.944,63.8393],[57.4695,63.9123],[57.6028,64.0899],[57.5588,64.1975],[57.6383,64.3252],[57.7727,64.4111],[57.844,64.8057],[57.6081,64.908],[57.5026,64.9876],[57.2563,65.06],[57.2025,65.1374],[57.068,65.1469],[57.0161,65.2413],[57.047,65.4205],[56.9674,65.5677],[56.7774,65.6828],[56.7442,65.7891],[56.8374,65.9708],[56.6212,66.1216],[56.4912,66.2574],[56.2833,66.3254],[55.7625,66.3016],[55.2639,66.1419],[55.1709,66.0647],[55.0927,65.9097],[54.8363,65.752],[54.5878,65.6864],[54.3146,65.5164],[54.1032,65.4579],[53.8216,65.449],[53.1935,65.3327],[52.6699,65.3573],[52.3267,65.4082],[52.1534,65.4664],[52.2393,65.7587],[52.5671,66.0197],[52.5074,66.111],[52.4512,66.3538],[52.5041,66.4744],[52.4838,66.599],[52.3734,66.7104],[52.3537,66.8314],[52.3805,67.1148],[52.1687,67.2597],[52.136,67.3585],[52.2342,67.4302],[52.1279,67.5572],[52.247,67.6141],[52.6275,67.6991]],[[52.6275,67.6991],[53.1067,67.8643]],[[52.6275,67.6991],[53.0247,67.6836],[53.1842,67.7337],[53.2914,67.8236],[53.5138,67.9109],[53.8517,67.9955],[54.0671,68.0807],[54.2329,68.2663]],[[53.1067,67.8643],[53.2147,67.9327],[53.0273,68.0107],[53.2619,68.2704]],[[53.9136,68.2312],[53.7492,68.1751],[53.4945,67.9867],[53.1067,67.8643]]]}},
{"type":"Feature","properties":{"name":"Pend Oreille","rank":6,"min_zoom":5},"geometry":{"type":"LineString","coordinates":[[-117.6818,49.0152],[-117.414,49.0271],[-117.3367,49.0069],[-117.3394,48.9051],[-117.3912,48.7534],[-117.3627,48.6446],[-117.2782,48.5267],[-117.2387,48.3299],[-117.1224,48.2414],[-116.9005,48.1817],[-116.7614,48.1778],[-116.6499,48.2545],[-116.5695,48.2498]]}},
{"type":"Feature","properties":{"name":"Pilcomayo","rank":6,"min_zoom":5},"geometry":{"type":"LineString","coordinates":[[-66.4444,-19.3699],[-66.3867,-19.3075],[-66.3843,-19.2302],[-66.2967,-19.1655],[-66.2068,-19.206],[-66.0892,-19.3177],[-65.9797,-19.3656],[-65.8274,-19.342],[-65.778,-19.2496],[-65.5819,-19.1196],[-65.4648,-19.1426],[-65.2524,-19.3276],[-65.078,-19.3772],[-64.9727,-19.3728],[-64.8397,-19.545],[-64.6789,-19.8936],[-64.5895,-20.1572],[-64.5717,-20.3358],[-64.4988,-20.4406],[-64.3708,-20.4717],[-64.2741,-20.5864],[-64.2086,-20.7846],[-64.132,-20.8989],[-64.0444,-20.9292],[-63.9745,-21.002],[-63.9224,-21.1173],[-63.8429,-21.1759],[-63.7359,-21.178],[-63.5525,-21.2418],[-63.2926,-21.3672],[-63.1222,-21.4662],[-62.9774,-21.6327],[-62.8151,-22.0496],[-62.7446,-22.1598],[-62.6653,-22.218],[-62.626,-22.2905],[-62.3725,-22.4391],[-62.2142,-22.6124],[-62.0666,-22.8695],[-61.928,-23.0593],[-61.6795,-23.2687],[-61.571,-23.3194],[-61.5055,-23.392],[-61.2084,-23.5571],[-61.0847,-23.6565],[-61.0329,-23.7557],[-60.8398,-23.8581],[-60.5053,-23.9636],[-60.2622,-24.014],[-60.1103,-24.0092],[-59.8925,-24.0936],[-59.6086,-24.2668],[-59.4354,-24.387],[-59.3729,-24.454],[-59.1873,-24.5623],[-58.724,-24.7867],[-58.5197,-24.8429],[-58.3654,-24.9593],[-58.1365,-24.9771],[-57.9598,-25.0492],[-57.8217,-25.1364],[-57.6439,-25.3284]]}},
{"type":"Feature","properties":{"name":"Pit","rank":6,"min_zoom":5},"geometry":{"type":"LineString","coordinates":[[-120.4294,41.709],[-120.4573,41.5581],[-120.5142,41.498],[-120.6792,41.451],[-120.9713,41.3969],[-121.1155,41.2894],[-121.1303,41.0234],[-121.2227,40.9771],[-121.3473,41.0419],[-121.4959,40.9998],[-121.6005,41.0203],[-121.8292,40.9855],[-121.9324,41.0199],[-121.9814,40.8545],[-122.0947,40.7835]]}},
{"type":"Feature","properties":{"name":"Po","rank":6,"min_zoom":5},"geometry":{"type":"LineString","coordinates":[[7.1102,44.706],[7.3256,44.6648],[7.4235,44.6869],[7.5018,44.7945],[7.6193,44.849],[7.6775,45.0407],[7.7306,45.129],[7.8243,45.1899],[7.9759,45.2198],[8.36,45.1992],[8.4997,45.1611],[8.6441,45.054],[8.8078,45.0536],[9.2245,45.1405],[9.505,45.0934],[9.607,45.1291],[9.6987,45.0862],[9.9605,45.1299],[10.0504,45.0602],[10.3171,45.0027],[10.4906,44.9348],[10.6277,44.9528],[10.6715,45.0282],[10.8707,45.0722],[11.1885,45.0645],[11.3124,45.029],[11.3919,44.968],[11.5745,44.9056],[11.6839,44.9175],[11.8695,44.9852],[12.085,45.0199],[12.1989,45.013],[12.3772,44.9607],[12.5234,44.968]]}},
{"type":"Feature","properties":{"name":"Porcupine","rank":6,"min_zoom":5},"geometry":{"type":"LineString","coordinates":[[-139.8109,65.6496],[-139.6974,65.8109],[-139.6977,65.9333],[-139.6094,65.9888],[-139.3063,65.9985],[-139.0662,66.0556],[-138.7355,66.3804],[-138.5544,66.5114],[-138.3794,66.57],[-138.0678,66.7681],[-137.8863,66.7872],[-137.8009,66.9017],[-137.4988,67.0029],[-137.6389,67.1796],[-137.8158,67.3387],[-137.7857,67.442],[-138.1028,67.5047],[-138.3346,67.5813],[-138.5988,67.58],[-138.67,67.6536],[-139.2866,67.5479],[-139.8257,67.574],[-140.1088,67.5377],[-140.3563,67.4709],[-141.1029,67.4094],[-141.617,67.2897],[-141.7419,67.1619],[-142.0547,67.1641],[-142.1814,67.2205],[-142.5648,67.0536],[-142.861,66.9977],[-143.457,66.988],[-143.7809,66.9019],[-144.0411,66.7975],[-144.5753,66.7583],[-144.9111,66.6487],[-145.1974,66.6451],[-145.4534,66.5866]]}},
{"type":"Feature","properties":{"name":"Potomac","rank":6,"min_zoom":5},"geometry":{"type":"LineString","coordinates":[[-78.3254,39.6392],[-78.1811,39.6857],[-78.0272,39.6312],[-77.8833,39.6107],[-77.7981,39.5173],[-77.739,39.3543],[-77.5342,39.2656],[-77.4789,39.2209],[-77.4809,39.113],[-77.3011,39.0534],[-77.1903,38.969],[-77.0304,38.8893]]}},
{"type":"Feature","properties":{"name":"Purari","rank":6,"min_zoom":5},"geometry":{"type":"LineString","coordinates":[[143.492,-5.9382],[143.6388,-6.2945],[143.6385,-6.3873],[143.7686,-6.5361],[143.878,-6.5893],[144.0099,-6.6172],[144.1243,-6.5969],[144.2211,-6.5281],[144.3629,-6.4851],[144.494,-6.5698],[144.7573,-6.8005],[144.8309,-6.9139],[144.9589,-6.9292],[144.9844,-6.9917],[145.1914,-7.0266],[145.2651,-7.0782],[145.3016,-7.1665],[145.3009,-7.2914],[145.2571,-7.3606],[145.1702,-7.374],[145.1013,-7.4731],[145.1949,-7.6076],[145.2148,-7.6868],[145.1944,-7.8411]]}},
{"type":"Feature","properties":{"name":"Purús","rank":6,"min_zoom":5},"geometry":{"type":"LineString","coordinates":[[-72.426,-10.8448],[-72.3492,-10.9067],[-72.2207,-10.9014],[-71.9121,-10.8236],[-71.8013,-10.7178],[-71.6892,-10.6619],[-71.5388,-10.6209],[-71.3805,-10.5432],[-71.2143,-10.4289],[-71.1364,-10.3556],[-71.0367,-10.1798],[-71.0128,-10.043],[-70.9292,-9.9123],[-70.7856,-9.7879],[-70.7079,-9.6956],[-70.6588,-9.5953],[-70.5503,-9.5144],[-70.5205,-9.4125],[-70.4547,-9.3297],[-70.3529,-9.2659],[-70.2907,-9.1656],[-70.1001,-9.0832],[-69.9942,-9.077],[-69.8472,-9.1003],[-69.764,-9.0467],[-69.6163,-9.059],[-69.5414,-9.0002],[-69.4193,-8.9637],[-69.3228,-8.8737],[-69.1876,-8.7984],[-69.0137,-8.7377],[-68.9229,-8.7312],[-68.8671,-8.7705],[-68.711,-8.7952],[-68.6338,-8.8825],[-68.5879,-9.006],[-68.4717,-9.0596],[-68.2925,-9.0459],[-68.1828,-9.0663],[-68.105,-9.0439],[-67.9241,-8.9467],[-67.5178,-8.7772],[-67.3775,-8.6816],[-67.3679,-8.6031],[-67.4046,-8.5354],[-67.4096,-8.4247],[-67.355,-8.38],[-67.3417,-8.2544],[-67.2641,-8.1494],[-67.2488,-8.014],[-67.201,-7.9387],[-67.0897,-7.8435],[-67.0447,-7.7752],[-66.9231,-7.6716],[-66.8434,-7.6531],[-66.7188,-7.6731],[-66.6622,-7.6213],[-66.5465,-7.6263],[-66.4534,-7.5411],[-66.3738,-7.5095],[-66.2983,-7.5784],[-66.1953,-7.5869],[-66.165,-7.6382],[-66.0192,-7.6956],[-65.9572,-7.6748],[-65.6733,-7.6908],[-65.6197,-7.6457],[-65.4504,-7.5963],[-65.3665,-7.4935],[-65.2295,-7.4114],[-65.1522,-7.3997],[-65.1473,-7.3274],[-64.9895,-7.3116],[-64.9327,-7.2496],[-64.8713,-7.2758],[-64.7903,-7.2518],[-64.6896,-7.1778],[-64.5841,-7.0487],[-64.6362,-6.929],[-64.5803,-6.8477],[-64.5955,-6.7695],[-64.5522,-6.7021],[-64.4951,-6.7002],[-64.4147,-6.6004],[-64.3451,-6.5666],[-64.298,-6.4739],[-64.2609,-6.2462],[-64.3042,-6.0248],[-64.3569,-5.9343],[-64.4535,-5.8671],[-64.3919,-5.7279],[-64.3113,-5.6646],[-64.2919,-5.5983],[-64.1808,-5.603],[-64.1237,-5.6523],[-64.0752,-5.6048],[-63.9267,-5.5904],[-63.8106,-5.6902],[-63.6572,-5.7023],[-63.6242,-5.7883],[-63.5416,-5.7996],[-63.4797,-5.7545],[-63.3825,-5.7616],[-63.1908,-5.6554],[-63.1219,-5.7165],[-63.0516,-5.7072],[-63.0633,-5.6222],[-63.0025,-5.56],[-62.98,-5.4728],[-62.8561,-5.4299],[-62.8296,-5.392],[-62.8433,-5.1535],[-62.7851,-5.1056],[-62.7484,-4.9676],[-62.6166,-4.937],[-62.5888,-4.8745],[-62.4731,-4.8368],[-62.476,-4.7757],[-62.3931,-4.7134],[-62.2139,-4.7157],[-62.1146,-4.6644],[-62.0334,-4.5899],[-62.023,-4.4441],[-61.9207,-4.4148],[-61.8544,-4.3237],[-61.6806,-4.2479],[-61.5644,-4.1455],[-61.4412,-3.9726],[-61.4055,-3.8321],[-61.4675,-3.676]]}},
{"type":"Feature","properties":{"name":"Pánuco","rank":6,"min_zoom":5},"geometry":{"type":"LineString","coordinates":[[-98.5899,21.9812],[-98.4708,21.9653],[-98.3756,22.0406],[-98.2171,22.1019],[-98.1392,22.0561],[-97.9655,22.2092],[-97.8705,22.2193],[-97.7824,22.2793]]}},
{"type":"Feature","properties":{"name":"Quan","rank":4,"min_zoom":4},"geometry":{"type":"LineString","coordinates":[[109.5286,23.7964],[109.5428,23.729],[109.6286,23.6884],[109.6631,23.5747],[109.7964,23.4536],[109.8998,23.4302],[110.021,23.4517],[110.0893,23.4049]]}},
{"type":"Feature","properties":{"name":"R. des Outaouais","rank":6,"min_zoom":5},"geometry":{"type":"MultiLineString","coordinates":[[[-76.8193,47.5174],[-76.9348,47.4876]],[[-77.322,47.5735],[-77.4568,47.5561]],[[-78.8128,47.6564],[-78.9874,47.554],[-79.2253,47.5858],[-79.4958,47.5769]],[[-77.5445,47.6707],[-77.5273,47.7443]],[[-77.5673,47.8298],[-77.7287,47.7328],[-77.8344,47.7276],[-77.933,47.7902],[-78.1274,47.6882],[-78.2463,47.722],[-78.4144,47.8151],[-78.4448,47.903],[-78.5703,47.9385],[-78.6979,47.8881],[-78.7241,47.6837]]]}},
{"type":"Feature","properties":{"name":"Rainy","rank":6,"min_zoom":5},"geometry":{"type":"MultiLineString","coordinates":[[[-93.3768,48.6172],[-93.4636,48.5613],[-93.7077,48.5255],[-93.8516,48.6073],[-94.0552,48.659],[-94.4142,48.7041],[-94.6209,48.7426],[-94.7126,48.863]],[[-91.6295,48.8652],[-91.6588,48.7919],[-91.9346,48.7511],[-92.1324,48.7872],[-92.3214,48.7702],[-92.779,48.678]],[[-90.5035,49.3291],[-90.6133,49.2193],[-90.6373,49.0864],[-90.9567,49.032],[-91.1225,48.9729],[-91.3191,48.8282]]]}},
{"type":"Feature","properties":{"name":"Rhein","rank":4,"min_zoom":4},"geometry":{"type":"MultiLineString","coordinates":[[[8.7508,46.6763],[9.0456,46.7578],[9.4156,46.8346]],[[9.4088,46.8346],[9.5168,46.9068],[9.4843,47.1727],[9.6091,47.3918],[9.6259,47.467],[9.5544,47.5112]],[[9.1275,47.6707],[9.1828,47.6707]]]}},
{"type":"Feature","properties":{"name":"Rhin","rank":4,"min_zoom":4},"geometry":{"type":"LineString","coordinates":[[8.8811,47.6564],[8.7002,47.6863],[8.5797,47.5947],[8.4823,47.5762],[8.1983,47.6069],[7.9271,47.5638],[7.6981,47.5699],[7.5655,47.6066],[7.5386,47.7736],[7.5933,47.9057],[7.5842,48.0643],[7.7057,48.2801],[7.838,48.6361],[8.23,48.9654]]}},
{"type":"Feature","properties":{"name":"Rhine","rank":4,"min_zoom":4},"geometry":{"type":"LineString","coordinates":[[8.23,48.9654],[8.4173,49.214],[8.4982,49.3974],[8.3808,49.6112],[8.4368,49.7672],[8.3574,49.9114],[8.2434,50.0231],[7.9616,49.9907],[7.8032,50.0421],[7.6068,50.2224],[7.6288,50.3238],[7.5566,50.4001],[7.3437,50.4858],[7.1845,50.6732],[7.0254,50.8047],[6.9684,50.9981],[6.8475,51.1388],[6.7575,51.1873],[6.6895,51.3028],[6.6875,51.5244],[6.5958,51.6375],[6.3572,51.775],[6.2117,51.837],[6.0386,51.8722],[5.7805,51.8634],[5.4916,51.8779],[5.2495,51.8135],[4.9854,51.8237]]}},
{"type":"Feature","properties":{"name":"Rhône","rank":6,"min_zoom":5},"geometry":{"type":"MultiLineString","coordinates":[[[4.6174,43.71],[4.5141,43.7023],[4.4402,43.6502],[4.3712,43.5281],[4.4097,43.4472]],[[6.1333,46.2046],[5.9022,46.1226],[5.8145,46.0133],[5.7931,45.8495],[5.747,45.7371],[5.6763,45.6762],[5.5729,45.7043],[5.437,45.8214],[5.3498,45.8467],[5.191,45.7989],[4.9518,45.8081],[4.8235,45.7125],[4.8531,45.5605],[4.784,45.439],[4.7897,45.2889],[4.8582,45.0627],[4.8638,44.911],[4.7806,44.7612],[4.7724,44.6372],[4.7213,44.5734],[4.6735,44.3501],[4.6754,44.2281],[4.7593,44.0705],[4.8434,44.0124],[4.6902,43.9064],[4.6377,43.8278],[4.6314,43.6388],[4.7236,43.5537],[4.7872,43.4014]],[[8.2505,46.4823],[8.0683,46.3741],[7.9553,46.3347],[7.6529,46.3266],[7.4712,46.2775],[7.205,46.178],[7.0892,46.1518],[7.0205,46.1968],[6.8664,46.4026]]]}},
{"type":"Feature","properties":{"name":"Rio Grande","rank":4,"min_zoom":4},"geometry":{"type":"MultiLineString","coordinates":[[[-99.1721,26.5641],[-99.1078,26.4469],[-99.0153,26.399],[-98.8732,26.3812],[-98.7652,26.3404],[-98.5983,26.2379],[-98.3781,26.1824],[-98.275,26.1112],[-98.0828,26.0644],[-97.8014,26.0421],[-97.5872,25.9842],[-97.4403,25.8908],[-97.3582,25.8705],[-97.2818,25.9416],[-97.1462,25.9615]],[[-101.0386,29.4603],[-101.0163,29.4007],[-100.7546,29.1825],[-100.6586,29.0685],[-100.6363,28.9728],[-100.5497,28.8213],[-100.3317,28.5026],[-100.296,28.3277],[-100.2213,28.2426],[-100.1119,28.173],[-100.0014,28.0478],[-99.8896,27.8673],[-99.7543,27.7299],[-99.5953,27.6359],[-99.5053,27.5483],[-99.4843,27.4674],[-99.5101,27.3403],[-99.4403,27.1701],[-99.4565,27.0567]],[[-106.5664,31.8195],[-106.436,31.7645],[-106.347,31.679],[-106.2557,31.5447],[-106.1481,31.4509],[-106.0241,31.3978],[-105.8127,31.241],[-105.514,30.9808],[-105.2758,30.8073],[-104.9788,30.6459],[-104.8359,30.4477],[-104.6813,30.1344],[-104.6813,29.9905],[-104.6222,29.8543],[-104.504,29.6777],[-104.4006,29.5738],[-104.2155,29.4799],[-104.1106,29.3861],[-103.9897,29.3232],[-103.8529,29.2911],[-103.664,29.2069],[-103.4229,29.0707],[-103.2577,29.0011],[-103.1683,28.9982],[-103.09,29.0419],[-103.0228,29.1322],[-102.892,29.2164],[-102.834,29.444],[-102.7342,29.644],[-102.6149,29.7523],[-102.4762,29.7691],[-102.2689,29.8712],[-102.1631,29.8253],[-101.9909,29.7957],[-101.4404,29.7768],[-101.3803,29.7426],[-101.3035,29.6341]],[[-107.2934,32.9103],[-107.2404,32.7429],[-107.1716,32.6744],[-107.0695,32.6491],[-106.9754,32.5839],[-106.8892,32.4785],[-106.7772,32.1947],[-106.5663,31.8195]],[[-107.1814,33.1732],[-107.2798,33.1158]],[[-107.4266,37.776],[-107.0669,37.744],[-106.9243,37.8089],[-106.8139,37.7922],[-106.6881,37.7156],[-106.5416,37.6777],[-106.3742,37.6784],[-106.196,37.6473],[-105.8786,37.5249],[-105.7635,37.406],[-105.7316,37.2395],[-105.7525,37.1187],[-105.7429,36.9797],[-105.7028,36.8226],[-105.6948,36.6507],[-105.7189,36.464],[-105.7607,36.3389],[-105.8499,36.2436],[-106.0063,36.1333],[-106.0726,36.048],[-106.1661,35.8552],[-106.2677,35.7604],[-106.3432,35.6483],[-106.3925,35.5191],[-106.4873,35.3757],[-106.6276,35.2183],[-106.6924,35.0894],[-106.6818,34.989],[-106.7163,34.7809],[-106.8864,34.1471],[-106.8742,33.9279],[-106.928,33.7488],[-107.1234,33.4942],[-107.1699,33.356]]]}},
{"type":"Feature","properties":{"name":"Rosetta Branch","rank":1,"min_zoom":2},"geometry":{"type":"LineString","coordinates":[[31.2376,30.1207],[31.1633,30.1513],[30.9725,30.2454],[30.8548,30.3544],[30.8482,30.4707],[30.786,30.6664],[30.763,30.9444],[30.7152,31.0649],[30.5687,31.1702],[30.5234,31.2293],[30.4882,31.3568],[30.3951,31.4576]]}},
{"type":"Feature","properties":{"name":"Ruki","rank":6,"min_zoom":5},"geometry":{"type":"LineString","coordinates":[[18.9512,-0.2192],[18.8041,-0.1212],[18.6615,-0.0694],[18.4746,-0.0313],[18.3602,0.0125],[18.2717,0.0822],[18.1843,0.0631]]}},
{"type":"Feature","properties":{"name":"Rupert","rank":6,"min_zoom":5},"geometry":{"type":"MultiLineString","coordinates":[[[-74.8181,51.4122],[-74.4905,51.4903],[-74.3369,51.4601],[-74.2557,51.405],[-73.8911,51.3495],[-73.8466,51.2566],[-73.8608,51.1033],[-73.8151,51.0702],[-73.6414,51.0776]],[[-75.2037,51.4463],[-75.2417,51.527],[-75.4809,51.5462],[-75.8218,51.4995],[-76.5535,51.364]],[[-78.7314,51.4975],[-78.4571,51.3967],[-78.1573,51.3624],[-77.713,51.3542],[-77.3041,51.3785],[-76.9308,51.4353],[-76.8206,51.4153]]]}},
{"type":"Feature","properties":{"name":"Ruvuma","rank":6,"min_zoom":5},"geometry":{"type":"LineString","coordinates":[[35.5993,-10.8069],[35.3582,-10.712],[35.2599,-10.6955],[35.2045,-10.7755],[35.1989,-10.8789],[35.3684,-11.4061],[35.4514,-11.5895],[35.5643,-11.6023],[35.7047,-11.5322],[35.7854,-11.4529],[35.9113,-11.4546],[36.0822,-11.5373],[36.1755,-11.6093],[36.1913,-11.6707],[36.3057,-11.7063],[36.5187,-11.7162],[36.6738,-11.6843],[36.7711,-11.6104],[36.8727,-11.5713],[36.9789,-11.5669],[37.2184,-11.6865],[37.3729,-11.7104],[37.5417,-11.6751],[37.7249,-11.5806],[37.8293,-11.4819],[37.855,-11.3791],[37.9202,-11.2948],[38.1766,-11.2787],[38.3151,-11.3111],[38.4917,-11.4133],[38.7948,-11.2289],[38.9875,-11.1673],[39.171,-11.1669],[39.3216,-11.1226],[39.4392,-11.0345],[39.5635,-10.9786],[39.8171,-10.9124],[39.9887,-10.8208],[40.4636,-10.4643]]}},
{"type":"Feature","properties":{"name":"Río Grande de Santiago","rank":6,"min_zoom":5},"geometry":{"type":"MultiLineString","coordinates":[[[-102.7805,20.3099],[-102.7902,20.3679],[-103.0695,20.4433],[-103.1525,20.5251],[-103.1899,20.6629],[-103.3407,20.7946],[-103.3511,20.9105],[-103.4398,21.0513],[-103.5208,21.04],[-103.592,20.9724]],[[-103.7087,20.9376],[-103.8423,20.9888],[-103.9301,21.1181],[-104.0786,21.2051]],[[-104.0792,21.2057],[-104.2528,21.2197],[-104.3641,21.2984],[-104.4423,21.433],[-104.5262,21.502],[-104.664,21.7645],[-104.7794,21.8218],[-105.0001,21.7292],[-105.0334,21.7774]],[[-105.1041,21.8222],[-105.207,21.7947],[-105.3392,21.7054],[-105.4574,21.6725]]]}},
{"type":"Feature","properties":{"name":"S. Branch Potomac","rank":6,"min_zoom":5},"geometry":{"type":"LineString","coordinates":[[-79.5709,38.4146],[-79.3854,38.6336],[-79.2531,38.9006],[-79.1631,38.9987],[-79.0712,39.0168],[-78.9562,39.1241],[-78.818,39.3205],[-78.7054,39.4472],[-78.575,39.5329],[-78.4955,39.5334],[-78.4068,39.6279],[-78.3254,39.6392]]}},
{"type":"Feature","properties":{"name":"Sacramento","rank":5,"min_zoom":4.7},"geometry":{"type":"MultiLineString","coordinates":[[[-121.5808,38.6588],[-121.5035,38.5801],[-121.5137,38.4102],[-121.5725,38.1951],[-121.6893,38.1477],[-121.7486,38.0805]],[[-122.4106,40.7214],[-122.4321,40.6478],[-122.2437,40.4742],[-122.1498,40.3186],[-122.1871,40.2165],[-122.104,40.0669],[-122.0637,39.8996],[-121.9636,39.7502],[-121.9558,39.6323],[-122.0053,39.3166],[-121.9408,39.1864],[-121.853,39.0908],[-121.797,38.9193],[-121.7008,38.7956],[-121.5839,38.7444],[-121.5807,38.6589]]]}},
{"type":"Feature","properties":{"name":"Saint John","rank":6,"min_zoom":5},"geometry":{"type":"LineString","coordinates":[[-70.2641,46.1835],[-70.2079,46.3149],[-70.0139,46.4944],[-69.8935,46.5036],[-69.7291,46.6995],[-69.4489,46.9425],[-69.2615,47.0802],[-69.0502,47.1083],[-68.6685,47.2534],[-68.4804,47.2858],[-68.3109,47.3545],[-68.0968,47.2748],[-67.7937,47.0742],[-67.7113,46.9839],[-67.6977,46.8679],[-67.7254,46.6964],[-67.702,46.5845],[-67.6276,46.5323],[-67.5282,46.2273],[-67.5447,46.1087],[-67.4973,46.0305],[-67.3862,45.9925],[-67.2136,45.9847],[-67.0199,45.9142],[-66.9346,45.9125],[-66.7961,45.9824],[-66.6839,45.9849],[-66.5235,45.8985],[-66.2405,45.8339],[-66.131,45.7572],[-66.0652,45.6276],[-66.081,45.5201],[-66.2182,45.3787],[-66.1827,45.3352]]}},
{"type":"Feature","properties":{"name":"Salado","rank":6,"min_zoom":5},"geometry":{"type":"LineString","coordinates":[[-65.8651,-24.2084],[-65.82,-24.4167],[-65.8547,-24.5295],[-65.8307,-24.6416],[-65.7597,-24.7906],[-65.6488,-24.9255],[-65.4981,-25.046],[-65.4241,-25.1356],[-65.3821,-25.235],[-65.2902,-25.2579],[-65.2048,-25.2276],[-65.1258,-25.144],[-65.0488,-25.1185],[-64.9738,-25.151],[-64.8965,-25.2714],[-64.7223,-25.3509],[-64.6009,-25.3294],[-64.4654,-25.2568],[-64.3095,-25.1141],[-64.1995,-25.1016],[-64.117,-25.2272],[-64.0056,-25.4634],[-63.9512,-25.6134],[-63.9539,-25.6772],[-63.897,-25.7948],[-63.7806,-25.9659],[-63.738,-26.0916],[-63.7692,-26.1719],[-63.7539,-26.3057],[-63.692,-26.493],[-63.6764,-26.6581],[-63.7068,-26.8009],[-63.6907,-27.066],[-63.5761,-27.3557],[-63.5457,-27.4773],[-63.5722,-27.6632],[-63.4351,-27.9576],[-63.3213,-28.1035],[-63.1883,-28.2091],[-63.1163,-28.2961],[-63.0585,-28.4167],[-62.8831,-28.5214],[-62.7804,-28.6239],[-62.6949,-28.7792],[-62.6267,-28.9869],[-62.5036,-29.1549],[-62.3257,-29.2828],[-62.1656,-29.3585],[-62.0231,-29.3816],[-61.8963,-29.3627],[-61.7852,-29.3016],[-61.7028,-29.2992],[-61.649,-29.3553],[-61.5084,-29.4223],[-61.281,-29.5003],[-61.0645,-29.5975],[-60.8587,-29.7138],[-60.742,-29.7985],[-60.706,-29.9597],[-60.7049,-30.2227],[-60.6579,-30.3447],[-60.6686,-30.4766],[-60.618,-30.6422],[-60.6245,-30.7329],[-60.8212,-30.8308],[-60.8353,-30.9265],[-60.8065,-31.0698],[-60.8275,-31.1716],[-60.8887,-31.2796],[-60.787,-31.4468],[-60.7662,-31.6097],[-60.8109,-31.8825],[-60.7055,-31.9591]]}},
{"type":"Feature","properties":{"name":"Salween","rank":4,"min_zoom":4},"geometry":{"type":"LineString","coordinates":[[98.5079,20.9513],[98.5023,20.8284],[98.5378,20.7118],[98.6125,20.5606],[98.6597,20.4141],[98.6795,20.2723],[98.5523,20.1486],[98.1408,19.99],[97.943,19.9606],[97.7707,19.8504],[97.6961,19.7176],[97.531,19.3307],[97.4573,18.8516],[97.3534,18.8432],[97.3319,18.7785],[97.341,18.6339],[97.3807,18.4943],[97.4508,18.3597],[97.5238,18.2959],[97.5993,18.303],[97.7197,18.0374],[97.74,17.9353],[97.6986,17.8335],[97.7554,17.5715],[97.7494,17.4439],[97.6586,17.2513],[97.6086,16.9474],[97.6224,16.652],[97.6684,16.5516]]}},
{"type":"Feature","properties":{"name":"San Joaquin","rank":6,"min_zoom":5},"geometry":{"type":"MultiLineString","coordinates":[[[-119.698,37.0004],[-119.7797,36.8966],[-119.9396,36.8431],[-120.2049,36.8052],[-120.3931,36.8656],[-120.5042,37.0241],[-120.6047,37.1182],[-120.6946,37.1477],[-120.8557,37.2847],[-121.204,37.6515]],[[-118.7367,37.096],[-118.8082,37.2032],[-119.1879,37.456],[-119.2461,37.4054],[-119.3233,37.2527],[-119.4039,37.1671],[-119.5476,37.1203],[-119.6007,37.0625]],[[-121.204,37.6514],[-121.2547,37.7026],[-121.3033,37.8999],[-121.3467,37.9709],[-121.5253,38.0559]]]}},
{"type":"Feature","properties":{"name":"San Juan","rank":5,"min_zoom":4.7},"geometry":{"type":"MultiLineString","coordinates":[[[-69.4182,-31.2828],[-69.1846,-31.2688],[-69.0782,-31.2948],[-69.029,-31.3527],[-69.0022,-31.4807],[-68.8282,-31.5286],[-68.4509,-31.4715],[-68.3673,-31.5728],[-68.3701,-31.7746],[-68.3491,-31.8832],[-68.2697,-32.0724],[-68.0891,-32.074],[-67.9736,-32.1116],[-67.8792,-32.1967],[-67.7436,-32.2496],[-67.5669,-32.27],[-67.4493,-32.3075],[-67.3618,-32.3895]],[[-84.7691,11.1177],[-84.4883,11.044],[-84.3483,10.9799],[-84.2555,10.9007],[-84.1683,10.7804],[-83.9193,10.7354],[-83.8112,10.7432],[-83.6589,10.8369],[-83.6415,10.9148]],[[-86.1047,12.2076],[-85.8714,12.0978]]]}},
{"type":"Feature","properties":{"name":"Sanaga","rank":6,"min_zoom":5},"geometry":{"type":"LineString","coordinates":[[13.1261,4.9335],[12.9941,4.9839],[12.9006,4.9934],[12.6313,4.936],[12.4629,4.7825],[12.3852,4.7326],[12.28,4.7246],[12.1306,4.5752],[12.0579,4.5444],[12.0123,4.5825],[11.9071,4.5422],[11.7423,4.4235],[11.5959,4.3992],[11.468,4.4693],[11.2958,4.412],[11.0793,4.2273],[10.8594,4.1077],[10.6361,4.0532],[10.5025,4.0466],[10.4586,4.0877],[10.3923,4.0452],[10.3037,3.9192],[10.2351,3.8592],[10.116,3.8131],[10.0235,3.7033],[9.9379,3.6432],[9.7657,3.6238]]}},
{"type":"Feature","properties":{"name":"Sangha","rank":6,"min_zoom":5},"geometry":{"type":"LineString","coordinates":[[16.0977,1.6537],[16.1501,1.4874],[16.2118,1.4259],[16.3567,1.3662],[16.438,1.2676],[16.5541,1.1841],[16.6012,1.0583],[16.6644,0.7158],[16.7297,0.5238],[17.0357,0.3937],[17.1027,0.256],[17.1803,0.2109],[17.1561,0],[17.1742,-0.2144],[17.1461,-0.3461],[17.1588,-0.4395],[17.229,-0.5556],[17.2276,-0.7435],[17.103,-0.9203],[16.9903,-1.0086],[16.9126,-1.1024],[16.8491,-1.2725]]}},
{"type":"Feature","properties":{"name":"Santa Cruz","rank":5,"min_zoom":4.7},"geometry":{"type":"LineString","coordinates":[[-71.9817,-50.2237],[-71.3624,-50.2091],[-70.9368,-50.2318],[-70.8516,-50.2016],[-70.6711,-50.2043],[-70.3951,-50.2398],[-70.2393,-50.2401],[-70.1544,-50.1878],[-69.8305,-50.1869],[-69.6586,-50.1009],[-69.516,-50.0864],[-69.2945,-50.1145],[-69.1411,-50.1007],[-68.9796,-50.003]]}},
{"type":"Feature","properties":{"name":"Saskatchewan","rank":4,"min_zoom":4},"geometry":{"type":"MultiLineString","coordinates":[[[-99.3303,53.1594],[-99.2298,53.1849]],[[-105.0651,53.2404],[-104.9006,53.1638],[-104.571,53.2333],[-104.2377,53.2765],[-104.0266,53.3439],[-103.8936,53.4815]],[[-103.4206,53.6528],[-103.1286,53.7522],[-103.0447,53.8086],[-103.0496,53.9218],[-102.8995,54.0588],[-102.6857,54.0535],[-102.4344,53.9818]],[[-102.3805,53.9663],[-102.1884,53.9039],[-102.0403,53.8836],[-101.732,53.9043],[-101.4605,53.9944],[-101.3815,53.9027],[-101.2654,53.8624],[-101.0428,53.8586],[-101.0264,53.7609],[-100.9528,53.6902],[-100.7821,53.6598],[-100.5143,53.6698],[-100.3662,53.6538],[-100.3234,53.5908]]]}},
{"type":"Feature","properties":{"name":"Sassandra","rank":6,"min_zoom":5},"geometry":{"type":"MultiLineString","coordinates":[[[-7.0077,6.2639],[-6.9533,6.1853],[-6.7757,6.0538],[-6.7011,5.9733],[-6.7335,5.9023],[-6.637,5.7968],[-6.4814,5.5383],[-6.2738,5.3197],[-6.2323,5.2256],[-6.2154,5.1112],[-6.1713,5.0299],[-6.0617,4.9528]],[[-7.2363,8.9453],[-7.2009,8.8275],[-7.2199,8.6649],[-7.2008,8.5485],[-7.1421,8.398],[-7.1026,8.1719],[-7.0643,7.6433],[-7.0027,7.5963],[-7.0003,7.4814],[-7.0657,7.3858],[-7.0747,7.2849],[-7.0423,7.0418]],[[-7.1674,9.7137],[-7.2301,9.5109],[-7.2301,9.3363],[-7.2041,9.1929],[-7.2546,9.04],[-7.2363,8.9521]]]}},
{"type":"Feature","properties":{"name":"Savannah","rank":6,"min_zoom":5},"geometry":{"type":"MultiLineString","coordinates":[[[-82.2084,33.6636],[-82.0057,33.5229],[-81.9328,33.3899],[-81.6993,33.1268],[-81.5782,33.0686],[-81.4898,32.9357],[-81.4338,32.728],[-81.377,32.6075],[-81.2903,32.5572],[-81.1715,32.3801],[-81.1329,32.2747],[-81.135,32.1819],[-81.0748,32.1097],[-80.8723,32.0296]],[[-82.8186,34.366],[-82.5893,34.0174]]]}},
{"type":"Feature","properties":{"name":"Seine","rank":4,"min_zoom":4},"geometry":{"type":"LineString","coordinates":[[4.7077,47.5779],[4.5842,47.7396],[4.565,47.8915],[4.4084,48.0818],[4.2136,48.1897],[4.0961,48.2837],[3.9692,48.4274],[3.7634,48.5513],[3.5612,48.5257],[3.0384,48.3931],[2.8189,48.4093],[2.5731,48.5334],[2.4277,48.6504],[2.4039,48.8111],[2.1733,48.9041],[2.1111,48.9579],[1.9076,49.006],[1.7182,48.9917],[1.6349,49.0604],[1.4969,49.0842],[1.3537,49.2115],[1.2443,49.2207],[1.1888,49.3066],[1.0925,49.3118],[1.023,49.3812],[0.8534,49.4148],[0.7187,49.4804],[0.5851,49.4533],[0.4393,49.4732]]}},
{"type":"Feature","properties":{"name":"Selenge (Selenga)","rank":2,"min_zoom":2.1},"geometry":{"type":"MultiLineString","coordinates":[[[100.6996,49.2631],[101.0605,49.3456],[101.1642,49.4096],[101.3695,49.4553],[101.5477,49.4066],[101.9107,49.3969],[102.1479,49.3558],[102.3211,49.3548],[102.5811,49.3822],[102.9764,49.3768],[103.1816,49.3384],[103.4444,49.3615],[103.7647,49.446],[104.0121,49.484],[104.1866,49.4754],[104.3418,49.5126],[104.4775,49.5956],[104.7628,49.6925],[105.1976,49.8034],[105.6002,49.9576],[106.1554,50.254],[106.083,50.3752],[106.1147,50.4463],[106.2706,50.5589],[106.2551,50.6439],[106.3005,50.7508],[106.3004,50.9293],[106.5562,51.0209],[106.6794,51.0907],[106.8515,51.2519],[106.9915,51.3166],[107.0633,51.4241],[107.269,51.5142],[107.3906,51.6092],[107.5541,51.8533],[107.4623,52.1252],[107.3497,52.1448],[106.9996,52.1037],[106.7531,52.055],[106.6152,52.1451]],[[106.6152,52.1451],[106.6135,52.2656],[106.752,52.3165]],[[106.6152,52.1451],[106.4993,52.2339],[106.4973,52.3831]]]}},
{"type":"Feature","properties":{"name":"Semliki","rank":6,"min_zoom":5},"geometry":{"type":"MultiLineString","coordinates":[[[29.8382,-1.2004],[29.782,-1.1413],[29.6968,-1.1489],[29.4759,-1.2203],[29.3673,-1.0976],[29.3775,-0.9521],[29.4522,-0.6069]],[[29.5972,-0.1342],[29.6382,0.113],[29.6136,0.2335],[29.5371,0.3096],[29.5339,0.3864],[29.6039,0.4637],[29.7047,0.6713],[29.8335,0.7729],[30.0473,0.8635],[30.1829,0.9735],[30.2401,1.1028],[30.3211,1.1853],[30.4779,1.2388]]]}},
{"type":"Feature","properties":{"name":"Setit","rank":6,"min_zoom":5},"geometry":{"type":"LineString","coordinates":[[37.8166,13.8753],[37.6996,13.91],[37.6293,13.9704],[37.3537,14.3725],[37.2572,14.4537],[37.1326,14.4061],[37.0995,14.334],[37.0245,14.272],[36.8119,14.315],[36.6791,14.3076],[36.5424,14.2582],[36.4275,14.2496],[36.3345,14.2816],[36.2202,14.2791],[36.085,14.2421],[35.9765,14.2577],[35.895,14.3259],[35.8646,14.4249],[35.8954,14.6196]]}},
{"type":"Feature","properties":{"name":"Shatt al Arab","rank":3,"min_zoom":3},"geometry":{"type":"LineString","coordinates":[[47.4685,30.9685],[47.5818,30.8308],[47.7015,30.7541],[47.7853,30.5609],[47.9383,30.4776],[48.1475,30.4168],[48.2261,30.3214],[48.331,30.2854],[48.4014,30.1883],[48.4346,30.0376],[48.5465,29.9624]]}},
{"type":"Feature","properties":{"name":"Shiquan","rank":3,"min_zoom":3},"geometry":{"type":"LineString","coordinates":[[81.6398,31.4496],[81.5004,31.4],[81.293,31.5352],[81.1914,31.6673],[81.2132,31.8283],[81.3659,32.0019],[81.2819,32.08],[81.2515,32.2239],[81.1878,32.3246],[81.0289,32.4196],[80.7747,32.5088],[80.5347,32.553],[80.3086,32.5521],[80.0804,32.5247],[79.7346,32.4439]]}},
{"type":"Feature","properties":{"name":"Shire","rank":3,"min_zoom":3},"geometry":{"type":"MultiLineString","coordinates":[[[35.2778,-14.7575],[35.2934,-14.9206],[35.2507,-15.0568],[35.1073,-15.3026],[34.9601,-15.3719],[34.8015,-15.544],[34.7433,-15.6848],[34.7953,-15.9909],[34.8895,-16.1301],[34.9339,-16.3226],[34.9752,-16.3923],[35.1339,-16.5165],[35.2298,-16.6392],[35.2812,-16.8078],[35.2914,-17.1292],[35.2912,-17.7055]],[[35.2573,-14.5043],[35.2362,-14.4013]]]}},
{"type":"Feature","properties":{"name":"Shishhid Gol","rank":4,"min_zoom":4},"geometry":{"type":"MultiLineString","coordinates":[[[98.809,50.627],[99.0631,50.5525],[99.2066,50.7505],[99.3219,50.8093],[99.4025,50.8981],[99.4777,51.048],[99.4914,51.1488],[99.4436,51.2003],[99.4239,51.3495]],[[99.3098,51.4104],[99.0042,51.4726],[98.764,51.4745],[98.4875,51.4368],[98.2619,51.442],[98.0003,51.5141]]]}},
{"type":"Feature","properties":{"name":"Skeena","rank":6,"min_zoom":5},"geometry":{"type":"LineString","coordinates":[[-128.5703,57.079],[-128.2843,56.9074],[-127.8511,56.7166],[-127.6206,56.5745],[-127.4483,56.4172],[-127.3841,56.3219],[-127.5429,56.2783],[-127.8577,56.2742],[-127.9669,56.1687],[-127.8887,55.9045],[-127.8908,55.7791],[-127.7534,55.7556],[-127.7199,55.5937],[-127.6265,55.4049],[-127.7165,55.2182],[-127.9035,55.1259],[-128.2245,55.0734],[-128.3739,54.9673],[-128.294,54.8087],[-128.3166,54.7255],[-128.4695,54.5673],[-129.4835,54.2419],[-129.626,54.2303]]}},
{"type":"Feature","properties":{"name":"Slave","rank":2,"min_zoom":2.1},"geometry":{"type":"LineString","coordinates":[[-111.4108,59.0051],[-111.3844,59.1533],[-111.4727,59.2617],[-111.394,59.3457],[-111.4526,59.4902],[-111.4503,59.6832],[-111.6305,59.9217],[-111.7993,60.0052],[-112.0703,60.0285],[-112.206,60.0973],[-112.3296,60.2323],[-112.4651,60.3169],[-112.4614,60.4384],[-112.5467,60.5429],[-112.7344,60.5909],[-112.9779,60.8011],[-113.1298,60.7686],[-113.2472,60.9111],[-113.1336,61.0545],[-113.2149,61.2397],[-113.7044,61.2457]]}},
{"type":"Feature","properties":{"name":"Snake","rank":4,"min_zoom":4},"geometry":{"type":"MultiLineString","coordinates":[[[-113.4739,42.6748],[-113.6238,42.5779],[-113.7852,42.5377],[-114.008,42.5217],[-114.2844,42.5539],[-114.6141,42.6345],[-114.8132,42.7067],[-114.8817,42.7706],[-114.9084,42.871],[-115.0721,42.9129],[-115.1756,42.9851],[-115.3863,42.9529],[-115.5695,42.9561],[-115.8061,42.9988],[-115.974,42.9783],[-116.0794,43.0191],[-116.2571,43.1287],[-116.3863,43.2689],[-116.6056,43.3643],[-116.7069,43.4478],[-116.7851,43.5623],[-117.0064,43.6791],[-117.0638,43.7339],[-116.9576,43.9641],[-116.9498,44.119],[-116.9124,44.1995],[-117.0289,44.2755],[-117.1397,44.2903],[-117.1973,44.3438],[-117.2017,44.4362],[-117.1189,44.5783],[-116.949,44.7701],[-116.8559,44.9057],[-116.8396,44.9852],[-116.7373,45.1688],[-116.5492,45.4567],[-116.477,45.6411],[-116.6168,45.7992],[-116.7647,45.8729],[-116.8692,45.9585],[-116.9302,46.0559],[-116.943,46.2321],[-117.0699,46.4492],[-117.1624,46.4454],[-117.2842,46.5825],[-117.5035,46.7085],[-117.702,46.6976],[-117.8746,46.6178],[-118.2055,46.5773],[-118.3855,46.5902],[-118.5464,46.5266],[-118.6882,46.3865],[-118.8268,46.2911],[-119.0361,46.2065]],[[-112.8644,42.8119],[-113.0223,42.6859],[-113.1353,42.6464],[-113.3163,42.6536]],[[-111.1881,43.3389],[-111.3483,43.448],[-111.4248,43.5613],[-111.5865,43.6347],[-111.8944,43.7304],[-112.0434,43.708],[-112.0334,43.5676],[-112.0719,43.446],[-112.1588,43.3433],[-112.3116,43.2249],[-112.6393,43.0236]],[[-110.6306,43.8371],[-110.7274,43.6196],[-110.837,43.4782],[-110.7253,43.3357],[-110.8371,43.2256],[-110.9825,43.1896],[-111.0479,43.2065]]]}},
{"type":"Feature","properties":{"name":"Songhua","rank":6,"min_zoom":5},"geometry":{"type":"MultiLineString","coordinates":[[[124.6746,45.4505],[124.8144,45.4459],[124.9468,45.5228],[125.1556,45.3891],[125.3015,45.3953],[125.432,45.4632],[125.7446,45.4949],[125.888,45.5496],[125.9788,45.6524],[126.1072,45.7017],[126.2728,45.6977],[126.5337,45.7414],[126.7042,45.8762],[126.9226,45.997],[127.0834,45.9976],[127.4161,45.9223],[127.6403,46.0114],[127.7717,45.9528],[128.0556,45.918],[128.3032,45.9626],[128.5335,45.9213],[128.7619,45.9551],[128.9412,45.8994],[129.1445,45.947],[129.2465,46.0417],[129.3421,46.1833],[129.5153,46.3213],[129.6174,46.4578],[129.8315,46.5824],[129.953,46.7245],[130.1788,46.833],[130.3319,46.8346]],[[132.5619,47.7685],[132.4141,47.5668],[132.3004,47.4802],[132.1421,47.4004],[132.0074,47.2803],[131.705,47.2374],[131.1372,47.2051],[130.8097,47.1507],[130.7223,47.0742],[130.5307,46.9705],[130.4488,46.8671],[130.3302,46.8372]]]}},
{"type":"Feature","properties":{"name":"Soroksari Duna","rank":6,"min_zoom":5},"geometry":{"type":"LineString","coordinates":[[19.06,47.481],[19.0938,47.3942],[18.9743,47.2755],[18.976,47.1005],[18.9353,47.033]]}},
{"type":"Feature","properties":{"name":"South Saskatchewan","rank":6,"min_zoom":5},"geometry":{"type":"MultiLineString","coordinates":[[[-106.8532,51.2626],[-107.0152,51.3876],[-107.0622,51.5334],[-106.7438,51.7916],[-106.7547,51.9765],[-106.5737,52.1975],[-106.2944,52.4411],[-106.1481,52.616],[-106.1347,52.7221],[-106.0537,52.8734],[-105.9029,52.9317],[-105.6508,52.983],[-105.4973,53.0463],[-105.3729,53.1526],[-105.2013,53.1592],[-105.0651,53.2404]],[[-116.422,51.6673],[-116.319,51.6117],[-116.2712,51.5097],[-115.8597,51.2732],[-115.6582,51.1941],[-115.414,51.1587],[-115.3115,51.0895],[-115.1004,51.1028],[-114.7807,51.1984],[-114.4796,51.1955],[-114.1973,51.0943],[-114.0408,50.9986],[-113.9404,50.8505],[-113.5811,50.7991],[-113.31,50.8479],[-113.1905,50.8381],[-113.0025,50.7666],[-112.8093,50.7893],[-112.6315,50.7703],[-112.5235,50.729],[-112.3999,50.6263],[-112.3159,50.475],[-112.1676,50.3927],[-112.1508,50.3033],[-112.0311,50.205],[-111.8254,50.1758],[-111.6091,50.0652],[-111.6426,49.9365],[-111.607,49.9039],[-111.4225,49.9344],[-111.3423,50.001],[-111.1881,50.0549],[-110.7751,50.046],[-110.6604,50.059],[-110.58,50.1554],[-110.6316,50.2347],[-110.5937,50.4036],[-110.3907,50.4626],[-110.344,50.5896],[-110.1582,50.6611],[-110.0541,50.7537],[-110.0112,50.8836],[-109.8972,50.9383],[-109.634,50.9701],[-109.1877,51.0041],[-108.9252,51.0024],[-108.73,50.9391],[-108.5761,50.9251],[-108.4414,50.8578],[-108.3261,50.7371],[-108.2027,50.6721],[-108.0057,50.658]]]}},
{"type":"Feature","properties":{"name":"Sprague","rank":5,"min_zoom":4.7},"geometry":{"type":"LineString","coordinates":[[-120.8818,42.4004],[-121.0485,42.4407],[-121.4365,42.4817],[-121.6037,42.5247],[-121.6794,42.5833],[-121.7756,42.5785],[-121.9212,42.4751]]}},
{"type":"Feature","properties":{"name":"St. Clair","rank":3,"min_zoom":3},"geometry":{"type":"LineString","coordinates":[[-82.4172,43.0174],[-82.4883,42.7395],[-82.5453,42.6247],[-82.6451,42.558]]}},
{"type":"Feature","properties":{"name":"St. Lawrence","rank":2,"min_zoom":2.1},"geometry":{"type":"LineString","coordinates":[[-74.7089,45.0039],[-74.8566,45.0039],[-75.1794,44.8994],[-75.4013,44.7723],[-75.792,44.4971]]}},
{"type":"Feature","properties":{"name":"Stikine","rank":5,"min_zoom":4.7},"geometry":{"type":"LineString","coordinates":[[-128.1298,57.292],[-127.9392,57.3699],[-127.7051,57.3888],[-127.601,57.4319],[-127.6564,57.5763],[-127.6201,57.6785],[-127.9735,57.7219],[-128.1277,57.7617],[-128.1856,57.8257],[-128.4283,57.9555],[-128.6151,57.9761],[-128.8465,57.952],[-129.1958,57.9663],[-129.4492,57.9312],[-129.7335,57.9754],[-130.1849,58.0931],[-130.4754,58.1481],[-130.7595,58.1048],[-130.939,58.041],[-131.1902,57.9094],[-131.418,57.8208],[-131.7279,57.5532],[-131.7752,57.333],[-131.8407,57.3056],[-131.7247,57.1591],[-131.7749,56.9776],[-131.7815,56.792],[-131.8337,56.7148],[-132.2064,56.6962],[-132.3577,56.6259]]}},
{"type":"Feature","properties":{"name":"Suez Canal","rank":6,"min_zoom":5},"geometry":{"type":"MultiLineString","coordinates":[[[32.5608,30.1815],[32.5657,29.974]],[[32.3598,30.4236],[32.3035,30.593],[32.3342,30.6887],[32.3235,31.2561]]]}},
{"type":"Feature","properties":{"name":"Sukhona","rank":4,"min_zoom":4},"geometry":{"type":"MultiLineString","coordinates":[[[39.7981,59.5252],[40.2154,59.4465],[40.26,59.3227],[40.5316,59.3185],[40.9172,59.4183],[41.1551,59.3906],[41.5584,59.4301],[41.9002,59.5119],[41.9543,59.5843],[42.1688,59.6566],[42.3283,59.6701],[42.5697,59.7463],[42.7107,59.9098],[42.8526,59.9817],[43.7308,60.1902],[44.0325,60.2921],[44.2763,60.4073],[44.4916,60.4743],[44.6785,60.4932],[44.9617,60.5732],[45.4184,60.6054],[45.8306,60.6972],[46.0511,60.6986],[46.2522,60.7596],[46.3399,60.7492]],[[39.0535,59.8684],[38.9281,59.9389],[38.6562,59.9299]]]}},
{"type":"Feature","properties":{"name":"Susitna","rank":6,"min_zoom":5},"geometry":{"type":"LineString","coordinates":[[-146.6841,62.5045],[-146.8843,62.6459],[-147.1032,62.7048],[-147.3346,62.6681],[-147.4935,62.6889],[-147.8896,62.8115],[-148.1253,62.8377],[-148.5104,62.8489],[-148.8669,62.8126],[-149.188,62.8585],[-149.4527,62.855],[-149.6939,62.8029],[-150.0436,62.6188],[-150.1593,62.434],[-150.1355,62.255],[-150.1606,62.1404],[-150.0937,62.0486],[-150.1721,61.8434],[-150.3128,61.6759],[-150.5587,61.4882],[-150.5672,61.3068]]}},
{"type":"Feature","properties":{"name":"Sutlej","rank":6,"min_zoom":5},"geometry":{"type":"MultiLineString","coordinates":[[[81.3757,30.7581],[81.2938,30.7923]],[[81.1993,30.8521],[80.874,31.054],[80.7312,31.1213],[80.6284,31.1213],[80.534,31.0664],[80.4182,31.0639],[80.1066,31.2354],[79.9804,31.3359],[79.9171,31.4262],[79.7955,31.4809],[79.6157,31.5],[79.4556,31.5504],[79.3151,31.6319],[79.1708,31.6698],[79.0227,31.6639],[78.9221,31.697],[78.8691,31.7691],[78.7486,31.8369],[78.6517,31.8045],[78.5205,31.7184],[78.4048,31.6004],[78.3297,31.6004],[78.2691,31.541],[78.1534,31.5318],[77.9374,31.5532],[77.7565,31.5115],[77.6108,31.4068],[77.4955,31.3555],[77.353,31.338],[77.2705,31.2672],[77.0899,31.2727],[76.9516,31.3368],[76.8543,31.4131],[76.7646,31.4086]],[[76.4351,31.4223],[76.3753,31.3549],[76.535,31.1437],[76.5669,31.0534],[76.5261,31.003],[76.36,30.989],[76.0687,31.0114],[75.7911,31.0132],[75.5275,30.9945],[75.305,31.0347],[75.1238,31.1338],[74.984,31.1771],[74.8856,31.1648],[74.7275,31.0923],[74.5097,30.9597],[74.3394,30.8936],[74.2156,30.769],[74.009,30.5197],[73.8057,30.3634],[73.3818,30.2293],[73.295,30.1507],[73.1579,30.1236],[73.0078,30.0296],[72.8583,29.9601],[72.7098,29.915],[72.5544,29.829],[72.4261,29.8353],[72.3086,29.7937],[72.2016,29.7043],[72.1205,29.5575],[71.9051,29.487],[71.6501,29.4522],[71.5648,29.3824],[71.4181,29.3821],[71.2091,29.4131],[71.0141,29.3262]]]}},
{"type":"Feature","properties":{"name":"Severnaya Dvina","rank":4,"min_zoom":4},"geometry":{"type":"LineString","coordinates":[[46.3399,60.7492],[46.4557,60.8432],[46.5474,60.9818],[46.6171,61.1863],[46.5911,61.2873],[46.2545,61.4722],[45.9451,61.5947],[45.5507,61.7165],[45.2914,61.8396],[45.1673,61.964],[45.0632,62.1295],[44.8255,62.2901],[44.562,62.3469],[44.1839,62.3765],[43.9071,62.4418],[43.7315,62.5428],[43.4037,62.6701],[42.9236,62.8239],[42.6574,62.9345],[42.4873,63.0449],[42.2119,63.0726],[42.0773,63.1408],[42.0157,63.3288],[41.9156,63.4083],[41.8851,63.5535],[41.6339,63.639],[41.4481,63.7316],[41.6327,63.88],[41.7237,63.9995],[41.7417,64.102],[41.8571,64.1567],[41.8562,64.2442],[41.654,64.295],[41.277,64.3451],[40.949,64.4164],[40.5305,64.5554],[40.4078,64.7549]]}},
{"type":"Feature","properties":{"name":"Svir’","rank":5,"min_zoom":4.7},"geometry":{"type":"LineString","coordinates":[[32.8158,60.4819],[32.9958,60.5111],[33.2905,60.6795],[33.5832,60.7522],[33.713,60.811],[33.9181,60.9642],[34.0861,60.9257],[34.2934,60.9429],[34.8464,61.0266]]}},
{"type":"Feature","properties":{"name":"Syr Darya","rank":5,"min_zoom":4.7},"geometry":{"type":"MultiLineString","coordinates":[[[69.827,40.2727],[69.6845,40.3018],[69.4137,40.234],[69.299,40.2252],[69.1523,40.338],[69.1011,40.4612],[69.0818,40.5987],[68.8166,40.7969],[68.7016,40.8983],[68.6101,41.0224],[68.4558,41.1068]],[[67.9908,41.2547],[68.0693,41.336],[68.0865,41.4626],[68.0515,41.6583],[68.0673,41.8342],[68.2071,42.1322],[68.1877,42.1817],[68.2846,42.3021],[68.2081,42.5539],[68.2548,42.663],[68.2001,42.8251],[68.1348,42.8664],[68.0889,42.9909],[67.9286,43.0313],[67.8383,43.1211],[67.7889,43.3414],[67.6934,43.3313],[67.5145,43.4593],[67.4438,43.631],[67.3325,43.7509],[67.1949,43.8393],[67.1074,43.9487],[66.9017,44.0088],[66.7706,43.9588],[66.5605,44.009],[66.5331,44.1019],[66.4422,44.1585],[66.382,44.2679],[66.188,44.4254],[66.0195,44.457],[65.7912,44.7226],[65.6161,44.7563],[65.4934,44.8159],[65.3703,44.9269],[65.2299,44.9928],[65.0723,45.0136],[64.9044,44.9891],[64.6023,45.0516],[64.4661,45.1132],[64.3184,45.2702],[64.2206,45.3219],[64.1976,45.3935],[64.1121,45.4462],[63.883,45.5111],[63.8758,45.632],[63.7002,45.7181],[63.336,45.6347],[63.1242,45.6328],[63.0054,45.7001],[62.9003,45.7194],[62.7332,45.6908],[62.5654,45.8134],[62.3764,45.7583],[62.2461,45.772],[62.0194,45.6964],[61.897,45.7047],[61.7026,45.8328],[61.8167,45.9179],[61.7602,46.0211]],[[61.562,46.1097],[61.2642,46.051],[61.0933,46.0579],[60.878,46.1373]]]}},
{"type":"Feature","properties":{"name":"São  Francisco","rank":4,"min_zoom":4},"geometry":{"type":"MultiLineString","coordinates":[[[-45.2622,-18.2043],[-45.2424,-18.1258],[-45.1901,-18.1086],[-45.13,-17.8857],[-45.0861,-17.7971],[-45.0083,-17.7172],[-45.0266,-17.6373],[-45.0071,-17.514],[-44.9496,-17.3473],[-44.8233,-17.1303],[-44.8698,-16.9401],[-45.0277,-16.6487],[-45.0886,-16.4833],[-45.0523,-16.4438],[-45.038,-16.3157],[-45.0493,-15.9909],[-44.9221,-15.959],[-44.7442,-15.7946],[-44.5633,-15.7109],[-44.271,-15.4582],[-44.1542,-15.311],[-44.0544,-15.0566],[-43.9708,-14.926],[-43.9062,-14.7518],[-43.8609,-14.5344],[-43.8,-14.3699],[-43.7238,-14.2584],[-43.654,-14.0622],[-43.5907,-13.7814],[-43.5325,-13.6126],[-43.4794,-13.5558],[-43.4544,-13.4082],[-43.4573,-13.17],[-43.4428,-13.0082],[-43.3425,-12.8196],[-43.2377,-12.6977],[-43.2089,-12.5589],[-43.256,-12.4032],[-43.2647,-12.291],[-43.235,-12.2223],[-43.2544,-12.1296],[-43.3478,-11.9314],[-43.3359,-11.805],[-43.3696,-11.6909],[-43.2548,-11.4514],[-43.1499,-11.143]],[[-40.8182,-9.4383],[-40.6708,-9.4744],[-40.552,-9.4566],[-40.4126,-9.3969],[-40.3197,-9.2931],[-40.2732,-9.145],[-40.2123,-9.1016],[-40.0777,-9.0883],[-39.9092,-8.9802],[-39.8847,-8.8533],[-39.8349,-8.809],[-39.7384,-8.7912],[-39.6828,-8.6829],[-39.6008,-8.6196],[-39.4417,-8.5592],[-39.327,-8.5661],[-39.2566,-8.6404],[-39.0926,-8.7184],[-38.835,-8.8003],[-38.7055,-8.8799],[-38.6192,-8.896],[-38.5443,-8.8311],[-38.484,-8.8777],[-38.4822,-8.9595],[-38.4329,-9.0036],[-38.336,-9.0103],[-38.2832,-9.2036],[-38.2211,-9.3476],[-37.9382,-9.5379],[-37.1827,-9.8926],[-37.0192,-9.9571],[-36.9564,-10.0136],[-36.8798,-10.1537],[-36.7767,-10.2236],[-36.607,-10.2929],[-36.5385,-10.4106],[-36.443,-10.432],[-36.4116,-10.49]]]}},
{"type":"Feature","properties":{"name":"Sénégal","rank":4,"min_zoom":4},"geometry":{"type":"LineString","coordinates":[[-10.8924,13.7779],[-11.0112,13.8556],[-11.0622,13.9723],[-11.1295,14.0451],[-11.2456,14.1049],[-11.2295,14.1918],[-11.2996,14.3426],[-11.4768,14.4895],[-11.6177,14.557],[-11.9358,14.6467],[-12.0609,14.7295],[-12.3025,14.817],[-12.4087,14.889],[-12.4599,14.9746],[-12.5435,15.039],[-12.6596,15.0821],[-12.8585,15.2425],[-12.8627,15.3404],[-12.9309,15.453],[-12.9943,15.5049],[-13.0793,15.5104],[-13.1424,15.6033],[-13.2064,15.6169],[-13.258,15.7004],[-13.297,15.8539],[-13.4096,16.0592],[-13.5555,16.1441],[-13.6847,16.1269],[-13.7566,16.1725],[-13.8685,16.1482],[-13.9326,16.2029],[-13.975,16.3111],[-14.0857,16.4188],[-14.3001,16.5803],[-14.5337,16.656],[-15.1126,16.6449],[-15.2106,16.5826],[-15.38,16.582],[-15.5167,16.5566],[-15.6208,16.5066],[-15.7682,16.4851],[-15.959,16.4921],[-16.1683,16.5471],[-16.239,16.5313],[-16.3023,16.4513],[-16.3581,16.3072],[-16.441,16.2045],[-16.4801,16.0972],[-16.5021,15.9173],[-16.5352,15.8384]]}},
{"type":"Feature","properties":{"name":"Tajo","rank":5,"min_zoom":4.7},"geometry":{"type":"MultiLineString","coordinates":[[[-5.9956,39.8519],[-6.3261,39.7636],[-6.5329,39.7461],[-6.7261,39.7701],[-6.8964,39.7569],[-7.1177,39.6817]],[[-2.7327,40.5284],[-2.961,40.2751],[-3.0999,40.1562],[-3.2256,40.0874],[-3.3808,40.0482],[-3.5655,40.0383],[-3.7389,39.9955],[-3.901,39.9198],[-4.059,39.8811],[-4.213,39.8794],[-4.3184,39.8394],[-4.7573,39.9816],[-4.8892,39.9208],[-4.978,39.8402],[-5.071,39.803],[-5.2167,39.8121]],[[-1.9055,40.601],[-2.0601,40.7449],[-2.2424,40.8112],[-2.5768,40.7244]]]}},
{"type":"Feature","properties":{"name":"Tanana","rank":6,"min_zoom":5},"geometry":{"type":"LineString","coordinates":[[-142.0219,62.0266],[-142.071,62.0656],[-142.0514,62.2169],[-141.8172,62.3059],[-141.6019,62.4801],[-141.395,62.6037],[-141.4787,62.7712],[-141.6327,62.847],[-141.6218,62.9051],[-142.0038,63.1047],[-142.192,63.1655],[-142.5435,63.2271],[-142.7439,63.3678],[-143.0382,63.4305],[-143.1493,63.4113],[-143.6168,63.4039],[-143.7892,63.4201],[-143.8274,63.5932],[-144.101,63.688],[-144.4331,63.7224],[-144.6779,63.7911],[-144.8355,63.8942],[-144.9147,64.0338],[-145.1584,64.0841],[-145.4394,64.1084],[-145.5941,64.1602],[-146.0286,64.1924],[-146.5048,64.2775],[-146.6723,64.2562],[-146.9337,64.3833],[-147.0801,64.5819],[-147.4555,64.7536],[-147.8324,64.7955],[-147.9926,64.7832],[-148.5658,64.6204],[-148.8012,64.5828],[-149.1156,64.5818],[-149.1235,64.7415],[-149.1868,64.9009],[-149.4989,64.9091],[-149.8389,64.8144],[-150.0815,64.8322],[-150.4041,64.9303],[-150.6738,64.9772],[-150.8904,64.9731],[-151.2729,64.8997],[-151.415,64.9045],[-151.6753,65.0291],[-151.7932,65.1265],[-152.0478,65.1654]]}},
{"type":"Feature","properties":{"name":"Tapajós","rank":5,"min_zoom":4.7},"geometry":{"type":"LineString","coordinates":[[-58.6591,-10.9751],[-58.5909,-10.6644],[-58.5135,-10.5213],[-58.4042,-10.4423],[-58.3156,-10.2765],[-58.2477,-10.0241],[-58.2283,-9.8016],[-58.2575,-9.6088],[-58.3521,-9.475],[-58.512,-9.4001],[-58.6092,-9.3025],[-58.6436,-9.1823],[-58.6403,-9.0691],[-58.5991,-8.963],[-58.5146,-8.8581],[-58.3867,-8.7543],[-58.4282,-8.6679],[-58.4266,-8.523],[-58.3532,-8.2562],[-58.3288,-8.0505],[-58.3536,-7.9059],[-58.3304,-7.7801],[-58.2594,-7.6732],[-58.2238,-7.5747],[-58.2019,-7.4146],[-58.1362,-7.3402],[-58.1462,-7.2634],[-58.2284,-7.1415],[-58.386,-6.9491],[-58.4555,-6.7938],[-58.4369,-6.6758],[-58.3745,-6.5704],[-58.2685,-6.4776],[-58.1444,-6.4133],[-58.0023,-6.3775],[-57.8723,-6.318],[-57.7544,-6.2346],[-57.681,-6.1273],[-57.6523,-5.9961],[-57.492,-5.8197],[-57.2002,-5.5983],[-57.0424,-5.4348],[-57.0189,-5.329],[-56.9695,-5.2467],[-56.8945,-5.1875],[-56.8213,-5.0592],[-56.75,-4.8616],[-56.6862,-4.7445],[-56.5596,-4.7004],[-56.4752,-4.7215],[-56.3974,-4.6946],[-56.2831,-4.5333],[-56.2681,-4.4349],[-56.1553,-4.3335],[-55.9448,-4.2289],[-55.7858,-4.1276],[-55.6782,-4.0296],[-55.5668,-3.8921],[-55.3938,-3.6268],[-55.233,-3.2787],[-55.1453,-2.9817],[-55.0772,-2.6198],[-54.992,-2.4232],[-54.7982,-2.3849],[-54.639,-2.4193]]}},
{"type":"Feature","properties":{"name":"Tarim","rank":6,"min_zoom":5},"geometry":{"type":"LineString","coordinates":[[80.888,40.4671],[81.0262,40.5186],[81.2424,40.5332],[81.3426,40.5745],[81.4295,40.6587],[81.5463,40.7067],[81.693,40.7186],[81.8959,40.8083],[82.1212,40.8863],[82.4855,40.9866],[82.749,41.0042],[82.9118,40.939],[83.0823,40.928],[83.2604,40.9711],[83.6661,41.0089],[83.896,40.9977],[84.0913,41.1313],[84.2456,41.1824],[84.4765,41.195],[84.784,41.1688],[84.9844,41.1294],[85.2184,41.0282],[85.407,40.9838],[85.617,40.9925],[85.8484,41.0543],[86.0379,41.0706],[86.3349,41.0373],[86.4863,41.0579],[86.5053,41.0997],[86.3445,41.2065],[86.3716,41.2428],[86.1629,41.3521],[85.9592,41.3885],[85.8769,41.4264],[85.7863,41.5709],[85.8289,41.7067],[85.9735,41.7525],[86.0853,41.7517],[86.2119,41.8148],[86.5726,41.7833],[86.7534,41.8255]]}},
{"type":"Feature","properties":{"name":"Taritatu","rank":6,"min_zoom":5},"geometry":{"type":"LineString","coordinates":[[140.2952,-3.7112],[139.9423,-3.6292],[139.789,-3.5524],[139.5749,-3.5315],[139.487,-3.4711],[139.4156,-3.4806],[139.3353,-3.4394],[139.2104,-3.4435],[139.122,-3.4028],[139.0699,-3.3177],[138.9584,-3.2539],[138.7022,-3.1905]]}},
{"type":"Feature","properties":{"name":"Taz","rank":6,"min_zoom":5},"geometry":{"type":"LineString","coordinates":[[84.2197,62.6367],[84.5819,62.8861],[85.2449,63.0768],[85.506,63.189],[85.6167,63.3029],[85.3889,63.3913],[85.3291,63.4754],[85.1843,63.537],[84.9545,63.5761],[84.6365,63.6962],[84.3229,63.682],[84.1055,63.6226],[83.7529,63.5796],[83.7654,63.6813],[83.5294,63.7461],[83.3228,63.8837],[83.1093,63.9258],[82.9849,63.8749],[82.9998,63.8105],[82.6857,63.7633],[82.4595,63.7673],[82.4095,63.8351],[82.0767,63.9666],[81.7908,64.22],[81.6873,64.4618],[81.4393,64.5429],[81.5526,64.6993],[81.4696,64.7964],[81.5296,64.8811],[81.4303,64.9787],[81.5281,65.1122],[81.7238,65.1437],[82.0255,65.2583],[82.1156,65.3458],[82.0172,65.3877],[82.1762,65.5602],[82.3994,65.6515],[82.2787,65.9411],[82.1191,66.064],[82.214,66.1764],[82.0725,66.293],[82.2717,66.4055],[82.2157,66.4662],[82.2943,66.5376],[82.2764,66.6561],[81.8995,66.9002],[81.5266,67.0105],[80.7254,67.1197],[80.4898,67.0727],[79.6347,67.2129],[79.1308,67.3599],[78.5896,67.5785]]}},
{"type":"Feature","properties":{"name":"Tejo","rank":5,"min_zoom":4.7},"geometry":{"type":"LineString","coordinates":[[-7.1177,39.6817],[-7.4541,39.6807],[-7.6534,39.634],[-7.8276,39.5413],[-7.9822,39.4924],[-8.3756,39.468],[-8.5207,39.3712],[-8.6607,39.2493],[-8.7916,39.0782]]}},
{"type":"Feature","properties":{"name":"Tennessee","rank":5,"min_zoom":4.7},"geometry":{"type":"MultiLineString","coordinates":[[[-87.7005,34.7734],[-87.814,34.7632],[-87.9649,34.8438],[-88.1908,35.012],[-88.3062,35.1258],[-88.2818,35.2387],[-88.1905,35.3655],[-88.0342,35.4041],[-87.9858,35.5108],[-88.0199,35.6704],[-88.0103,35.7665],[-87.9432,35.9251],[-87.9754,35.9452]],[[-83.9695,35.8701],[-84.2288,35.7668],[-84.3436,35.7358],[-84.457,35.7755],[-84.5418,35.8633],[-84.6559,35.8027],[-84.7658,35.6295],[-84.8897,35.5282],[-85.013,35.3914],[-85.0915,35.2421],[-85.1823,35.1325],[-85.2854,35.0623],[-85.4241,35.0549],[-85.5589,35.0804],[-85.6349,35.0489],[-85.8394,34.8027],[-86.1147,34.5284],[-86.2941,34.4031],[-86.4616,34.4779],[-86.5462,34.5569],[-86.666,34.591],[-86.8985,34.5748]],[[-88.2833,37.0215],[-88.4717,37.0884]]]}},
{"type":"Feature","properties":{"name":"Teslin","rank":3,"min_zoom":3},"geometry":{"type":"MultiLineString","coordinates":[[[-131.2082,59.087],[-131.5132,59.0836],[-131.7925,59.141],[-131.93,59.2476],[-132.0954,59.6071]],[[-133.2448,60.4486],[-134.2882,61.0889],[-134.6465,61.3516],[-134.7368,61.517],[-134.9133,61.5697]]]}},
{"type":"Feature","properties":{"name":"Thames","rank":6,"min_zoom":5},"geometry":{"type":"LineString","coordinates":[[-2.0219,51.6859],[-1.8243,51.6521],[-1.434,51.7048],[-1.2815,51.759],[-1.2202,51.6498],[-1.1239,51.5866],[-1.0687,51.4846],[-0.9439,51.4788],[-0.8414,51.5541],[-0.7145,51.5493],[-0.5032,51.4157],[-0.3602,51.3981],[-0.2449,51.4798],[-0.0488,51.5009],[0.3845,51.4531],[0.4245,51.4656]]}},
{"type":"Feature","properties":{"name":"Thelon","rank":5,"min_zoom":4.7},"geometry":{"type":"MultiLineString","coordinates":[[[-105.9425,62.3555],[-105.6638,62.4101],[-105.3046,62.439],[-104.7723,62.4605],[-104.544,62.5002],[-104.7336,62.5891],[-104.8187,62.8081],[-104.7672,62.9368],[-104.8336,63.0715]],[[-104.7057,63.2697],[-104.6814,63.352],[-104.4893,63.5621],[-104.4678,63.6912],[-104.3536,63.7718],[-104.0502,63.8837],[-103.9006,63.9745],[-103.6921,64.2274],[-103.2171,64.3166],[-102.9661,64.3276],[-102.6762,64.263],[-102.5847,64.1647],[-102.0984,64.2348],[-101.9102,64.2981],[-101.8112,64.4113]],[[-94.2245,64.0761],[-93.6558,63.9728]],[[-101.5362,64.4932],[-100.7951,64.6041]],[[-97.1033,64.7613],[-96.5803,64.655],[-96.4235,64.4008],[-96.2734,64.3014]]]}},
{"type":"Feature","properties":{"name":"Tigris","rank":4,"min_zoom":4},"geometry":{"type":"LineString","coordinates":[[42.3766,37.0625],[42.5093,36.9407],[42.5587,36.8325],[42.7131,36.7848],[42.7608,36.7187],[42.9013,36.6616],[42.8112,36.6087],[42.7712,36.5398],[42.8443,36.4785],[43.0307,36.4247],[43.1687,36.3336],[43.2583,36.2054],[43.3175,36.0762],[43.3463,35.9459],[43.308,35.812],[43.3116,35.718],[43.2606,35.6571],[43.2624,35.4698],[43.348,35.3163],[43.5052,35.1259],[43.5684,35.0062],[43.5375,34.9572],[43.584,34.832],[43.7079,34.6305],[43.7846,34.4531],[43.8542,34.1937],[43.9603,34.0981],[44.2324,34.05],[44.4029,33.9737],[44.4273,33.9092],[44.4168,33.7394],[44.3183,33.5859],[44.3239,33.451],[44.361,33.3469],[44.48,33.2351],[44.5443,33.127],[44.6746,33.0237],[44.871,32.9252],[45.0414,32.8792],[45.0445,32.8323],[45.2248,32.778],[45.2984,32.6635],[45.3837,32.6035],[45.522,32.5557],[45.8091,32.5022],[46.0299,32.6187],[46.1366,32.6322],[46.3436,32.5416],[46.5632,32.4943],[46.6922,32.4426],[46.7352,32.3215],[46.7126,32.1494],[46.827,32.0788],[46.9399,31.9175],[47.1385,31.8258],[47.1461,31.7495],[47.2208,31.6273],[47.3629,31.4592],[47.4339,31.286],[47.4413,30.9991]]}},
{"type":"Feature","properties":{"name":"Tisa","rank":6,"min_zoom":5},"geometry":{"type":"LineString","coordinates":[[20.1789,46.2608],[20.087,46.1659],[20.0611,46.029],[20.1238,45.9223],[20.1404,45.7783],[20.0702,45.6319],[20.2228,45.4311],[20.231,45.3487],[20.3084,45.1924],[20.2823,45.1258]]}},
{"type":"Feature","properties":{"name":"Tisza","rank":6,"min_zoom":5},"geometry":{"type":"MultiLineString","coordinates":[[[21.3464,48.0263],[21.1816,48.0058],[21.1035,47.9442],[21.0571,47.8347],[20.8712,47.69],[20.5458,47.5101],[20.4,47.3822],[20.434,47.3063],[20.2138,47.1777],[20.1747,47.1191],[20.218,47.0375],[20.0797,46.8109],[20.1916,46.6529],[20.1627,46.5001],[20.2171,46.2827],[20.1789,46.2608]],[[24.2556,48.3218],[24.3325,48.2342],[24.1697,47.955],[24.0018,47.9358],[23.709,47.9826],[23.4773,48.0492],[23.3067,48.1357],[23.1461,48.1545],[22.8851,48.0914],[22.7015,48.107],[22.545,48.078],[22.4195,48.0954],[22.3252,48.159],[22.2763,48.244],[22.2729,48.3505],[22.2189,48.4147],[21.869,48.2218],[21.7498,48.1856],[21.5297,48.1748],[21.4091,48.0445],[21.339,48.0263]]]}},
{"type":"Feature","properties":{"name":"Tobol","rank":5,"min_zoom":4.7},"geometry":{"type":"LineString","coordinates":[[60.9103,51.6688],[61.0148,51.4924],[61.3631,51.4419],[61.5159,51.4544],[61.5893,51.5131],[61.6057,51.6357],[61.5651,51.8221],[61.5749,52.0164],[61.509,52.1579],[61.547,52.2527],[61.7348,52.4423],[61.8346,52.483],[62.0467,52.487],[62.2982,52.5291],[62.589,52.6091],[62.7675,52.6962],[62.8337,52.7903],[63.0237,52.8913],[63.3374,52.9992],[63.5867,53.1456],[63.864,53.4227],[63.8757,53.5671],[63.7777,53.7822],[63.7671,53.9845],[63.8772,54.1525],[64.0629,54.3029],[64.1994,54.3474],[64.59,54.4022],[64.8095,54.4804],[64.8579,54.5821],[65.0011,54.7178],[65.0087,54.8208],[64.9661,54.9727],[65.1928,55.2103],[65.2547,55.3121],[65.2298,55.3697],[65.4482,55.5006],[65.5804,55.654],[65.6107,55.7876],[65.7578,56.0273],[65.9276,56.1024],[65.9973,56.2511],[66.185,56.3081],[66.3375,56.4815],[66.3115,56.5744],[66.4016,56.7038],[66.4332,56.8185],[66.5329,56.8623],[66.5771,56.9612],[66.7306,57.071],[66.9341,57.158],[66.9534,57.2578],[67.0765,57.3388],[67.0802,57.4323],[67.1601,57.4998],[67.0913,57.5798],[67.153,57.7349],[67.3131,57.8311],[67.534,57.8644],[68.0534,57.9103],[68.0885,58.0601],[68.2183,58.1684]]}},
{"type":"Feature","properties":{"name":"Tocantins","rank":4,"min_zoom":4},"geometry":{"type":"MultiLineString","coordinates":[[[-49.1787,-15.926],[-49.2576,-15.768],[-49.3496,-15.7251],[-49.5499,-15.4791],[-49.5922,-15.3485],[-49.5639,-15.2417],[-49.3564,-15.0109],[-49.2523,-14.8447],[-49.1547,-14.7462],[-49.0635,-14.7153],[-49.0093,-14.6286],[-48.9919,-14.4862],[-49.0144,-14.3302],[-48.9732,-14.2429],[-48.7962,-14.1254],[-48.7132,-14.1111],[-48.6534,-14.1475],[-48.5463,-14.1292],[-48.3842,-13.9956],[-48.3484,-13.8547],[-48.2159,-13.8201],[-48.1161,-13.691],[-48.1,-13.5911],[-48.1228,-13.5164],[-48.1846,-13.4671],[-48.1982,-13.3292],[-48.1638,-13.1026],[-48.181,-12.8967],[-48.2843,-12.6193],[-48.2382,-12.5116],[-48.2557,-12.3705],[-48.4199,-12.2301],[-48.5242,-12.0289],[-48.6461,-11.6365],[-48.6481,-11.5358],[-48.5155,-11.3841],[-48.4886,-11.2572],[-48.5408,-11.1103],[-48.5256,-10.9788],[-48.4429,-10.8627],[-48.4169,-10.732],[-48.4475,-10.5863],[-48.4541,-10.4295],[-48.4368,-10.2616],[-48.4045,-10.1399],[-48.3573,-10.0645],[-48.3667,-9.9508],[-48.3391,-9.8737],[-48.387,-9.6852],[-48.3977,-9.5529],[-48.3787,-9.4024],[-48.3069,-9.1903],[-48.1824,-8.9168],[-48.1271,-8.7224],[-48.1411,-8.6071],[-48.106,-8.467],[-48.1126,-8.3695],[-48.162,-8.142],[-48.0867,-8.0846],[-48.011,-8.072],[-47.9626,-8.0029],[-47.9414,-7.877],[-47.862,-7.7792],[-47.7241,-7.7092],[-47.6469,-7.627],[-47.6304,-7.5324],[-47.4951,-7.3562],[-47.5458,-7.2876],[-47.6689,-7.2798],[-47.7172,-7.2222],[-47.5372,-7.0272],[-47.4705,-6.796],[-47.4056,-6.4211],[-47.397,-6.0724],[-47.4448,-5.75],[-47.4858,-5.5613],[-47.5199,-5.5064],[-47.6124,-5.455],[-47.7633,-5.4072],[-47.854,-5.3507],[-47.8846,-5.2856],[-47.9531,-5.2564],[-48.169,-5.2407],[-48.378,-5.1695],[-48.5236,-5.2204],[-48.6305,-5.3304],[-48.7231,-5.3554]],[[-49.6872,-3.8348],[-49.649,-3.361],[-49.6602,-3.0911],[-49.7083,-2.8674],[-49.7168,-2.7358],[-49.6348,-2.6524]]]}},
{"type":"Feature","properties":{"name":"Tom’","rank":6,"min_zoom":5},"geometry":{"type":"LineString","coordinates":[[89.7711,53.646],[89.3948,53.4351],[89.1764,53.4406],[89.0801,53.483],[89.033,53.564],[88.9074,53.6541],[88.4868,53.6888],[88.2318,53.6611],[87.967,53.7332],[87.5791,53.8083],[87.2543,53.7813],[87.1747,53.8609],[87.4022,54.0275],[87.517,54.1712],[87.4766,54.2878],[87.5356,54.3989],[87.4969,54.5713],[87.3999,54.6349],[87.0872,54.7158],[87.0514,54.8305],[87.1121,55.0015],[86.8425,55.0666],[86.7155,55.1404],[86.4362,55.109],[86.2623,55.3323],[86.1656,55.3853],[85.967,55.434],[85.9237,55.5026],[85.6956,55.6388],[85.537,55.6696],[85.1938,55.6797],[84.9671,55.7662],[84.9894,55.917],[84.9061,56.2346],[84.9115,56.5159],[84.7815,56.6002],[84.5973,56.8074],[84.4737,56.8464],[84.4363,56.9107]]}},
{"type":"Feature","properties":{"name":"Tongtian","rank":1,"min_zoom":2},"geometry":{"type":"LineString","coordinates":[[92.9928,34.1003],[93.0945,34.1945],[93.262,34.2224],[93.5292,34.2152],[93.7066,34.239],[93.8376,34.3209],[94.0105,34.5013],[94.1172,34.567],[94.338,34.6288],[94.4849,34.719],[94.6607,34.7407],[94.8652,34.694],[95.0182,34.6245],[95.1193,34.5322],[95.212,34.486],[95.3983,34.4422],[95.5181,34.3549],[95.5959,34.2294],[95.757,34.1114],[95.9105,33.9326],[96.0947,33.7845],[96.1963,33.781],[96.2305,33.7351],[96.3588,33.7391],[96.5292,33.6038],[96.7019,33.5163],[96.7567,33.3726],[96.873,33.3205],[96.9624,33.3345],[97.0848,33.1437],[97.2065,33.002],[97.3782,32.8478],[97.413,32.7494],[97.6243,32.6141],[98.0117,32.4417],[98.2091,32.3297],[98.2782,32.1851],[98.3945,32.051],[98.4459,31.9413],[98.4545,31.7824],[98.5415,31.6898]]}},
{"type":"Feature","properties":{"name":"Trofimovskaya Protoka","rank":5,"min_zoom":4.7},"geometry":{"type":"LineString","coordinates":[[126.4746,72.3526],[126.4444,72.5081],[126.7122,72.6847],[126.8144,72.8272],[127.0718,72.9749],[127.6411,73.0688],[127.9106,73.1318],[128.2578,73.2675]]}},
{"type":"Feature","properties":{"name":"Tshuapa","rank":6,"min_zoom":5},"geometry":{"type":"LineString","coordinates":[[24.5945,-3.1768],[24.6172,-2.9945],[24.5829,-2.9021],[24.4401,-2.7691],[24.3884,-2.656],[24.369,-2.4773],[24.2709,-2.3092],[24.0876,-2.092],[23.9708,-1.8285],[23.9205,-1.5185],[23.8477,-1.4022],[23.7076,-1.3313],[23.6686,-1.273],[23.4881,-1.2113],[23.166,-1.1462],[22.9602,-1.0639],[22.8708,-0.9646],[22.7712,-0.9049],[22.6613,-0.8847],[22.4579,-0.8025],[22.375,-0.7056],[22.2732,-0.6507],[21.7846,-0.4863],[21.624,-0.3887],[21.4747,-0.3666],[21.393,-0.3175],[21.2041,-0.3005],[20.9778,-0.2047],[20.8765,-0.197],[20.7537,-0.2816]]}},
{"type":"Feature","properties":{"name":"Tugaloo","rank":6,"min_zoom":5},"geometry":{"type":"LineString","coordinates":[[-83.3556,34.7083],[-83.1665,34.5996]]}},
{"type":"Feature","properties":{"name":"Tumatskaya Protoka","rank":5,"min_zoom":4.7},"geometry":{"type":"LineString","coordinates":[[126.4746,72.3526],[126.3094,72.4857],[126.3485,72.8953],[126.6687,73.0364],[126.6758,73.1325],[126.5525,73.3349]]}},
{"type":"Feature","properties":{"name":"Tuotuo","rank":1,"min_zoom":2},"geometry":{"type":"LineString","coordinates":[[90.7947,34.3004],[91.1516,34.3209],[91.6466,34.2814],[91.8531,34.2353],[91.9361,34.1694],[92.0373,34.1649],[92.1566,34.2216],[92.3086,34.2401],[92.4931,34.2202],[92.6197,34.1796],[92.6882,34.118],[92.7901,34.0905],[92.9928,34.1003]]}},
{"type":"Feature","properties":{"name":"Ubangi","rank":3,"min_zoom":3},"geometry":{"type":"LineString","coordinates":[[18.5967,3.6787],[18.6222,3.304],[18.4909,2.9244],[18.2116,2.4149],[18.0722,2.0133],[18.0728,1.7194],[18.0578,1.5349],[17.9025,1.1181],[17.8858,0.8569],[17.9252,0.5373],[17.8877,0.2341],[17.7731,-0.0524],[17.7241,-0.2776],[17.7529,-0.5491]]}},
{"type":"Feature","properties":{"name":"Ucayali","rank":1,"min_zoom":2},"geometry":{"type":"LineString","coordinates":[[-71.6687,-15.3364],[-71.6576,-15.2171],[-71.6036,-15.1637],[-71.6173,-15.0274],[-71.5959,-14.9357],[-71.4566,-14.6932],[-71.4574,-14.5682],[-71.5191,-14.264],[-71.5997,-14.1626],[-71.6718,-14.1301],[-71.7383,-14.0399],[-71.7993,-13.8919],[-71.9137,-13.8095],[-72.0814,-13.7927],[-72.2316,-13.7377],[-72.3641,-13.6445],[-72.5489,-13.5471],[-72.7859,-13.4456],[-72.9525,-13.4107],[-73.1278,-13.4492],[-73.2211,-13.4219],[-73.4781,-13.1746],[-73.5617,-13.0607],[-73.5838,-12.8971],[-73.6403,-12.7601],[-73.7161,-12.6449],[-73.8111,-12.5514],[-73.9161,-12.3925],[-74.0311,-12.1683],[-74.0554,-12.0073],[-73.989,-11.9094],[-74.0315,-11.718],[-74.1829,-11.4331],[-74.2581,-11.2563],[-74.2045,-11.154],[-74.1005,-11.1554],[-73.9828,-11.1883],[-73.8514,-11.2525],[-73.7188,-11.2721],[-73.7186,-11.1947],[-73.7629,-11.0482],[-73.7742,-10.9124],[-73.7526,-10.7875],[-73.8036,-10.6844],[-73.9271,-10.6033],[-74.0025,-10.5094],[-74.0299,-10.4027],[-74.0128,-10.2326],[-74.0508,-10.1731],[-74.0041,-10.0737],[-74.0713,-9.9607],[-73.9835,-9.9077],[-74.0014,-9.8325],[-74.0978,-9.829],[-74.1506,-9.7674],[-74.1599,-9.6477],[-74.2117,-9.5012],[-74.2681,-9.4887],[-74.379,-9.3672],[-74.4048,-9.2928],[-74.392,-9.1919],[-74.4592,-9.0888],[-74.5386,-8.8488],[-74.5079,-8.7324],[-74.4045,-8.6199],[-74.2656,-8.5529],[-74.2981,-8.4573],[-74.3999,-8.4857],[-74.496,-8.4462],[-74.5072,-8.321],[-74.5816,-8.2369],[-74.584,-8.1697],[-74.6654,-7.9924],[-74.7372,-7.9168],[-74.816,-7.8826],[-74.8986,-7.9215],[-74.9496,-7.8787],[-74.962,-7.7512],[-75.0128,-7.6757],[-74.9787,-7.6233],[-75.0148,-7.5583],[-74.9832,-7.4378],[-75.0187,-7.3653],[-75.1227,-7.2788],[-75.2377,-7.2498],[-75.2804,-7.1586],[-75.1512,-7.0503],[-75.166,-6.9604],[-75.0909,-6.8265],[-75.0843,-6.7475],[-75.13,-6.6654],[-75.1056,-6.5869],[-75.1778,-6.454],[-75.1511,-6.3446],[-75.1869,-6.2363],[-75.1796,-6.1567],[-75.0183,-6.0628],[-74.8882,-6.0514],[-74.8001,-5.9805],[-74.722,-5.9868],[-74.6468,-5.8626],[-74.555,-5.7583],[-74.4842,-5.7271],[-74.4342,-5.7692],[-74.3071,-5.7389],[-74.2853,-5.6695],[-74.1922,-5.6032],[-74.1618,-5.3943],[-74.089,-5.3047],[-74.0859,-5.125],[-74.049,-5.0323],[-73.8996,-5.0575],[-73.8177,-4.9943],[-73.7648,-4.8948],[-73.7136,-4.8872],[-73.7016,-4.7707],[-73.6347,-4.711],[-73.5629,-4.6961],[-73.5468,-4.6057],[-73.4903,-4.553],[-73.4886,-4.4448]]}},
{"type":"Feature","properties":{"name":"Uele","rank":3,"min_zoom":3},"geometry":{"type":"LineString","coordinates":[[28.586,3.5958],[28.4296,3.6474],[28.2386,3.6365],[28.1941,3.6948],[28.0802,3.7402],[27.8353,3.6696],[27.6959,3.6439],[27.56,3.6431],[27.4311,3.6962],[27.2275,3.8511],[27.1695,3.7888],[27.1803,3.6984],[27.1534,3.6167],[27.04,3.5165],[26.8792,3.515],[26.8335,3.5836],[26.8164,3.741],[26.7395,3.9521],[26.6563,4.0122],[26.561,3.9544],[26.2345,3.6798],[26.1567,3.6686],[26.0684,3.7031],[25.9162,3.7053],[25.8161,3.5691],[25.7619,3.5426],[25.6189,3.5759],[25.4279,3.5242],[25.3127,3.5309],[25.2259,3.5062],[25.1675,3.4501],[25.0306,3.4018],[24.9487,3.4621],[24.8386,3.4819],[24.6489,3.4769],[24.4615,3.5331],[24.2762,3.6507],[24.0812,3.7092],[23.8766,3.7085],[23.7332,3.7449],[23.6508,3.8184],[23.5449,3.8447],[23.4154,3.8239],[23.3002,3.8356],[23.1993,3.88],[23.0493,3.8851],[22.85,3.851],[22.6683,3.9092],[22.4221,4.1349],[21.9082,4.2539],[21.687,4.2814],[21.5376,4.2448],[21.3502,4.3114],[21.2297,4.3022],[21.1256,4.3322],[20.9558,4.4131],[20.793,4.4473],[20.6475,4.4356],[20.5581,4.4627],[20.3935,4.6862],[20.2263,4.8296],[20.0024,4.9447],[19.8625,5.0313],[19.8066,5.0893],[19.6861,5.1214],[19.501,5.1275],[19.3234,5.0708],[19.0685,4.8914],[18.8318,4.5234],[18.6999,4.3826],[18.5942,4.3462],[18.5675,4.2576],[18.6199,4.1166],[18.6337,3.9543],[18.5967,3.6787]]}},
{"type":"Feature","properties":{"name":"Ural","rank":4,"min_zoom":4},"geometry":{"type":"MultiLineString","coordinates":[[[58.6309,51.6951],[58.6285,51.6188],[58.7225,51.4963],[58.7441,51.3466],[58.6565,51.2473],[58.3246,51.1493],[58.1812,51.0724],[57.8013,51.0958],[57.5357,51.1645],[57.2485,51.2752],[56.9064,51.3533],[56.5097,51.399],[56.2237,51.4723],[55.8771,51.6475],[55.7087,51.6956],[55.4562,51.7352],[55.1195,51.7665],[54.6496,51.7258],[54.0466,51.6132],[53.6672,51.56],[53.4057,51.5508],[53.2274,51.485],[52.9026,51.4669],[52.7281,51.4981],[52.6257,51.4776],[52.5121,51.3906],[52.2251,51.4209],[52.0121,51.3909],[51.7688,51.2856],[51.4992,51.2049],[51.3953,51.1484],[51.3164,50.9983],[51.1825,50.826],[51.1892,50.7085],[51.136,50.5948],[51.1497,50.4784],[51.1102,50.3123],[51.3291,50.1222],[51.3196,49.9553],[51.4709,49.8018],[51.5119,49.692],[51.7605,49.4045],[51.8278,49.3744],[51.9478,49.2056],[51.8496,49.0005],[51.876,48.8154],[51.8036,48.6231],[51.667,48.5469],[51.6063,48.4687],[51.6333,48.3858],[51.5887,48.3182],[51.5694,48.1674],[51.6404,48.0164],[51.654,47.8819],[51.623,47.7158],[51.6736,47.5786],[51.8792,47.3974],[51.8716,47.3105],[51.9336,47.2036],[51.7242,46.9439]],[[59.4263,54.52],[59.1617,54.2778],[59.0947,54.093],[59.1023,54.0122],[59.1904,53.8635],[59.1685,53.7462],[59.2425,53.6098],[59.0724,53.5309],[59.0288,53.3738],[59.1356,53.2647],[58.974,53.0707],[58.9051,52.9356],[58.9041,52.8108],[58.9714,52.6965],[58.9899,52.5695],[59.0825,52.5132],[59.0622,52.42],[58.8338,52.1958]]]}},
{"type":"Feature","properties":{"name":"Uruguay","rank":6,"min_zoom":5},"geometry":{"type":"LineString","coordinates":[[-49.7367,-28.5114],[-49.8391,-28.4653],[-50.0688,-28.4444],[-50.233,-28.4686],[-50.5775,-28.3862],[-50.7361,-28.236],[-50.9658,-27.9594],[-51.1172,-27.8078],[-51.2868,-27.7163],[-51.4876,-27.5641],[-51.6447,-27.4999],[-51.8734,-27.5094],[-51.9841,-27.3766],[-52.1393,-27.2833],[-52.3481,-27.2763],[-52.5108,-27.2305],[-52.6365,-27.2595],[-52.7417,-27.2457],[-52.8264,-27.1895],[-52.9529,-27.1788],[-53.0305,-27.1374],[-53.2271,-27.1736],[-53.3048,-27.0976],[-53.4565,-27.1033],[-53.498,-27.1722],[-53.6157,-27.21],[-53.7184,-27.1575],[-53.9353,-27.1612],[-54.0401,-27.2438],[-54.2052,-27.2896],[-54.2601,-27.382],[-54.327,-27.4235],[-54.5549,-27.4541],[-54.7197,-27.5449],[-54.8291,-27.5506],[-54.9102,-27.7085],[-55.0399,-27.7678],[-55.1015,-27.8668],[-55.2437,-27.8989],[-55.3465,-27.9559],[-55.4767,-28.0893],[-55.5824,-28.121],[-55.7255,-28.2041],[-55.6873,-28.3817],[-55.8589,-28.3542],[-55.9301,-28.4729],[-56.0196,-28.5246],[-56.1029,-28.6517],[-56.2256,-28.7372],[-56.3223,-28.8524],[-56.3932,-28.9972],[-56.476,-29.0925],[-56.5707,-29.1381],[-56.7724,-29.4179],[-56.9386,-29.5948],[-57.0894,-29.7162],[-57.2246,-29.7821],[-57.3007,-29.8565],[-57.3175,-29.9394],[-57.4052,-30.0339],[-57.5639,-30.14],[-57.6458,-30.227],[-57.6509,-30.295],[-57.7127,-30.3844],[-57.8312,-30.4952],[-57.8725,-30.5911],[-57.8186,-30.712],[-57.8106,-30.8586],[-57.8983,-30.9752],[-57.8684,-31.1044],[-57.8933,-31.1954],[-58.0334,-31.4166],[-58.0538,-31.4949],[-57.988,-31.5762],[-58.0423,-31.7693],[-58.1675,-31.8727],[-58.189,-31.9243],[-58.1564,-32.0515],[-58.1648,-32.1849],[-58.123,-32.3219],[-58.2011,-32.4717]]}},
{"type":"Feature","properties":{"name":"Usumacinta","rank":5,"min_zoom":4.7},"geometry":{"type":"MultiLineString","coordinates":[[[-90.417,16.391],[-90.4711,16.4396],[-90.6341,16.5107],[-90.66,16.6309],[-90.7107,16.7081],[-90.816,16.7871],[-90.9758,16.8678],[-91.1119,16.9762],[-91.2242,17.1123],[-91.4169,17.264],[-91.4136,17.3503],[-91.5042,17.4583],[-91.4905,17.5626],[-91.3978,17.5944],[-91.3777,17.6861],[-91.4463,17.7147],[-91.494,17.7979],[-91.6414,17.7359],[-91.7319,17.7616],[-91.7898,17.8441],[-91.9929,17.8874],[-92.1375,18.0126],[-92.1443,18.1218],[-92.2123,18.2045]],[[-92.2123,18.2045],[-92.296,18.2554],[-92.4638,18.3165],[-92.6518,18.3331],[-92.6786,18.5431],[-92.7101,18.6117]],[[-92.2123,18.2045],[-92.2628,18.3606],[-92.4224,18.5306],[-92.4853,18.6648]]]}},
{"type":"Feature","properties":{"name":"Vaal","rank":4,"min_zoom":4},"geometry":{"type":"MultiLineString","coordinates":[[[25.6223,-27.6685],[25.3655,-27.7578],[25.2232,-27.8552],[25.1099,-27.9906],[24.9902,-28.0698],[24.8644,-28.0926],[24.7741,-28.1486],[24.6942,-28.3359],[24.6986,-28.4432],[24.5816,-28.5812],[24.4241,-28.5556],[24.3593,-28.4631],[24.2974,-28.4319],[24.2158,-28.4732],[24.1147,-28.5871],[24.04,-28.7235],[23.9917,-28.8822],[23.8827,-28.9894],[23.628,-29.0731]],[[28.1237,-26.8666],[27.9999,-26.7166],[27.909,-26.6944],[27.8097,-26.75],[27.5568,-26.7718],[27.5056,-26.84],[27.3505,-26.8654],[27.2122,-26.936],[27.1185,-26.9366],[26.9945,-26.8888],[26.8867,-26.9485],[26.8246,-26.9348],[26.6979,-26.9902],[26.5066,-27.1147],[26.4495,-27.177],[26.4768,-27.2786],[26.4319,-27.3976],[26.3334,-27.4072],[26.2279,-27.4603],[26.0908,-27.6035]],[[30.1347,-26.3834],[30.2097,-26.4786],[30.1883,-26.56],[30.0491,-26.7089],[29.8395,-26.8111],[29.6971,-26.8454],[29.4735,-26.8672],[29.4149,-26.9239],[29.2694,-26.9328],[29.1562,-27.0248],[29.0622,-27.0441],[28.9919,-27.0067],[28.8595,-27.028],[28.6943,-26.9767],[28.5307,-27.0429],[28.5236,-27.0144],[28.4956,-26.99]]]}},
{"type":"Feature","properties":{"name":"Verde","rank":6,"min_zoom":5},"geometry":{"type":"LineString","coordinates":[[-100.3439,22.1169],[-99.9926,21.945],[-99.9019,21.8637],[-99.7823,21.7028],[-99.6645,21.6638],[-99.5592,21.7194],[-99.4603,21.7192],[-99.3243,21.6725],[-99.1907,21.6991],[-99.0595,21.7992],[-98.807,21.8897],[-98.7279,21.9884],[-98.5899,21.9812]]}},
{"type":"Feature","properties":{"name":"Verkhniy Yenisey","rank":4,"min_zoom":4},"geometry":{"type":"MultiLineString","coordinates":[[[94.4648,51.7337],[94.0702,51.6042],[93.6464,51.566],[92.7694,51.5811],[92.3497,51.7011],[92.1516,51.7958],[92.0352,51.905],[92.0685,52.012],[92.2513,52.1168],[92.4444,52.3031],[92.4381,52.3776],[92.3576,52.4374],[92.307,52.5652],[92.1725,52.5966],[91.9104,52.594],[91.7687,52.6157],[91.6716,52.6773],[91.5409,52.6623],[91.3674,52.7136],[91.3781,52.7967],[91.5007,53.0116],[91.4679,53.1364],[91.6641,53.1734],[91.788,53.2296],[91.9548,53.3981],[91.5746,53.6206],[91.5109,53.7354]],[[92.9981,58.1001],[93.1125,58.0235],[93.2202,57.897],[93.3053,57.6367],[93.2621,57.4191],[93.2933,57.3323],[93.4528,57.1828],[93.3829,56.9933],[93.457,56.8609],[93.5797,56.8017],[93.7408,56.5956],[93.7351,56.4801],[93.64,56.3796],[93.465,56.2922],[93.4083,56.2266],[93.2275,56.1675],[93.1476,56.0854],[92.9346,56.0349],[92.5227,55.9795],[92.2998,55.9228],[92.3015,55.8131],[92.47,55.7158],[92.48,55.5975],[92.4084,55.5031]]]}},
{"type":"Feature","properties":{"name":"Victoria Nile","rank":1,"min_zoom":2},"geometry":{"type":"MultiLineString","coordinates":[[[32.8931,1.3114],[33.0112,0.8094],[33.0848,0.5885],[33.1873,0.4282]],[[32.4754,1.5516],[32.5447,1.5218]],[[31.3658,2.1929],[31.3874,2.2002],[31.7507,2.3236],[31.9484,2.3333],[32.0873,2.2655],[32.2466,2.2448],[32.3326,2.1],[32.344,1.9135],[32.2822,1.8298],[32.1042,1.6986],[32.1384,1.6524],[32.241,1.6658]]]}},
{"type":"Feature","properties":{"name":"Vilyuy","rank":6,"min_zoom":5},"geometry":{"type":"MultiLineString","coordinates":[[[126.4235,64.4029],[126.4209,64.2848],[126.3099,64.1802],[126.0938,64.0573],[125.8084,63.9641],[125.4536,63.9006],[125.1151,63.8939],[124.7929,63.9437],[124.5988,64.0207],[124.3447,64.0514],[123.6155,64.0915],[123.225,63.9441],[123.0354,63.9068],[122.9168,63.9306],[122.6069,63.9253],[122.1059,63.8911],[121.7952,63.8519],[121.5031,63.7886],[121.2799,63.795],[121.0853,63.7358],[120.9546,63.7466],[120.4824,63.6107],[120.4693,63.5244],[120.3293,63.5088],[120.0626,63.5637],[119.6738,63.566],[118.8911,63.4805],[118.8939,63.388],[118.6777,63.3136],[118.0238,63.2637],[117.7685,63.2206],[117.6419,63.1558],[117.5445,63.0494],[117.457,62.8132],[117.4812,62.7535],[117.4207,62.5727],[117.5487,62.4452],[117.573,62.3063],[117.6785,62.2277],[117.6652,62.1058],[117.5217,62.09],[117.3803,61.9922],[117.2437,61.9498],[117.0442,61.9394],[116.7817,61.9608],[116.3501,62.0564],[116.1475,62.1433],[116.1512,62.2455],[115.8346,62.3584],[115.7355,62.4669],[115.7634,62.5589],[115.4102,62.6206],[115.3195,62.6982],[115.3621,62.7761],[115.2292,62.8506],[115.2811,62.9516],[115.1977,63.0148],[115.0289,63.0427],[114.8652,63.0013],[114.6378,63.0792],[114.6539,63.1853],[114.3442,63.1451],[114.1327,63.1861],[113.9844,63.1751],[113.7517,63.2455],[113.6384,63.2147],[113.4545,63.0611],[113.3552,63.0403],[113.4307,62.873],[113.2925,62.8422],[113.225,62.9413],[112.9256,63.0555],[112.7085,62.9603],[112.4803,63.0203]],[[103.5163,65.994],[103.7694,65.9934],[104.057,65.8033],[104.2682,65.7308],[104.8108,65.6469],[105.1519,65.6828],[105.4947,65.7647],[105.7109,65.685],[105.8496,65.5873],[105.9659,65.419],[106.0969,65.4471],[106.3779,65.4244],[106.7028,65.4798],[106.8211,65.555],[107.4155,65.6179],[107.8136,65.5681],[107.8796,65.3847],[108.0644,65.2964],[108.3486,65.3143],[108.5936,65.2355],[108.7713,65.1095],[109.0035,65.1388],[109.4324,64.9866],[109.4633,64.875],[109.3168,64.7635],[109.3918,64.6748],[109.547,64.626],[109.3666,64.4838],[109.408,64.3602],[109.1144,64.2896],[109.069,64.2027],[109.5401,64.1371],[109.4049,64.0258],[109.5446,63.8181],[109.3859,63.7069],[109.2448,63.6554],[109.4107,63.5275],[109.5868,63.4555]]]}},
{"type":"Feature","properties":{"name":"Vistula","rank":5,"min_zoom":4.7},"geometry":{"type":"MultiLineString","coordinates":[[[18.8792,49.6438],[18.7882,49.8174],[18.8103,49.925]],[[18.9369,49.9319],[19.0682,49.9523],[19.1999,50.0415],[19.3483,50.0457],[19.5863,49.9992],[19.8516,50.006],[20.522,50.1373],[20.7377,50.2611],[20.8832,50.3073],[21.0819,50.3264],[21.2893,50.3856],[21.5053,50.4849],[21.6701,50.5859],[21.7837,50.6886],[21.8236,50.8457],[21.79,51.0572],[21.805,51.2391],[21.9352,51.3348],[21.9328,51.4424],[21.7317,51.5908],[21.5526,51.6472],[21.2412,51.9183],[21.2212,52.0673],[20.9738,52.3018],[20.7305,52.4164],[20.5241,52.4189],[20.2224,52.3916],[19.9636,52.4208],[19.6396,52.5493],[19.2018,52.6439],[18.9592,52.7598],[18.7659,52.9284],[18.5376,53.0383],[18.2741,53.0893],[18.1998,53.174],[18.3146,53.2926],[18.4631,53.3826],[18.6454,53.4442],[18.7394,53.5195],[18.7773,53.6738],[18.8708,53.7772],[18.8835,53.8582],[18.8386,54.0426],[18.9762,54.3489]]]}},
{"type":"Feature","properties":{"name":"Volga","rank":3,"min_zoom":3},"geometry":{"type":"MultiLineString","coordinates":[[[47.8416,46.7349],[48.1139,46.6832],[48.2199,46.6052],[48.2503,46.4836],[48.3139,46.4006],[48.4106,46.356],[48.6837,46.0862]],[[45.6636,50.2223],[45.4144,50.0561],[45.3596,49.8316],[45.3052,49.737],[45.1069,49.5132],[45.0108,49.3506],[44.9757,49.1947],[44.8418,49.0126],[44.5879,48.7275],[44.5276,48.598],[44.5955,48.5452],[44.8645,48.4657],[45.0425,48.4344],[45.2277,48.4465],[45.3374,48.4198],[45.4488,48.4607],[45.5586,48.4513],[45.798,48.3832],[46.0777,48.2184],[46.1554,48.1101],[46.1466,47.9938],[46.1932,47.9176],[46.2951,47.8815],[46.4086,47.773],[46.4979,47.7556],[46.6164,47.6729],[46.8747,47.4444],[47.0085,47.4028],[47.0817,47.3156],[47.0862,47.214],[47.4635,47.0289],[47.585,46.9422],[47.5766,46.8838],[47.6904,46.8546],[47.8003,46.7728],[47.9417,46.6089],[48.0021,46.5059],[47.9982,46.3699],[47.9164,46.2497],[47.7346,46.0574],[47.5607,45.7895],[47.6498,45.6567]],[[49.9048,53.4567],[50.0421,53.4547],[50.1485,53.3062],[50.1285,53.2356],[49.9573,53.1852],[49.7174,53.2031],[49.4276,53.1525],[49.269,53.219],[49.1195,53.2297],[48.9188,53.2085],[48.5243,53.1048],[48.5034,52.9951],[48.5614,52.9188],[48.5049,52.8164],[48.3341,52.6877],[48.1775,52.5061],[48.0349,52.2714],[47.9008,52.1248],[47.775,52.0663],[47.5066,52.0549],[47.1143,51.9188],[46.9708,51.8302],[46.7746,51.7479]],[[43.4324,56.675],[43.6569,56.4964],[43.8368,56.4035],[44.1673,56.2736],[44.2581,56.1797],[44.4509,56.1404],[44.5658,56.0858],[44.7761,56.0825],[45.0818,56.1306],[45.2809,56.137],[45.4428,56.1039],[45.5601,56.1596],[45.8057,56.2008],[45.9363,56.1605],[46.4922,56.3363],[46.6797,56.3089],[46.8566,56.2047],[47.1659,56.1508],[47.8289,56.1454],[47.9719,55.9923],[48.2123,55.8725],[48.4597,55.8253],[48.809,55.7838],[49.0025,55.693],[49.0589,55.4827]],[[37.1483,56.7524],[37.392,56.8616],[37.4774,56.9348],[37.5577,57.1063],[37.7609,57.2908]],[[32.5982,57.2504],[32.7294,56.9449],[33.0565,56.9335],[33.2824,56.8993],[33.6749,56.7653],[33.8155,56.6407],[33.9564,56.5651],[33.9797,56.5093],[33.8568,56.423],[34.4238,56.2451],[34.6684,56.2087],[34.7837,56.247],[34.9027,56.337],[34.9369,56.5455],[35.2226,56.6129],[35.3339,56.7033],[35.5234,56.7601],[35.672,56.8354],[35.9083,56.8668],[36.0657,56.8462],[36.3444,56.7581],[36.3746,56.7064]],[[41.3437,57.4931],[41.7153,57.4476],[41.8892,57.4512],[41.9891,57.4889],[42.1733,57.4847],[42.5758,57.4155]],[[40.0071,57.5667],[39.8533,57.6688],[39.7904,57.7699],[39.5171,57.9094],[39.2465,57.9897],[38.704,58.1131]],[[38.3009,57.5716],[38.4456,57.7609],[38.4796,57.8724],[38.4371,58.0175]]]}},
{"type":"Feature","properties":{"name":"Volta","rank":5,"min_zoom":4.7},"geometry":{"type":"LineString","coordinates":[[0.1034,6.3382],[0.0987,6.1881],[0.1566,6.1137],[0.2753,6.0649],[0.4702,6.0456],[0.5436,6.0211],[0.6393,5.8968],[0.6718,5.7597]]}},
{"type":"Feature","properties":{"name":"Vorma","rank":6,"min_zoom":5},"geometry":{"type":"MultiLineString","coordinates":[[[11.1702,59.3886],[11.1415,59.2998],[10.945,59.1709]],[[11.1996,59.6702],[11.1271,59.562],[11.2029,59.4982]],[[12.0276,60.5248],[12.0549,60.4923],[12.0169,60.27],[11.9254,60.2117],[11.6409,60.2276],[11.3854,60.1018],[11.1568,59.9108]]]}},
{"type":"Feature","properties":{"name":"Vuoksi","rank":6,"min_zoom":5},"geometry":{"type":"MultiLineString","coordinates":[[[30.478,60.5742],[30.5339,60.6301]],[[28.7878,61.2042],[28.822,61.1291],[29.0948,60.9517],[29.2884,60.8487],[29.5964,60.717]]]}},
{"type":"Feature","properties":{"name":"Vychegda","rank":5,"min_zoom":4.7},"geometry":{"type":"MultiLineString","coordinates":[[[53.6911,61.6498],[53.6727,61.7442],[53.5386,61.8071],[53.3327,61.7818],[53.0342,61.8652],[52.6583,61.8974],[52.5828,61.9306],[52.2411,61.9332],[51.9563,61.883],[51.8885,61.828],[51.5639,61.8401],[51.3067,61.8149],[50.8769,61.7193],[50.803,61.751],[50.762,61.9655],[50.546,62.0171],[50.3129,62.0006],[50.2472,62.0771],[50.3434,62.1666],[50.2588,62.2214],[50.0814,62.2185],[49.8656,62.174],[49.6113,62.0881],[49.3787,62.0736],[49.1678,62.1306],[48.902,62.0985],[48.5813,61.9773],[48.4002,61.8792],[48.2347,61.7091],[47.8017,61.495],[47.5569,61.4112],[47.222,61.3469],[46.5911,61.2873]],[[55.3977,62.3623],[55.1829,62.4376],[55.0155,62.4377],[54.8048,62.5097],[54.5676,62.4218],[54.2974,62.3975],[54.2233,62.2984],[54.236,62.1645],[54.2977,62.0357],[54.3936,61.944],[54.5236,61.8894],[54.8089,61.8484],[54.891,61.797],[54.8816,61.631],[54.1257,61.5322],[53.8292,61.539],[53.6837,61.6498]]]}},
{"type":"Feature","properties":{"name":"Waal","rank":4,"min_zoom":4},"geometry":{"type":"LineString","coordinates":[[4.9854,51.8237],[4.5813,51.719],[4.4184,51.74],[4.0738,51.8411],[3.9789,51.8478]]}},
{"type":"Feature","properties":{"name":"Wabash","rank":6,"min_zoom":5},"geometry":{"type":"LineString","coordinates":[[-84.7547,40.359],[-84.7936,40.5673],[-85.0072,40.6496],[-85.1561,40.7517],[-85.317,40.8257],[-85.4898,40.8716],[-85.6766,40.8634],[-85.8774,40.801],[-86.1127,40.7632],[-86.3826,40.7498],[-86.6176,40.6599],[-86.8177,40.4936],[-86.9549,40.4118],[-87.1171,40.3895],[-87.4038,40.2141],[-87.445,40.1275],[-87.4377,40.0183],[-87.3778,39.8084],[-87.4126,39.5677],[-87.4516,39.4667],[-87.5791,39.344],[-87.6473,39.1687],[-87.5303,38.9089],[-87.5295,38.7423],[-87.5838,38.6794],[-87.636,38.5426],[-87.7841,38.4191],[-87.8272,38.3356],[-87.9804,38.2492],[-87.9486,38.178],[-88.006,38.1133],[-88.0425,37.9367],[-88.0953,37.8756],[-88.042,37.7889]]}},
{"type":"Feature","properties":{"name":"Waikato","rank":6,"min_zoom":5},"geometry":{"type":"MultiLineString","coordinates":[[[175.7439,-39.0718],[175.8069,-39.0139],[175.8019,-38.9391]],[[176.0593,-38.6938],[176.125,-38.6285],[176.3037,-38.5671],[176.3026,-38.4981],[176.167,-38.4822],[176.003,-38.4054],[175.7781,-38.3938],[175.6787,-38.2738],[175.6553,-37.9632],[175.4512,-37.892],[175.2393,-37.7251],[175.1779,-37.6245],[175.1377,-37.43],[175.083,-37.3341],[174.9999,-37.2875],[174.833,-37.2917],[174.7677,-37.3391]]]}},
{"type":"Feature","properties":{"name":"Waitaki","rank":6,"min_zoom":5},"geometry":{"type":"LineString","coordinates":[[170.5105,-44.0026],[170.3868,-44.2159],[170.2786,-44.3205],[170.2572,-44.3607],[170.2234,-44.4904],[170.2833,-44.5909],[170.5578,-44.7954],[170.6554,-44.8334],[170.999,-44.9114]]}},
{"type":"Feature","properties":{"name":"Weir","rank":3,"min_zoom":3},"geometry":{"type":"LineString","coordinates":[[151.8631,-28.7393],[151.75,-28.77],[151.6727,-28.824],[151.554,-28.9553],[151.5284,-29.0349],[151.3929,-29.1395],[151.3347,-29.1043],[151.3029,-28.982],[151.2308,-28.8976],[151.1181,-28.8513],[151.0496,-28.7582],[150.8563,-28.6601],[150.7123,-28.6389],[150.4696,-28.6504]]}},
{"type":"Feature","properties":{"name":"Willamette","rank":6,"min_zoom":5},"geometry":{"type":"LineString","coordinates":[[-122.0947,43.4221],[-122.2191,43.4851],[-122.3715,43.515],[-122.4238,43.574],[-122.427,43.6721],[-122.517,43.7948],[-122.9597,44.024],[-123.1191,44.1499],[-123.184,44.323],[-123.2203,44.5131],[-123.1893,44.5989],[-123.0774,44.6797],[-123.14,44.8495],[-123.0237,44.9989],[-123.0356,45.081],[-122.9872,45.1569],[-122.9809,45.2671],[-122.7178,45.3064],[-122.6205,45.3684],[-122.6342,45.5017],[-122.7324,45.6026],[-122.7259,45.6738]]}},
{"type":"Feature","properties":{"name":"Winnipeg","rank":6,"min_zoom":5},"geometry":{"type":"MultiLineString","coordinates":[[[-94.6145,49.9927],[-94.668,50.1346],[-94.9994,50.141],[-95.0727,50.2198],[-95.1788,50.2608],[-95.2066,50.3398],[-95.3975,50.369],[-95.5056,50.3232],[-95.5998,50.2282],[-95.7257,50.1699],[-95.9866,50.1477],[-96.0523,50.2049],[-96.0259,50.2831]],[[-95.9887,50.4035],[-96.0045,50.4507],[-96.0812,50.5059],[-96.2953,50.6245]]]}},
{"type":"Feature","properties":{"name":"Xar Moron","rank":6,"min_zoom":5},"geometry":{"type":"LineString","coordinates":[[117.2087,42.5922],[117.1723,42.6132],[117.2296,42.7478],[117.1887,42.8856],[117.2218,42.994],[117.3472,43.0632],[117.5701,43.1423],[117.7456,43.1852],[118.0158,43.2202],[118.172,43.2706],[118.4705,43.2761],[118.9113,43.2369],[119.2197,43.2285],[120.7586,43.4234]]}},
{"type":"Feature","properties":{"name":"Xi","rank":4,"min_zoom":4},"geometry":{"type":"MultiLineString","coordinates":[[[113.0354,22.7953],[113.0949,22.7303],[113.264,22.3628],[113.4157,22.1784]],[[113.0354,22.7953],[113.2992,22.6984],[113.4437,22.599],[113.5522,22.5873]],[[112.9799,23.0411],[113.4453,23.0551]],[[112.8047,23.1479],[112.8912,22.9177],[112.9633,22.8223],[113.0354,22.7953]],[[112.8047,23.1479],[112.9125,23.1127],[113.0241,22.9542],[113.0903,22.9069],[113.2133,22.912],[113.3378,22.8888]],[[111.3014,23.4807],[111.4332,23.4491],[111.4988,23.3753],[111.5421,23.2487],[111.707,23.1614],[112.1372,23.0897],[112.2709,23.1421],[112.3528,23.1317],[112.4275,23.076],[112.4976,23.0775],[112.6427,23.1651],[112.8047,23.1479]]]}},
{"type":"Feature","properties":{"name":"Xiliao","rank":6,"min_zoom":5},"geometry":{"type":"LineString","coordinates":[[120.7586,43.4234],[121.0591,43.5094],[121.3493,43.5169],[121.7293,43.4743],[122.0299,43.5208],[122.2511,43.656],[122.449,43.7476],[122.6238,43.7954],[122.8861,43.8078],[123.017,43.7651],[123.2691,43.6467],[123.4046,43.6275],[123.5135,43.5608],[123.5539,43.4835]]}},
{"type":"Feature","properties":{"name":"Xingu","rank":5,"min_zoom":4.7},"geometry":{"type":"MultiLineString","coordinates":[[[-53.4441,-11.4437],[-53.3054,-11.298],[-53.2734,-11.1746],[-53.3018,-11.0249],[-53.266,-10.9173],[-53.166,-10.852],[-53.1013,-10.7061],[-53.0719,-10.4797],[-53.0323,-10.343],[-52.972,-10.2505],[-53.0108,-10.1546],[-52.9446,-10.0047],[-52.8394,-9.8841],[-52.6355,-9.7155],[-52.5899,-9.6279],[-52.4795,-9.596],[-52.3043,-9.6196],[-52.205,-9.5846],[-52.1326,-9.4001],[-52.0579,-9.3114],[-52.036,-9.2367],[-52.0833,-9.0852],[-52.0852,-8.965],[-52.1315,-8.8779],[-52.2225,-8.8238],[-52.2925,-8.7456],[-52.3415,-8.6432],[-52.4125,-8.5807],[-52.5721,-8.522],[-52.6369,-8.4002],[-52.6881,-8.1671],[-52.7654,-7.9928],[-52.7422,-7.7257],[-52.6183,-7.3654],[-52.5131,-7.131],[-52.4266,-7.0224],[-52.3102,-6.9537],[-52.1636,-6.925],[-52.0639,-6.8626],[-52.0108,-6.7667],[-52.0106,-6.6771],[-52.0633,-6.594],[-52.1319,-6.548],[-52.2164,-6.5391],[-52.3014,-6.4833],[-52.435,-6.2898],[-52.4504,-6.1716],[-52.5123,-6.0892],[-52.5355,-5.9024],[-52.58,-5.7544],[-52.6673,-5.5647],[-52.7504,-5.4447],[-52.8293,-5.3947],[-52.8818,-5.2985],[-52.9078,-5.1562],[-52.8557,-4.933],[-52.7251,-4.6289],[-52.6795,-4.4414],[-52.7139,-4.301],[-52.6649,-4.2329],[-52.6336,-4.1143],[-52.6132,-3.8606]],[[-52.6087,-3.8552],[-52.3449,-3.5948],[-52.2326,-3.4384],[-52.1838,-3.2993],[-52.1091,-3.2754],[-52.0086,-3.3669],[-51.9052,-3.543],[-51.7874,-3.5604],[-51.693,-3.445],[-51.6913,-3.3125],[-51.641,-3.2176],[-51.6565,-3.1495],[-51.8364,-3.0205],[-51.9521,-2.8871],[-52.003,-2.7654],[-51.9892,-2.6555],[-52.0391,-2.4892],[-52.153,-2.2666],[-52.2214,-2.0412],[-52.2508,-1.7462],[-52.1967,-1.6402]]]}},
{"type":"Feature","properties":{"name":"Xun","rank":4,"min_zoom":4},"geometry":{"type":"LineString","coordinates":[[110.0892,23.408],[110.2007,23.5451],[110.334,23.5555],[110.6221,23.4496],[110.7453,23.4663],[110.868,23.3966],[110.9967,23.3988],[111.3014,23.4807]]}},
{"type":"Feature","properties":{"name":"Yadkin","rank":6,"min_zoom":5},"geometry":{"type":"LineString","coordinates":[[-81.5764,36.0737],[-81.4655,36.0551],[-81.3489,36.1059],[-80.8992,36.2255],[-80.6741,36.2587],[-80.4638,36.2323]]}},
{"type":"Feature","properties":{"name":"Yamuna","rank":6,"min_zoom":5},"geometry":{"type":"LineString","coordinates":[[78.34,30.9152],[78.0724,30.7377],[77.9867,30.5677],[77.6554,30.4562],[77.5744,30.3912],[77.5701,30.2783],[77.5278,30.2027],[77.3008,30.0269],[77.187,29.8714],[77.1011,29.6609],[77.0737,29.5376],[77.0927,29.4275],[77.1446,29.3403],[77.1375,29.1911],[77.1556,29.0659],[77.2213,28.858],[77.2489,28.6465],[77.3274,28.5198],[77.4894,28.3738],[77.5205,28.2146],[77.4856,28.0804],[77.4959,27.9845],[77.5517,27.8598],[77.6812,27.7492],[77.668,27.6008],[77.7653,27.371],[77.8799,27.2692],[77.9942,27.2739],[78.0205,27.2019],[78.1561,27.1884],[78.2103,27.1127],[78.4369,27.0243],[78.4883,26.9611],[78.609,26.9102],[78.7071,26.9108],[79.0244,26.7212],[79.1358,26.5795],[79.2404,26.542],[79.2802,26.4329],[79.473,26.4162],[79.5359,26.3547],[79.5921,26.2439],[79.8043,26.1076],[79.9473,26.1251],[80.0499,26.0711],[80.1131,25.9792],[80.2113,25.9205],[80.5243,25.87],[80.5243,25.7814],[80.63,25.723],[80.897,25.6962],[81.0218,25.6049],[81.0591,25.5306],[81.1423,25.5067],[81.1759,25.4074],[81.3986,25.2887],[81.5977,25.337],[81.8036,25.3516],[81.9031,25.4146]]}},
{"type":"Feature","properties":{"name":"Yangtze","rank":1,"min_zoom":2},"geometry":{"type":"MultiLineString","coordinates":[[[113.1277,29.4628],[113.5302,29.8316],[113.6963,29.9493],[113.8599,29.9723],[113.9947,30.0501],[114.0111,30.1245],[113.9088,30.1955],[113.9405,30.2763],[114.0325,30.253],[114.1163,30.3284],[114.2885,30.5721],[114.3959,30.6644],[114.472,30.6613],[114.5579,30.6033],[114.6619,30.5821],[114.7838,30.5978],[114.8409,30.5645],[114.8332,30.4823],[114.8852,30.4231],[114.9971,30.3871],[115.0673,30.2693],[115.2518,30.1279],[115.3756,29.9662],[115.5044,29.8792],[115.638,29.8669],[115.7509,29.8285],[115.8427,29.764],[115.9828,29.746],[116.2119,29.7852]],[[116.1976,29.7514],[116.2119,29.7852]],[[116.2119,29.7852],[116.4511,29.8678],[116.6829,30.0614],[116.7758,30.0974],[116.8467,30.1677],[116.8955,30.2722],[116.8996,30.3986],[116.972,30.446],[117.1304,30.4914],[117.2122,30.5523],[117.2466,30.674],[117.6046,30.7765],[117.7249,30.8864],[117.78,31.0517],[117.8438,31.1242],[117.9681,31.1296],[117.9988,31.2016],[118.0894,31.2552],[118.2399,31.2904],[118.3119,31.3406],[118.3332,31.5099],[118.3952,31.653],[118.5147,31.8411],[118.6918,32.0744],[118.9614,32.2032],[119.3236,32.2274],[119.6431,32.2354],[119.771,32.2069],[119.8668,32.1003],[120.0739,31.9603]]]}},
{"type":"Feature","properties":{"name":"Yarkant","rank":6,"min_zoom":5},"geometry":{"type":"LineString","coordinates":[[77.5249,35.5207],[77.6376,35.5821],[77.7084,35.7152],[77.5851,35.8567],[77.5974,35.9708],[77.7042,36.1048],[77.701,36.1957],[77.5878,36.2435],[77.4709,36.3891],[77.3579,36.4371],[77.1722,36.4518],[77.0166,36.4402],[76.7826,36.3877],[76.52,36.4303],[76.4353,36.5243],[76.1822,36.6547],[76.0581,36.7556],[75.969,36.8892],[75.9471,37.0113],[75.9924,37.1218],[75.9696,37.303],[76.1419,37.3106],[76.2136,37.3823],[76.229,37.5229],[76.1879,37.7324],[76.2164,37.8748],[76.3141,37.9502],[76.4794,37.9925],[76.5968,37.9193],[76.7159,37.8948],[76.9269,37.9968],[77.2299,38.2251],[77.3685,38.4003],[77.3425,38.5222],[77.3903,38.6552],[77.512,38.7992],[77.5684,38.905],[77.5786,39.0396],[77.6248,39.1057],[77.8024,39.2041],[77.9373,39.3157],[78.1212,39.4247],[78.3539,39.5311],[78.6074,39.5968],[78.8816,39.6218],[79.1008,39.6605],[79.2652,39.7129],[79.5972,39.8621],[80.097,40.1081],[80.3768,40.2744],[80.4368,40.3608],[80.5721,40.4199],[80.888,40.4671]]}},
{"type":"Feature","properties":{"name":"Yarlung","rank":2,"min_zoom":2.1},"geometry":{"type":"LineString","coordinates":[[87.6602,29.1515],[87.7472,29.2882],[87.8233,29.3491],[88.0154,29.3805],[88.1819,29.3473],[88.2567,29.3663],[88.4297,29.3361],[88.6308,29.3507],[89.4036,29.366],[89.6988,29.359],[89.8621,29.3339],[89.9633,29.3563],[90.218,29.3441],[90.392,29.2739],[90.5056,29.2785],[90.7464,29.3399],[90.7859,29.3079],[90.8967,29.3374],[91.038,29.3165],[92.0762,29.2812],[92.4652,29.2313],[92.5513,29.1553],[92.6945,29.1013],[92.8949,29.0695],[93.0229,29.0725],[93.1169,29.1065],[93.1827,29.0293],[93.3311,29.0496],[93.4267,29.1404],[93.5681,29.1783],[93.7553,29.1632],[93.9316,29.1711],[94.2237,29.2402],[94.356,29.3095]]}},
{"type":"Feature","properties":{"name":"Yenisey","rank":4,"min_zoom":4},"geometry":{"type":"LineString","coordinates":[[83.1096,70.1095],[83.4642,69.9761],[83.5509,69.8914],[83.7906,69.7895],[84.1833,69.6704],[84.4872,69.647],[84.9058,69.7662],[85.0983,69.7877],[85.4131,69.7213],[85.8501,69.567],[85.9532,69.4895],[86.0507,69.1187],[85.9548,68.9331],[85.9915,68.8407],[86.2867,68.6658],[86.4014,68.3805],[86.5236,68.3024],[86.5356,68.2137],[86.4373,68.1143],[86.4801,67.9282],[86.4508,67.8404],[86.2861,67.66],[86.3534,67.488],[86.5679,67.4196],[86.6182,67.359],[86.6177,67.1842],[86.6984,67.0931],[86.7303,66.845],[86.6303,66.7466],[86.2863,66.5846],[86.4773,66.5638],[86.7415,66.6011],[87.0324,66.5568],[87.4582,66.3871],[87.5137,66.3196],[87.3157,66.2249],[87.3116,66.1631],[87.7618,66.1051],[87.9139,66.0617],[87.8958,65.9624],[87.7655,65.9096],[87.7926,65.8178],[87.9437,65.7727],[88.0291,65.6942],[87.9802,65.4574],[87.8224,64.8775],[87.7677,64.7867],[87.5641,64.5945],[87.5445,64.4425],[87.5793,64.2712],[87.5512,63.8855],[87.3471,63.6778],[87.3595,63.5276],[87.277,63.3575],[87.76,63.207],[88.0243,63.0925],[88.3399,62.8875],[88.4341,62.8539],[88.5103,62.7238],[88.7356,62.5354],[88.9605,62.4429],[89.0826,62.1791],[89.3252,61.8942],[89.7056,61.7508],[89.8434,61.586],[90.0523,61.6014],[90.1238,61.4939],[89.806,61.4053],[89.6846,61.3365],[89.6367,61.2438],[89.659,61.11],[89.7511,60.9352],[90.0059,60.657],[90.0558,60.4592],[90.1662,60.3811],[90.1719,60.307],[90.4948,60.1149],[90.6985,59.9272],[90.8819,59.5969],[90.9895,59.4982],[91.2067,59.3609],[91.4309,59.1633],[91.5819,59.1062],[91.7193,58.9971],[91.7178,58.9188],[91.9767,58.8764],[92.0446,58.8347],[91.982,58.7566],[92.0837,58.6494],[92.139,58.4985],[92.2755,58.4507],[92.5394,58.1989],[92.9981,58.1001]]}},
{"type":"Feature","properties":{"name":"Yuan","rank":6,"min_zoom":5},"geometry":{"type":"MultiLineString","coordinates":[[[107.5048,26.3376],[107.5009,26.2385],[107.558,26.1635],[107.7078,26.2181],[107.7798,26.358],[107.7932,26.4854],[107.9592,26.6168],[108.0052,26.6879],[108.1589,26.8118],[108.3476,26.8347],[108.5681,26.636],[108.6448,26.6177],[108.7178,26.696],[108.8686,26.5754],[109.0732,26.6082],[109.1943,26.6787],[109.4378,26.8936],[109.4406,27.0799],[109.556,27.1071],[109.6278,27.1651],[109.7187,27.1312],[109.7553,27.1904],[109.943,27.1472],[110.0505,27.1904],[110.2638,27.5037],[110.2766,27.6108],[110.3667,27.7293],[110.3468,27.8627],[110.2746,27.8965],[110.2521,27.9807],[110.1135,28.0761],[110.1792,28.1933],[110.1746,28.2746],[110.2721,28.3202],[110.4189,28.4864],[110.4772,28.6017],[110.6331,28.69],[110.8866,28.7513],[111.1494,28.8379],[111.2785,28.7621],[111.4046,28.7906],[111.5224,28.9861],[111.6788,29.0127],[111.7444,28.9877],[111.865,29.0116],[111.9929,28.9848]],[[112.9049,29.0314],[112.9935,29.1474]],[[113.0693,29.3877],[113.1277,29.4628]]]}},
{"type":"Feature","properties":{"name":"Yukon","rank":3,"min_zoom":3},"geometry":{"type":"MultiLineString","coordinates":[[[-134.9155,61.5679],[-134.8703,61.6284],[-134.946,61.7589],[-134.9615,61.9122],[-135.419,62.0236],[-135.6287,62.0487],[-135.9281,62.0456],[-136.3071,62.1212],[-136.3778,62.1968],[-136.3538,62.2754],[-136.5834,62.4279],[-137.3561,62.7812],[-137.7327,62.8195],[-138.3982,62.8006],[-139.4178,63.0106],[-139.532,63.0711],[-139.5644,63.1613],[-139.4724,63.2882],[-139.5061,63.3527],[-139.7304,63.5126],[-139.7594,63.674],[-139.7208,63.9324],[-139.4816,64.057],[-139.5875,64.2268],[-139.849,64.2966],[-140.2959,64.3674],[-140.4773,64.4256],[-140.4792,64.5261],[-140.7302,64.5849],[-141.0648,64.7256],[-141.176,64.833],[-141.1288,64.8878],[-141.3735,64.9659],[-141.4045,65.086],[-141.7675,65.1834],[-142.0022,65.3003],[-142.6548,65.393],[-142.9289,65.3548],[-143.2273,65.3592],[-143.5889,65.4268],[-143.6982,65.5183],[-144.0851,65.6554],[-144.0297,65.812],[-144.0482,65.9137],[-144.6244,66.2151],[-144.8739,66.3861],[-145.2189,66.5368],[-145.4534,66.5866],[-145.828,66.6107]],[[-163.2588,62.0161],[-163.2416,61.8855],[-163.3883,61.8291],[-163.5385,61.8316],[-163.7049,61.7831],[-163.8363,61.7971],[-164.0868,61.8788],[-164.2641,61.789],[-164.5598,61.7419],[-164.7458,61.7616],[-164.8692,61.665],[-164.7663,61.6287],[-164.7781,61.5509],[-165.0074,61.4804],[-165.1882,61.3922],[-165.2439,61.2688]],[[-163.2588,62.0161],[-163.4345,62.0605],[-163.7309,62.0923],[-163.9037,62.1336],[-163.9479,62.2483],[-163.8607,62.4479],[-164.0668,62.6427],[-164.2219,62.7101],[-164.4817,62.7453],[-164.5894,62.7094]],[[-145.828,66.6107],[-146.6642,66.5081],[-147.0154,66.4446],[-147.1586,66.386],[-147.5093,66.3438],[-147.5848,66.2843],[-148.0791,66.2609],[-148.3642,66.2246],[-148.7287,66.1037],[-148.9714,66.0767],[-149.1746,65.9906],[-149.284,65.9049],[-149.7137,65.9099],[-149.9204,65.8901],[-150.0582,65.8299],[-149.8271,65.7554],[-149.8585,65.6789],[-150.1253,65.6406],[-150.1833,65.5652],[-150.3244,65.5202],[-150.5486,65.5054],[-150.7919,65.4463],[-151.0543,65.3429],[-151.4011,65.2598],[-152.0478,65.1654],[-152.3492,65.1239],[-152.6989,65.1822],[-153.0071,65.1915],[-153.2146,65.1239],[-153.4762,65.1288],[-153.7399,65.0838],[-154.1222,64.9764],[-154.4025,64.927],[-154.5807,64.9356],[-155.1341,64.867],[-155.5755,64.7557],[-155.754,64.7637],[-155.9984,64.7208],[-156.7326,64.6642],[-157.0359,64.7949],[-157.5095,64.8436],[-157.7691,64.8503],[-157.9134,64.8575],[-158.1686,64.6813],[-158.2864,64.6428],[-158.6785,64.3428],[-158.6737,64.1383],[-158.8257,63.9941],[-159.1488,63.884],[-159.3185,63.7431],[-159.4582,63.5749],[-159.448,63.4367],[-159.7251,63.2135],[-159.8257,63.0349],[-160.0189,62.9157],[-160.1436,62.7171],[-160.1703,62.5859],[-159.9752,62.3707],[-159.9556,62.2799],[-159.7443,62.2143],[-159.8517,62.0858],[-160.0322,62.0331],[-160.0928,61.973],[-160.336,61.9407],[-160.7617,61.9361],[-161.0671,61.9068],[-161.3386,61.805],[-161.3464,61.72],[-161.5276,61.6372],[-161.9204,61.5757],[-162.0227,61.7449],[-162.1347,61.8635],[-162.3666,61.9244],[-162.4696,61.9937],[-162.6135,61.9844],[-162.6908,61.9232],[-162.8883,61.94],[-163.043,61.9075],[-163.2588,62.0161]],[[-145.828,66.6107],[-145.8329,66.611]],[[-145.8255,66.611],[-145.828,66.6107]]]}},
{"type":"Feature","properties":{"name":"Za","rank":2,"min_zoom":2.1},"geometry":{"type":"LineString","coordinates":[[94.084,33.1559],[94.4477,33.1633],[94.5066,33.2043],[94.7771,33.1806],[95.0261,33.0826],[95.1061,32.9662],[95.2252,32.9146],[95.4469,32.8702],[95.5809,32.8146],[95.7276,32.6722],[95.8823,32.5875],[96.0107,32.5525],[96.1827,32.5624],[96.3812,32.4333],[96.4546,32.3434],[96.5069,32.2252],[96.5855,32.155],[96.7699,32.0854],[96.8738,31.9734],[96.9413,31.9655]]}},
{"type":"Feature","properties":{"name":"Zambezi","rank":3,"min_zoom":3},"geometry":{"type":"MultiLineString","coordinates":[[[36.0389,-18.3372],[36.1052,-18.4244],[36.1403,-18.5361],[36.1205,-18.6775],[36.1534,-18.7948],[36.125,-18.8424]],[[36.0389,-18.3372],[36.498,-18.5758]],[[28.7606,-16.5321],[28.8327,-16.4241],[28.8568,-16.3062],[28.8756,-16.0362],[28.973,-15.9501],[29.2879,-15.7765],[29.4873,-15.6968],[29.7296,-15.6446],[30.7964,-15.642]],[[32.7075,-15.58],[32.9252,-15.5858],[33.028,-15.6336],[33.0887,-15.7253],[33.2034,-15.8349],[33.3722,-15.9625],[33.5637,-16.1467],[33.8851,-16.5075],[33.9842,-16.5986],[34.2055,-16.6972],[34.5821,-16.8336],[34.7951,-16.9225],[34.8969,-17.0585],[34.9806,-17.2797],[35.0961,-17.5205],[35.1868,-17.6357],[35.2912,-17.7055],[35.4803,-17.92],[35.6023,-18.0132],[35.7547,-18.08],[35.8464,-18.1459],[35.9415,-18.2748],[36.0389,-18.3372]],[[24.2655,-11.3791],[24.3268,-11.3107],[24.3077,-11.1412],[24.2265,-11.1007],[24.0222,-11.1259],[23.7504,-11.3323],[23.5988,-11.4231],[23.4767,-11.4671],[23.3305,-11.5856],[23.173,-11.6861],[22.9148,-11.8227],[22.7596,-11.9521],[22.7074,-12.074],[22.5881,-12.2275],[22.5528,-12.3463],[22.5444,-12.5224],[22.5809,-12.6899],[22.662,-12.8489],[22.6976,-12.965],[22.6873,-13.0383],[22.7526,-13.1325],[23.023,-13.355],[23.1368,-13.6299],[23.2283,-13.7846],[23.2067,-13.9093],[23.228,-13.9928],[23.1967,-14.1306],[23.2184,-14.3239],[23.1893,-14.4427],[23.1073,-14.5728],[23.0338,-14.7843],[22.9686,-15.0772],[22.9818,-15.2781],[23.0734,-15.3868],[23.1359,-15.5636],[23.0994,-15.6662],[23.1892,-15.8375],[23.2465,-16.0131],[23.292,-16.264],[23.4917,-16.549],[23.8457,-16.868],[24.0765,-17.1401],[24.2382,-17.4781],[24.7329,-17.5177],[24.9324,-17.5435],[25.0921,-17.6343],[25.2593,-17.794],[25.4517,-17.8452],[25.6396,-17.8241],[25.7416,-17.8582],[25.8633,-17.9519],[25.9959,-17.9698],[26.1395,-17.9117],[26.3334,-17.9293],[26.5775,-18.0226],[26.7799,-18.0415],[27.0208,-17.9584]]]}},
{"type":"Feature","properties":{"name":"","rank":6,"min_zoom":5},"geometry":{"type":"LineString","coordinates":[[170.0013,-44.2862],[170.11,-44.2912],[170.2572,-44.3607]]}},
{"type":"Feature","properties":{"name":"","rank":6,"min_zoom":5},"geometry":{"type":"LineString","coordinates":[[170.2041,-44.1711],[170.2786,-44.3205]]}},
{"type":"Feature","properties":{"name":"","rank":6,"min_zoom":5},"geometry":{"type":"MultiLineString","coordinates":[[[-103.5499,58.4551],[-103.6654,58.5445]],[[-103.7858,58.691],[-103.9988,58.8093],[-103.9625,58.9271],[-104.1442,58.9787],[-104.4953,59.0227],[-104.7919,59.0365],[-104.9201,59.0801],[-105.0123,59.1732]],[[-105.5498,59.1503],[-105.572,59.2211],[-105.6891,59.2513],[-106.0182,59.2713]]]}},
{"type":"Feature","properties":{"name":"","rank":6,"min_zoom":5},"geometry":{"type":"LineString","coordinates":[[-137.0001,61.2271],[-137.0903,60.9103],[-137.3482,60.8239],[-137.6641,60.7938],[-137.7679,60.7571],[-137.8448,60.6067],[-137.8783,60.4123],[-137.9975,60.2309],[-137.8632,60.0674],[-137.863,59.9836],[-137.9906,59.8811],[-137.9293,59.8109],[-137.9722,59.7382],[-137.8296,59.5871],[-137.8242,59.5102],[-138.1837,59.4013],[-138.2598,59.3197],[-138.1822,59.202],[-138.2393,59.1758],[-138.5149,59.1659]]}},
{"type":"Feature","properties":{"name":"","rank":6,"min_zoom":5},"geometry":{"type":"LineString","coordinates":[[-123.472,65.1517],[-123.737,65.0624],[-124.2055,65.0264],[-124.9656,65.0142],[-125.4096,64.9821],[-125.619,64.8953]]}},
{"type":"Feature","properties":{"name":"","rank":6,"min_zoom":5},"geometry":{"type":"LineString","coordinates":[[168.7748,-45.3271],[168.7244,-45.4612],[168.6366,-45.5697],[168.7116,-45.6692],[168.7007,-45.7892],[168.9223,-46.0278],[168.9574,-46.1069],[168.929,-46.2093],[168.7986,-46.4476],[168.7668,-46.5663]]}},
{"type":"Feature","properties":{"name":"","rank":5,"min_zoom":4.7},"geometry":{"type":"LineString","coordinates":[[-72.9913,46.1774],[-73.1463,46.1235],[-73.164,46.0442]]}},
{"type":"Feature","properties":{"name":"","rank":5,"min_zoom":4.7},"geometry":{"type":"MultiLineString","coordinates":[[[-103.4474,61.3656],[-103.4681,61.2829],[-103.6991,61.1263],[-103.7594,61.0504],[-103.7164,60.9518]],[[-103.1577,61.8362],[-103.2355,61.7727],[-103.2195,61.681]],[[-99.6176,62.3009],[-98.5742,62.252],[-98.2093,62.2521],[-98.206,62.3798],[-98.3497,62.6156]],[[-101.3663,62.3499],[-101.3184,62.3448]],[[-100.7348,62.3555],[-100.552,62.3551]],[[-102.7366,62.4103],[-102.9194,62.3185]],[[-101.831,62.52],[-101.5294,62.664]],[[-102.0347,62.9246],[-102.3786,62.7904],[-102.6604,62.7596]],[[-97.6302,62.9793],[-97.6098,63.0471],[-97.459,63.1575]],[[-97.2875,63.5137],[-97.2354,63.5733],[-96.9519,63.6366]],[[-95.8782,63.6565],[-95.6775,63.7982],[-95.4971,64.05]]]}},
{"type":"Feature","properties":{"name":"","rank":5,"min_zoom":4.7},"geometry":{"type":"MultiLineString","coordinates":[[[106.464,10.2983],[106.3854,10.33],[106.1376,10.3061]],[[106.1376,10.3061],[105.931,10.2836]],[[106.1376,10.3061],[106.1838,10.2534],[106.292,10.2618],[106.3599,10.2109],[106.468,10.0504],[106.6581,9.9487]]]}},
{"type":"Feature","properties":{"name":"","rank":5,"min_zoom":4.7},"geometry":{"type":"LineString","coordinates":[[-101.1628,62.3667],[-101.3184,62.3448]]}},
{"type":"Feature","properties":{"name":"Garonne","rank":6,"min_zoom":5},"geometry":{"type":"LineString","coordinates":[[1.4545,43.4153],[1.3615,43.6886],[1.22,43.8807],[1.0823,44.031],[0.8607,44.1258],[0.509,44.2152],[0.3235,44.2953],[0.2551,44.4221],[0.0032,44.5609],[-0.2236,44.5876],[-0.3433,44.6356],[-0.534,44.7955],[-0.5485,45.0006]]}},
{"type":"Feature","properties":{"name":"Loire","rank":5,"min_zoom":4.7},"geometry":null},
{"type":"Feature","properties":{"name":"Loire","rank":5,"min_zoom":4.7},"geometry":{"type":"MultiLineString","coordinates":[[[3.0833,46.9854],[3.0219,47.1493],[2.9159,47.2872],[2.9175,47.4234],[2.7886,47.5896],[2.6143,47.6911],[2.3599,47.8036],[2.1454,47.8713],[1.9708,47.8942],[1.7685,47.8663],[1.3644,47.5869],[1.1582,47.4737],[0.8154,47.3958],[0.6353,47.3863],[0.4278,47.3406],[0.2074,47.244],[0.0754,47.2182],[-0.0383,47.249],[-0.2164,47.3642],[-0.418,47.4024],[-0.7312,47.371],[-1.0564,47.3746],[-1.2487,47.3364],[-1.4166,47.2576],[-1.6325,47.2016],[-1.7425,47.216]],[[3.0831,46.985],[3.2486,46.9516],[3.3289,46.846],[3.4895,46.8291],[3.6255,46.7403],[3.7244,46.6385],[3.7491,46.5579],[3.9839,46.4601],[4.0395,46.2383],[4.1013,46.1656],[4.1013,46.0628],[4.0333,45.9769],[4.1569,45.8523],[4.2125,45.7446],[4.2558,45.4766],[4.2001,45.3682],[4.0827,45.2378],[3.953,45.1986],[3.9097,45.1158],[3.9283,44.8711],[4.1693,44.7747],[4.2001,44.8229]]]}}
]}
